{
"type": "FeatureCollection",
"name": "combined_osm",
"xy_coordinate_resolution": 0.000000,
"features": [
{ "type": "Feature", "id": "map — points_26667184", "properties": { "address": null, "barrier": null, "highway": null, "is_in": null, "man_made": null, "name": null, "osm_id": "26667184", "other_tags": "\"cycle_network\"=>\"RadRegionRheinland\",\"expected_rcn_route_relations\"=>\"3\",\"network:type\"=>\"node_network\",\"rcn_ref\"=>\"73\"", "place": null, "ref": null, "source_layer": "map — points" }, "geometry": { "type": "Point", "coordinates": [ 7.0913607, 50.7254601 ] } },
{ "type": "Feature", "id": "map — points_387398162", "properties": { "address": null, "barrier": null, "highway": null, "is_in": null, "man_made": null, "name": "Mahlzeit", "osm_id": "387398162", "other_tags": "\"addr:city\"=>\"Bonn\",\"addr:housenumber\"=>\"180\",\"addr:postcode\"=>\"53115\",\"addr:street\"=>\"Meckenheimer Allee\",\"amenity\"=>\"fast_food\",\"cuisine\"=>\"kebab;pizza\",\"delivery\"=>\"yes\",\"indoor_seating\"=>\"yes\",\"opening_hours\"=>\"Mo-Sa 12:00-21:00; Su,PH 13:00-21:30\",\"outdoor_seating\"=>\"yes\",\"phone\"=>\"+49 228 62988887\",\"wheelchair\"=>\"no\"", "place": null, "ref": null, "source_layer": "map — points" }, "geometry": { "type": "Point", "coordinates": [ 7.0897814, 50.7244543 ] } },
{ "type": "Feature", "id": "map — points_678973936", "properties": { "address": null, "barrier": null, "highway": null, "is_in": null, "man_made": null, "name": "Mineralogisches Museum", "osm_id": "678973936", "other_tags": "\"check_date\"=>\"2025-12-23\",\"fee\"=>\"yes\",\"opening_hours\"=>\"We,Fr 15:00-18:00; Su 10:00-17:00\",\"tourism\"=>\"museum\",\"website\"=>\"https://www.steinmann.uni-bonn.de/museen/mineralogisches-museum\",\"wheelchair\"=>\"limited\",\"wikidata\"=>\"Q1936602\",\"wikimedia_commons\"=>\"Category:Mineralogisches Museum der Universität Bonn\",\"wikipedia\"=>\"de:Mineralogisches Museum der Universität Bonn\"", "place": null, "ref": null, "source_layer": "map — points" }, "geometry": { "type": "Point", "coordinates": [ 7.0917772, 50.7252388 ] } },
{ "type": "Feature", "id": "map — points_678973937", "properties": { "address": null, "barrier": null, "highway": null, "is_in": null, "man_made": null, "name": "Zoologisches Institut", "osm_id": "678973937", "other_tags": "\"addr:city\"=>\"Bonn\",\"addr:country\"=>\"DE\",\"addr:housenumber\"=>\"169\",\"addr:postcode\"=>\"53115\",\"addr:street\"=>\"Meckenheimer Allee\",\"operator\"=>\"Universität Bonn\",\"wheelchair\"=>\"limited\",\"wheelchair:description\"=>\"Aufzug vorhanden, nur mit Schlüssel zugänglich\"", "place": null, "ref": null, "source_layer": "map — points" }, "geometry": { "type": "Point", "coordinates": [ 7.092347, 50.7249324 ] } },
{ "type": "Feature", "id": "map — points_1563984291", "properties": { "address": null, "barrier": "gate", "highway": null, "is_in": null, "man_made": null, "name": null, "osm_id": "1563984291", "other_tags": "\"access\"=>\"no\",\"locked\"=>\"yes\"", "place": null, "ref": null, "source_layer": "map — points" }, "geometry": { "type": "Point", "coordinates": [ 7.0903164, 50.7242084 ] } },
{ "type": "Feature", "id": "map — points_1563984338", "properties": { "address": null, "barrier": "gate", "highway": null, "is_in": null, "man_made": null, "name": null, "osm_id": "1563984338", "other_tags": "\"access\"=>\"permissive\",\"bicycle\"=>\"no\",\"locked\"=>\"no\",\"maxwidth:physical\"=>\"3\",\"source:maxwidth:physical\"=>\"ARCore\"", "place": null, "ref": null, "source_layer": "map — points" }, "geometry": { "type": "Point", "coordinates": [ 7.0909085, 50.7249928 ] } },
{ "type": "Feature", "id": "map — points_1564070251", "properties": { "address": null, "barrier": "cycle_barrier", "highway": null, "is_in": null, "man_made": null, "name": null, "osm_id": "1564070251", "other_tags": "\"cycle_barrier\"=>\"double\",\"cycle_barrier:installation\"=>\"fixed\",\"width\"=>\"1.4\"", "place": null, "ref": null, "source_layer": "map — points" }, "geometry": { "type": "Point", "coordinates": [ 7.0910236, 50.7249277 ] } },
{ "type": "Feature", "id": "map — points_1564070260", "properties": { "address": null, "barrier": null, "highway": null, "is_in": null, "man_made": null, "name": null, "osm_id": "1564070260", "other_tags": "\"access\"=>\"permissive\",\"amenity\"=>\"bicycle_parking\",\"bicycle_parking\"=>\"rack\",\"capacity\"=>\"6\",\"covered\"=>\"no\",\"fee\"=>\"no\"", "place": null, "ref": null, "source_layer": "map — points" }, "geometry": { "type": "Point", "coordinates": [ 7.0906734, 50.7249602 ] } },
{ "type": "Feature", "id": "map — points_1564070274", "properties": { "address": null, "barrier": null, "highway": "steps", "is_in": null, "man_made": null, "name": null, "osm_id": "1564070274", "other_tags": "\"step_count\"=>\"6\",\"wheelchair\"=>\"no\"", "place": null, "ref": null, "source_layer": "map — points" }, "geometry": { "type": "Point", "coordinates": [ 7.0912878, 50.7250375 ] } },
{ "type": "Feature", "id": "map — points_1564070294", "properties": { "address": null, "barrier": "gate", "highway": null, "is_in": null, "man_made": null, "name": null, "osm_id": "1564070294", "other_tags": "\"access\"=>\"no\"", "place": null, "ref": null, "source_layer": "map — points" }, "geometry": { "type": "Point", "coordinates": [ 7.0919401, 50.7255646 ] } },
{ "type": "Feature", "id": "map — points_1564084519", "properties": { "address": null, "barrier": "gate", "highway": null, "is_in": null, "man_made": null, "name": null, "osm_id": "1564084519", "other_tags": "\"access\"=>\"no\"", "place": null, "ref": null, "source_layer": "map — points" }, "geometry": { "type": "Point", "coordinates": [ 7.0928476, 50.7251563 ] } },
{ "type": "Feature", "id": "map — points_1564085825", "properties": { "address": null, "barrier": null, "highway": "turning_circle", "is_in": null, "man_made": null, "name": null, "osm_id": "1564085825", "other_tags": null, "place": null, "ref": null, "source_layer": "map — points" }, "geometry": { "type": "Point", "coordinates": [ 7.0924679, 50.7253565 ] } },
{ "type": "Feature", "id": "map — points_1564085850", "properties": { "address": null, "barrier": null, "highway": null, "is_in": null, "man_made": null, "name": null, "osm_id": "1564085850", "other_tags": "\"entrance\"=>\"main\"", "place": null, "ref": null, "source_layer": "map — points" }, "geometry": { "type": "Point", "coordinates": [ 7.0932778, 50.7255034 ] } },
{ "type": "Feature", "id": "map — points_1564085860", "properties": { "address": null, "barrier": null, "highway": "turning_circle", "is_in": null, "man_made": null, "name": null, "osm_id": "1564085860", "other_tags": null, "place": null, "ref": null, "source_layer": "map — points" }, "geometry": { "type": "Point", "coordinates": [ 7.0929037, 50.7256914 ] } },
{ "type": "Feature", "id": "map — points_1564085861", "properties": { "address": null, "barrier": "gate", "highway": null, "is_in": null, "man_made": null, "name": null, "osm_id": "1564085861", "other_tags": "\"bicycle\"=>\"yes\",\"foot\"=>\"yes\",\"locked\"=>\"no\"", "place": null, "ref": null, "source_layer": "map — points" }, "geometry": { "type": "Point", "coordinates": [ 7.0917837, 50.7257038 ] } },
{ "type": "Feature", "id": "map — points_1564085866", "properties": { "address": null, "barrier": "gate", "highway": null, "is_in": null, "man_made": null, "name": null, "osm_id": "1564085866", "other_tags": "\"access\"=>\"no\"", "place": null, "ref": null, "source_layer": "map — points" }, "geometry": { "type": "Point", "coordinates": [ 7.093709, 50.7258526 ] } },
{ "type": "Feature", "id": "map — points_1577186904", "properties": { "address": null, "barrier": null, "highway": "bus_stop", "is_in": null, "man_made": null, "name": "Am Botanischen Garten", "osm_id": "1577186904", "other_tags": "\"alt_name\"=>\"Botanischer Garten\",\"bench\"=>\"no\",\"bin\"=>\"yes\",\"bus\"=>\"yes\",\"lit\"=>\"yes\",\"local_ref\"=>\"B\",\"network\"=>\"VRS\",\"network:long\"=>\"Verkehrsverbund Rhein-Sieg\",\"network:short\"=>\"VRS\",\"network:wikidata\"=>\"Q896041\",\"passenger_information_display\"=>\"yes\",\"public_transport\"=>\"platform\",\"shelter\"=>\"yes\",\"tactile_paving\"=>\"yes\",\"VRS:gemeinde\"=>\"BONN\",\"VRS:ortsteil\"=>\"Poppelsdorf\",\"VRS:ref\"=>\"62459\",\"wheelchair\"=>\"yes\"", "place": null, "ref": "B", "source_layer": "map — points" }, "geometry": { "type": "Point", "coordinates": [ 7.0901375, 50.7245109 ] } },
{ "type": "Feature", "id": "map — points_2253759708", "properties": { "address": null, "barrier": null, "highway": null, "is_in": null, "man_made": null, "name": "Am Botanischen Garten", "osm_id": "2253759708", "other_tags": "\"alt_name\"=>\"Botanischer Garten\",\"bus\"=>\"yes\",\"local_ref\"=>\"B\",\"public_transport\"=>\"stop_position\",\"VRS:gemeinde\"=>\"BONN\",\"VRS:ortsteil\"=>\"Poppelsdorf\",\"VRS:ref\"=>\"62459\"", "place": null, "ref": "B", "source_layer": "map — points" }, "geometry": { "type": "Point", "coordinates": [ 7.0901745, 50.7244172 ] } },
{ "type": "Feature", "id": "map — points_2559320170", "properties": { "address": null, "barrier": null, "highway": null, "is_in": null, "man_made": null, "name": null, "osm_id": "2559320170", "other_tags": "\"entrance\"=>\"yes\"", "place": null, "ref": null, "source_layer": "map — points" }, "geometry": { "type": "Point", "coordinates": [ 7.0908452, 50.7256287 ] } },
{ "type": "Feature", "id": "map — points_2993101049", "properties": { "address": null, "barrier": null, "highway": null, "is_in": null, "man_made": null, "name": null, "osm_id": "2993101049", "other_tags": "\"bicycle\"=>\"yes\",\"direction_northeast\"=>\"Bonn-Zentrum;Universität\",\"direction_northwest\"=>\"Duisdorf;Endenich\",\"direction_southwest\"=>\"Berkum;Ippendorf\",\"guidepost\"=>\"bicycle\",\"information\"=>\"guidepost\",\"network\"=>\"rcn\",\"tourism\"=>\"information\"", "place": null, "ref": null, "source_layer": "map — points" }, "geometry": { "type": "Point", "coordinates": [ 7.0913597, 50.7255477 ] } },
{ "type": "Feature", "id": "map — points_3359153234", "properties": { "address": null, "barrier": null, "highway": null, "is_in": null, "man_made": null, "name": null, "osm_id": "3359153234", "other_tags": "\"advertising\"=>\"column\",\"check_date\"=>\"2025-04-29\"", "place": null, "ref": null, "source_layer": "map — points" }, "geometry": { "type": "Point", "coordinates": [ 7.090285, 50.7244745 ] } },
{ "type": "Feature", "id": "map — points_4514986240", "properties": { "address": null, "barrier": null, "highway": null, "is_in": null, "man_made": null, "name": null, "osm_id": "4514986240", "other_tags": "\"entrance\"=>\"main\",\"wheelchair\"=>\"no\"", "place": null, "ref": null, "source_layer": "map — points" }, "geometry": { "type": "Point", "coordinates": [ 7.0901757, 50.7247389 ] } },
{ "type": "Feature", "id": "map — points_4514986243", "properties": { "address": null, "barrier": "gate", "highway": null, "is_in": null, "man_made": null, "name": null, "osm_id": "4514986243", "other_tags": "\"maxwidth:physical\"=>\"1\",\"source:maxwidth:physical\"=>\"ARCore\"", "place": null, "ref": null, "source_layer": "map — points" }, "geometry": { "type": "Point", "coordinates": [ 7.090221, 50.7246655 ] } },
{ "type": "Feature", "id": "map — points_4514986245", "properties": { "address": null, "barrier": "gate", "highway": null, "is_in": null, "man_made": null, "name": null, "osm_id": "4514986245", "other_tags": "\"maxwidth:physical\"=>\"0.9\",\"source:maxwidth:physical\"=>\"ARCore\"", "place": null, "ref": null, "source_layer": "map — points" }, "geometry": { "type": "Point", "coordinates": [ 7.0902984, 50.7247261 ] } },
{ "type": "Feature", "id": "map — points_4664298115", "properties": { "address": null, "barrier": null, "highway": null, "is_in": null, "man_made": null, "name": null, "osm_id": "4664298115", "other_tags": "\"addr:city\"=>\"Bonn\",\"addr:country\"=>\"DE\",\"addr:housenumber\"=>\"1\",\"addr:postcode\"=>\"53115\",\"addr:street\"=>\"Nußallee\"", "place": null, "ref": null, "source_layer": "map — points" }, "geometry": { "type": "Point", "coordinates": [ 7.0907407, 50.7256261 ] } },
{ "type": "Feature", "id": "map — points_4664298137", "properties": { "address": null, "barrier": null, "highway": null, "is_in": null, "man_made": null, "name": null, "osm_id": "4664298137", "other_tags": "\"addr:city\"=>\"Bonn\",\"addr:country\"=>\"DE\",\"addr:housenumber\"=>\"3\",\"addr:postcode\"=>\"53115\",\"addr:street\"=>\"Nußallee\"", "place": null, "ref": null, "source_layer": "map — points" }, "geometry": { "type": "Point", "coordinates": [ 7.0905999, 50.7257 ] } },
{ "type": "Feature", "id": "map — points_5336530141", "properties": { "address": null, "barrier": null, "highway": null, "is_in": null, "man_made": null, "name": null, "osm_id": "5336530141", "other_tags": "\"access\"=>\"permissive\",\"amenity\"=>\"bicycle_parking\",\"bicycle_parking\"=>\"safe_loops\",\"capacity\"=>\"40\",\"covered\"=>\"yes\"", "place": null, "ref": null, "source_layer": "map — points" }, "geometry": { "type": "Point", "coordinates": [ 7.092474, 50.7252795 ] } },
{ "type": "Feature", "id": "map — points_5336530142", "properties": { "address": null, "barrier": null, "highway": null, "is_in": null, "man_made": null, "name": null, "osm_id": "5336530142", "other_tags": "\"access\"=>\"permissive\",\"amenity\"=>\"bicycle_parking\",\"bicycle_parking\"=>\"wall_loops\",\"capacity\"=>\"20\",\"covered\"=>\"yes\"", "place": null, "ref": null, "source_layer": "map — points" }, "geometry": { "type": "Point", "coordinates": [ 7.0923684, 50.725324 ] } },
{ "type": "Feature", "id": "map — points_5462373719", "properties": { "address": null, "barrier": null, "highway": null, "is_in": null, "man_made": null, "name": null, "osm_id": "5462373719", "other_tags": "\"access\"=>\"yes\",\"amenity\"=>\"toilets\",\"changing_table\"=>\"no\",\"fee\"=>\"no\",\"female\"=>\"yes\",\"wheelchair\"=>\"no\"", "place": null, "ref": null, "source_layer": "map — points" }, "geometry": { "type": "Point", "coordinates": [ 7.0914257, 50.7244548 ] } },
{ "type": "Feature", "id": "map — points_5462373720", "properties": { "address": null, "barrier": null, "highway": null, "is_in": null, "man_made": null, "name": null, "osm_id": "5462373720", "other_tags": "\"entrance\"=>\"main\"", "place": null, "ref": null, "source_layer": "map — points" }, "geometry": { "type": "Point", "coordinates": [ 7.0913904, 50.7245053 ] } },
{ "type": "Feature", "id": "map — points_5462375621", "properties": { "address": null, "barrier": null, "highway": null, "is_in": null, "man_made": null, "name": null, "osm_id": "5462375621", "other_tags": "\"access\"=>\"yes\",\"amenity\"=>\"toilets\",\"changing_table\"=>\"no\",\"fee\"=>\"no\",\"male\"=>\"yes\",\"wheelchair\"=>\"no\"", "place": null, "ref": null, "source_layer": "map — points" }, "geometry": { "type": "Point", "coordinates": [ 7.0912933, 50.7245209 ] } },
{ "type": "Feature", "id": "map — points_5502006534", "properties": { "address": null, "barrier": null, "highway": null, "is_in": null, "man_made": null, "name": null, "osm_id": "5502006534", "other_tags": "\"amenity\"=>\"waste_basket\",\"check_date\"=>\"2023-03-15\"", "place": null, "ref": null, "source_layer": "map — points" }, "geometry": { "type": "Point", "coordinates": [ 7.0920156, 50.725671 ] } },
{ "type": "Feature", "id": "map — points_5502180318", "properties": { "address": null, "barrier": null, "highway": null, "is_in": null, "man_made": null, "name": null, "osm_id": "5502180318", "other_tags": "\"entrance\"=>\"main\"", "place": null, "ref": null, "source_layer": "map — points" }, "geometry": { "type": "Point", "coordinates": [ 7.0933303, 50.7254777 ] } },
{ "type": "Feature", "id": "map — points_5502957245", "properties": { "address": null, "barrier": null, "highway": null, "is_in": null, "man_made": null, "name": null, "osm_id": "5502957245", "other_tags": "\"entrance\"=>\"yes\",\"wheelchair\"=>\"no\"", "place": null, "ref": null, "source_layer": "map — points" }, "geometry": { "type": "Point", "coordinates": [ 7.0900521, 50.7248384 ] } },
{ "type": "Feature", "id": "map — points_5502957246", "properties": { "address": null, "barrier": null, "highway": null, "is_in": null, "man_made": null, "name": null, "osm_id": "5502957246", "other_tags": "\"entrance\"=>\"yes\",\"wheelchair\"=>\"no\"", "place": null, "ref": null, "source_layer": "map — points" }, "geometry": { "type": "Point", "coordinates": [ 7.0899128, 50.724744 ] } },
{ "type": "Feature", "id": "map — points_5502957247", "properties": { "address": null, "barrier": "gate", "highway": null, "is_in": null, "man_made": null, "name": null, "osm_id": "5502957247", "other_tags": null, "place": null, "ref": null, "source_layer": "map — points" }, "geometry": { "type": "Point", "coordinates": [ 7.0897235, 50.7246289 ] } },
{ "type": "Feature", "id": "map — points_5502957248", "properties": { "address": null, "barrier": "bollard", "highway": null, "is_in": null, "man_made": null, "name": null, "osm_id": "5502957248", "other_tags": "\"bollard\"=>\"removable\"", "place": null, "ref": null, "source_layer": "map — points" }, "geometry": { "type": "Point", "coordinates": [ 7.089759, 50.7247266 ] } },
{ "type": "Feature", "id": "map — points_5513760288", "properties": { "address": null, "barrier": "gate", "highway": null, "is_in": null, "man_made": null, "name": null, "osm_id": "5513760288", "other_tags": null, "place": null, "ref": null, "source_layer": "map — points" }, "geometry": { "type": "Point", "coordinates": [ 7.089797, 50.7253463 ] } },
{ "type": "Feature", "id": "map — points_5513760291", "properties": { "address": null, "barrier": null, "highway": null, "is_in": null, "man_made": "surveillance", "name": null, "osm_id": "5513760291", "other_tags": "\"camera:direction\"=>\"130\",\"camera:mount\"=>\"wall\",\"camera:type\"=>\"fixed\",\"surveillance\"=>\"outdoor\",\"surveillance:type\"=>\"camera\"", "place": null, "ref": null, "source_layer": "map — points" }, "geometry": { "type": "Point", "coordinates": [ 7.089634, 50.7257609 ] } },
{ "type": "Feature", "id": "map — points_5513760292", "properties": { "address": null, "barrier": null, "highway": null, "is_in": null, "man_made": "surveillance", "name": null, "osm_id": "5513760292", "other_tags": "\"camera:direction\"=>\"40\",\"camera:mount\"=>\"wall\",\"camera:type\"=>\"fixed\",\"surveillance\"=>\"outdoor\",\"surveillance:type\"=>\"camera\"", "place": null, "ref": null, "source_layer": "map — points" }, "geometry": { "type": "Point", "coordinates": [ 7.0896346, 50.7257677 ] } },
{ "type": "Feature", "id": "map — points_5513760312", "properties": { "address": null, "barrier": "gate", "highway": null, "is_in": null, "man_made": null, "name": null, "osm_id": "5513760312", "other_tags": null, "place": null, "ref": null, "source_layer": "map — points" }, "geometry": { "type": "Point", "coordinates": [ 7.0899163, 50.7251883 ] } },
{ "type": "Feature", "id": "map — points_5513761122", "properties": { "address": null, "barrier": null, "highway": null, "is_in": null, "man_made": null, "name": null, "osm_id": "5513761122", "other_tags": "\"access\"=>\"permissive\",\"amenity\"=>\"toilets\",\"fee\"=>\"no\",\"level\"=>\"0\",\"wheelchair\"=>\"yes\"", "place": null, "ref": "U1.002", "source_layer": "map — points" }, "geometry": { "type": "Point", "coordinates": [ 7.0898113, 50.7247402 ] } },
{ "type": "Feature", "id": "map — points_5513761123", "properties": { "address": null, "barrier": null, "highway": null, "is_in": null, "man_made": null, "name": null, "osm_id": "5513761123", "other_tags": "\"entrance\"=>\"yes\",\"wheelchair\"=>\"yes\"", "place": null, "ref": null, "source_layer": "map — points" }, "geometry": { "type": "Point", "coordinates": [ 7.0898294, 50.7247004 ] } },
{ "type": "Feature", "id": "map — points_5513761124", "properties": { "address": null, "barrier": null, "highway": null, "is_in": null, "man_made": null, "name": null, "osm_id": "5513761124", "other_tags": "\"entrance\"=>\"yes\"", "place": null, "ref": null, "source_layer": "map — points" }, "geometry": { "type": "Point", "coordinates": [ 7.0898161, 50.7247175 ] } },
{ "type": "Feature", "id": "map — points_5513761130", "properties": { "address": null, "barrier": null, "highway": null, "is_in": null, "man_made": null, "name": null, "osm_id": "5513761130", "other_tags": "\"amenity\"=>\"grit_bin\"", "place": null, "ref": null, "source_layer": "map — points" }, "geometry": { "type": "Point", "coordinates": [ 7.089934, 50.7247721 ] } },
{ "type": "Feature", "id": "map — points_5513761131", "properties": { "address": null, "barrier": null, "highway": null, "is_in": null, "man_made": null, "name": null, "osm_id": "5513761131", "other_tags": "\"amenity\"=>\"bicycle_parking\",\"bicycle_parking\"=>\"stands\",\"capacity\"=>\"38\",\"covered\"=>\"no\",\"fee\"=>\"no\"", "place": null, "ref": null, "source_layer": "map — points" }, "geometry": { "type": "Point", "coordinates": [ 7.0899582, 50.7247984 ] } },
{ "type": "Feature", "id": "map — points_5513761134", "properties": { "address": null, "barrier": "bollard", "highway": null, "is_in": null, "man_made": null, "name": null, "osm_id": "5513761134", "other_tags": "\"bollard\"=>\"removable\"", "place": null, "ref": null, "source_layer": "map — points" }, "geometry": { "type": "Point", "coordinates": [ 7.0899028, 50.724857 ] } },
{ "type": "Feature", "id": "map — points_5513761140", "properties": { "address": null, "barrier": null, "highway": null, "is_in": null, "man_made": null, "name": null, "osm_id": "5513761140", "other_tags": "\"addr:city\"=>\"Bonn\",\"addr:country\"=>\"DE\",\"addr:housenumber\"=>\"1a\",\"addr:postcode\"=>\"53115\",\"addr:street\"=>\"Katzenburgweg\",\"entrance\"=>\"yes\",\"wheelchair\"=>\"no\"", "place": null, "ref": null, "source_layer": "map — points" }, "geometry": { "type": "Point", "coordinates": [ 7.0899194, 50.7249963 ] } },
{ "type": "Feature", "id": "map — points_5513761141", "properties": { "address": null, "barrier": null, "highway": null, "is_in": null, "man_made": null, "name": null, "osm_id": "5513761141", "other_tags": "\"historic\"=>\"memorial\",\"inscription\"=>\"1914-1918 1939-1945\",\"memorial\"=>\"stone\"", "place": null, "ref": null, "source_layer": "map — points" }, "geometry": { "type": "Point", "coordinates": [ 7.0902293, 50.7247116 ] } },
{ "type": "Feature", "id": "map — points_5513761142", "properties": { "address": null, "barrier": null, "highway": null, "is_in": null, "man_made": null, "name": null, "osm_id": "5513761142", "other_tags": "\"amenity\"=>\"bicycle_parking\",\"bicycle_parking\"=>\"stands\",\"capacity\"=>\"16\",\"covered\"=>\"no\",\"fee\"=>\"no\"", "place": null, "ref": null, "source_layer": "map — points" }, "geometry": { "type": "Point", "coordinates": [ 7.0902593, 50.724452 ] } },
{ "type": "Feature", "id": "map — points_5516894903", "properties": { "address": null, "barrier": null, "highway": null, "is_in": null, "man_made": null, "name": null, "osm_id": "5516894903", "other_tags": "\"leaf_cycle\"=>\"evergreen\",\"leaf_type\"=>\"needleleaved\",\"natural\"=>\"tree\"", "place": null, "ref": null, "source_layer": "map — points" }, "geometry": { "type": "Point", "coordinates": [ 7.0897319, 50.7251671 ] } },
{ "type": "Feature", "id": "map — points_5516894937", "properties": { "address": null, "barrier": null, "highway": null, "is_in": null, "man_made": null, "name": null, "osm_id": "5516894937", "other_tags": "\"access\"=>\"private\",\"amenity\"=>\"bicycle_parking\",\"bicycle_parking\"=>\"wall_loops\",\"capacity\"=>\"16\",\"covered\"=>\"yes\",\"surface\"=>\"paving_stones\"", "place": null, "ref": null, "source_layer": "map — points" }, "geometry": { "type": "Point", "coordinates": [ 7.0898199, 50.7249359 ] } },
{ "type": "Feature", "id": "map — points_5516894942", "properties": { "address": null, "barrier": "gate", "highway": null, "is_in": null, "man_made": null, "name": null, "osm_id": "5516894942", "other_tags": null, "place": null, "ref": null, "source_layer": "map — points" }, "geometry": { "type": "Point", "coordinates": [ 7.0897555, 50.724902 ] } },
{ "type": "Feature", "id": "map — points_5516894972", "properties": { "address": null, "barrier": "gate", "highway": null, "is_in": null, "man_made": null, "name": null, "osm_id": "5516894972", "other_tags": null, "place": null, "ref": null, "source_layer": "map — points" }, "geometry": { "type": "Point", "coordinates": [ 7.0896262, 50.7245574 ] } },
{ "type": "Feature", "id": "map — points_5518458073", "properties": { "address": null, "barrier": null, "highway": null, "is_in": null, "man_made": null, "name": null, "osm_id": "5518458073", "other_tags": "\"amenity\"=>\"waste_basket\"", "place": null, "ref": null, "source_layer": "map — points" }, "geometry": { "type": "Point", "coordinates": [ 7.0898811, 50.7247865 ] } },
{ "type": "Feature", "id": "map — points_5518458074", "properties": { "address": null, "barrier": "gate", "highway": null, "is_in": null, "man_made": null, "name": null, "osm_id": "5518458074", "other_tags": null, "place": null, "ref": null, "source_layer": "map — points" }, "geometry": { "type": "Point", "coordinates": [ 7.0895551, 50.7253784 ] } },
{ "type": "Feature", "id": "map — points_6249984255", "properties": { "address": null, "barrier": null, "highway": null, "is_in": null, "man_made": null, "name": null, "osm_id": "6249984255", "other_tags": "\"entrance\"=>\"main\",\"wheelchair\"=>\"no\"", "place": null, "ref": null, "source_layer": "map — points" }, "geometry": { "type": "Point", "coordinates": [ 7.0910489, 50.7253089 ] } },
{ "type": "Feature", "id": "map — points_6249984256", "properties": { "address": null, "barrier": null, "highway": null, "is_in": null, "man_made": null, "name": null, "osm_id": "6249984256", "other_tags": "\"entrance\"=>\"main\"", "place": null, "ref": null, "source_layer": "map — points" }, "geometry": { "type": "Point", "coordinates": [ 7.0906716, 50.725045 ] } },
{ "type": "Feature", "id": "map — points_6249985744", "properties": { "address": null, "barrier": null, "highway": null, "is_in": null, "man_made": null, "name": null, "osm_id": "6249985744", "other_tags": "\"entrance\"=>\"main\"", "place": null, "ref": null, "source_layer": "map — points" }, "geometry": { "type": "Point", "coordinates": [ 7.0900189, 50.7251504 ] } },
{ "type": "Feature", "id": "map — points_6249989434", "properties": { "address": null, "barrier": null, "highway": null, "is_in": null, "man_made": null, "name": null, "osm_id": "6249989434", "other_tags": "\"entrance\"=>\"yes\"", "place": null, "ref": null, "source_layer": "map — points" }, "geometry": { "type": "Point", "coordinates": [ 7.0909887, 50.7246955 ] } },
{ "type": "Feature", "id": "map — points_6249989435", "properties": { "address": null, "barrier": null, "highway": null, "is_in": null, "man_made": null, "name": null, "osm_id": "6249989435", "other_tags": "\"entrance\"=>\"main\"", "place": null, "ref": null, "source_layer": "map — points" }, "geometry": { "type": "Point", "coordinates": [ 7.0906604, 50.7244489 ] } },
{ "type": "Feature", "id": "map — points_6249989436", "properties": { "address": null, "barrier": null, "highway": null, "is_in": null, "man_made": null, "name": null, "osm_id": "6249989436", "other_tags": "\"entrance\"=>\"yes\"", "place": null, "ref": null, "source_layer": "map — points" }, "geometry": { "type": "Point", "coordinates": [ 7.0909094, 50.7246414 ] } },
{ "type": "Feature", "id": "map — points_6250008186", "properties": { "address": null, "barrier": null, "highway": null, "is_in": null, "man_made": null, "name": null, "osm_id": "6250008186", "other_tags": "\"entrance\"=>\"main\"", "place": null, "ref": null, "source_layer": "map — points" }, "geometry": { "type": "Point", "coordinates": [ 7.0896889, 50.7244673 ] } },
{ "type": "Feature", "id": "map — points_6250008187", "properties": { "address": null, "barrier": null, "highway": null, "is_in": null, "man_made": null, "name": null, "osm_id": "6250008187", "other_tags": "\"entrance\"=>\"yes\"", "place": null, "ref": null, "source_layer": "map — points" }, "geometry": { "type": "Point", "coordinates": [ 7.0897468, 50.724446 ] } },
{ "type": "Feature", "id": "map — points_6539354600", "properties": { "address": null, "barrier": null, "highway": null, "is_in": null, "man_made": null, "name": "Bibliothek Botanik", "osm_id": "6539354600", "other_tags": "\"addr:city\"=>\"Bonn\",\"addr:housenumber\"=>\"170\",\"addr:postcode\"=>\"53115\",\"addr:street\"=>\"Meckenheimer Allee\",\"amenity\"=>\"library\",\"check_date\"=>\"2026-05-01\",\"check_date:internet_access\"=>\"2023-10-16\",\"contact:email\"=>\"n.schmandt@uni-bonn.de\",\"contact:fax\"=>\"+49 228 733120\",\"contact:phone\"=>\"+49 228 734671\",\"contact:website\"=>\"https://www.ulb.uni-bonn.de/de/die-ulb/bibliotheksstruktur/bibliotheken-a-z/5-3\",\"internet_access\"=>\"wlan\",\"internet_access:fee\"=>\"no\",\"opening_hours\"=>\"\\\"Nach persönlicher Anmeldung per eMail. Mo-Fr 8:30-11:30\\\"\",\"operator\"=>\"Rheinische Friedrich-Wilhelms-Universität Bonn; Nees-Institut für Biodiversität der Pflanzen; Institut für Zelluläre und Molekulare Botanik; Institut für Molekulare Physiologie und Biotechnologie\",\"ref:isil\"=>\"DE-5-3\",\"wheelchair\"=>\"limited\"", "place": null, "ref": null, "source_layer": "map — points" }, "geometry": { "type": "Point", "coordinates": [ 7.0912019, 50.7257389 ] } },
{ "type": "Feature", "id": "map — points_6564563413", "properties": { "address": null, "barrier": null, "highway": null, "is_in": null, "man_made": null, "name": null, "osm_id": "6564563413", "other_tags": "\"denotation\"=>\"park\",\"leaf_cycle\"=>\"deciduous\",\"leaf_type\"=>\"broadleaved\",\"natural\"=>\"tree\",\"panoramax\"=>\"64fa879f-4dd8-4e66-9043-d1e7903f86ce\",\"species\"=>\"Fagus sylvatica\",\"species:wikidata\"=>\"Q146149\"", "place": null, "ref": null, "source_layer": "map — points" }, "geometry": { "type": "Point", "coordinates": [ 7.0936351, 50.7255392 ] } },
{ "type": "Feature", "id": "map — points_6579875756", "properties": { "address": null, "barrier": null, "highway": null, "is_in": null, "man_made": null, "name": null, "osm_id": "6579875756", "other_tags": "\"natural\"=>\"tree\",\"species\"=>\"Zelkova albelicea\"", "place": null, "ref": null, "source_layer": "map — points" }, "geometry": { "type": "Point", "coordinates": [ 7.0930095, 50.724949 ] } },
{ "type": "Feature", "id": "map — points_6579875757", "properties": { "address": null, "barrier": null, "highway": null, "is_in": null, "man_made": null, "name": null, "osm_id": "6579875757", "other_tags": "\"natural\"=>\"tree\",\"species\"=>\"Cornus mas\"", "place": null, "ref": null, "source_layer": "map — points" }, "geometry": { "type": "Point", "coordinates": [ 7.0933418, 50.7251422 ] } },
{ "type": "Feature", "id": "map — points_6579875759", "properties": { "address": null, "barrier": null, "highway": null, "is_in": null, "man_made": null, "name": null, "osm_id": "6579875759", "other_tags": "\"natural\"=>\"tree\"", "place": null, "ref": null, "source_layer": "map — points" }, "geometry": { "type": "Point", "coordinates": [ 7.093074, 50.7250303 ] } },
{ "type": "Feature", "id": "map — points_6579875761", "properties": { "address": null, "barrier": null, "highway": null, "is_in": null, "man_made": null, "name": null, "osm_id": "6579875761", "other_tags": "\"natural\"=>\"tree\"", "place": null, "ref": null, "source_layer": "map — points" }, "geometry": { "type": "Point", "coordinates": [ 7.0931143, 50.7250028 ] } },
{ "type": "Feature", "id": "map — points_6579875762", "properties": { "address": null, "barrier": null, "highway": null, "is_in": null, "man_made": null, "name": null, "osm_id": "6579875762", "other_tags": "\"natural\"=>\"tree\",\"species\"=>\"Platanus orientalis\"", "place": null, "ref": null, "source_layer": "map — points" }, "geometry": { "type": "Point", "coordinates": [ 7.0934748, 50.7252044 ] } },
{ "type": "Feature", "id": "map — points_6579875764", "properties": { "address": null, "barrier": null, "highway": null, "is_in": null, "man_made": null, "name": null, "osm_id": "6579875764", "other_tags": "\"natural\"=>\"tree\",\"species\"=>\"Iris reticulata M. Bieb.\"", "place": null, "ref": null, "source_layer": "map — points" }, "geometry": { "type": "Point", "coordinates": [ 7.0928063, 50.7250752 ] } },
{ "type": "Feature", "id": "map — points_6579875765", "properties": { "address": null, "barrier": null, "highway": null, "is_in": null, "man_made": null, "name": null, "osm_id": "6579875765", "other_tags": "\"natural\"=>\"tree\"", "place": null, "ref": null, "source_layer": "map — points" }, "geometry": { "type": "Point", "coordinates": [ 7.0930406, 50.7250682 ] } },
{ "type": "Feature", "id": "map — points_6579875766", "properties": { "address": null, "barrier": null, "highway": null, "is_in": null, "man_made": null, "name": null, "osm_id": "6579875766", "other_tags": "\"natural\"=>\"tree\"", "place": null, "ref": null, "source_layer": "map — points" }, "geometry": { "type": "Point", "coordinates": [ 7.0931207, 50.7250511 ] } },
{ "type": "Feature", "id": "map — points_6579875767", "properties": { "address": null, "barrier": null, "highway": null, "is_in": null, "man_made": null, "name": null, "osm_id": "6579875767", "other_tags": "\"natural\"=>\"tree\",\"species\"=>\"Acer opalus obtusatum\"", "place": null, "ref": null, "source_layer": "map — points" }, "geometry": { "type": "Point", "coordinates": [ 7.0936043, 50.7251657 ] } },
{ "type": "Feature", "id": "map — points_6579916815", "properties": { "address": null, "barrier": null, "highway": null, "is_in": null, "man_made": null, "name": null, "osm_id": "6579916815", "other_tags": "\"natural\"=>\"tree\",\"species\"=>\"Liquidambar styraciflua\"", "place": null, "ref": null, "source_layer": "map — points" }, "geometry": { "type": "Point", "coordinates": [ 7.0935701, 50.7249276 ] } },
{ "type": "Feature", "id": "map — points_6579916816", "properties": { "address": null, "barrier": null, "highway": null, "is_in": null, "man_made": null, "name": null, "osm_id": "6579916816", "other_tags": "\"natural\"=>\"tree\",\"species\"=>\"Cedrus atlantica\"", "place": null, "ref": null, "source_layer": "map — points" }, "geometry": { "type": "Point", "coordinates": [ 7.0936176, 50.7250025 ] } },
{ "type": "Feature", "id": "map — points_6579916817", "properties": { "address": null, "barrier": null, "highway": null, "is_in": null, "man_made": null, "name": null, "osm_id": "6579916817", "other_tags": "\"natural\"=>\"tree\",\"species\"=>\"Clementis gratopsis\"", "place": null, "ref": null, "source_layer": "map — points" }, "geometry": { "type": "Point", "coordinates": [ 7.0937781, 50.7250724 ] } },
{ "type": "Feature", "id": "map — points_6726837287", "properties": { "address": null, "barrier": null, "highway": null, "is_in": null, "man_made": null, "name": "Bibliothek Städtebau - Institut für Geodäsie und Geoinformation", "osm_id": "6726837287", "other_tags": "\"addr:city\"=>\"Bonn\",\"addr:housenumber\"=>\"172\",\"addr:postcode\"=>\"53115\",\"addr:street\"=>\"Meckenheimer Allee\",\"amenity\"=>\"library\",\"internet_access\"=>\"wlan\",\"opening_hours\"=>\"Mo,We 08:30-17:00; Th 08:30-12:00\",\"operator\"=>\"Universität Bonn\",\"operator:type\"=>\"university\",\"operator:wikidata\"=>\"Q152171\",\"phone\"=>\"+49 228 735298\",\"ref:isil\"=>\"DE-5-82\",\"website\"=>\"https://www.psb.uni-bonn.de/einrichtungen/bibliothek\",\"wheelchair\"=>\"no\"", "place": null, "ref": null, "source_layer": "map — points" }, "geometry": { "type": "Point", "coordinates": [ 7.0910442, 50.7254347 ] } },
{ "type": "Feature", "id": "map — points_7173094610", "properties": { "address": null, "barrier": null, "highway": null, "is_in": null, "man_made": null, "name": null, "osm_id": "7173094610", "other_tags": "\"amenity\"=>\"waste_basket\"", "place": null, "ref": null, "source_layer": "map — points" }, "geometry": { "type": "Point", "coordinates": [ 7.0910338, 50.724851 ] } },
{ "type": "Feature", "id": "map — points_7173094611", "properties": { "address": null, "barrier": null, "highway": null, "is_in": null, "man_made": null, "name": null, "osm_id": "7173094611", "other_tags": "\"amenity\"=>\"waste_basket\"", "place": null, "ref": null, "source_layer": "map — points" }, "geometry": { "type": "Point", "coordinates": [ 7.0903826, 50.7256631 ] } },
{ "type": "Feature", "id": "map — points_7173094612", "properties": { "address": null, "barrier": null, "highway": null, "is_in": null, "man_made": null, "name": null, "osm_id": "7173094612", "other_tags": "\"amenity\"=>\"waste_basket\"", "place": null, "ref": null, "source_layer": "map — points" }, "geometry": { "type": "Point", "coordinates": [ 7.0907703, 50.7254075 ] } },
{ "type": "Feature", "id": "map — points_7173094613", "properties": { "address": null, "barrier": null, "highway": null, "is_in": null, "man_made": null, "name": null, "osm_id": "7173094613", "other_tags": "\"amenity\"=>\"waste_basket\",\"check_date\"=>\"2026-05-01\"", "place": null, "ref": null, "source_layer": "map — points" }, "geometry": { "type": "Point", "coordinates": [ 7.0908909, 50.7255964 ] } },
{ "type": "Feature", "id": "map — points_7280305704", "properties": { "address": null, "barrier": null, "highway": "crossing", "is_in": null, "man_made": null, "name": null, "osm_id": "7280305704", "other_tags": "\"crossing\"=>\"uncontrolled\",\"crossing:island\"=>\"no\",\"crossing:markings\"=>\"zebra\",\"crossing_ref\"=>\"zebra\",\"kerb\"=>\"lowered\",\"tactile_paving\"=>\"yes\"", "place": null, "ref": null, "source_layer": "map — points" }, "geometry": { "type": "Point", "coordinates": [ 7.0916182, 50.7256662 ] } },
{ "type": "Feature", "id": "map — points_8232622139", "properties": { "address": null, "barrier": null, "highway": null, "is_in": null, "man_made": null, "name": null, "osm_id": "8232622139", "other_tags": "\"natural\"=>\"tree\"", "place": null, "ref": null, "source_layer": "map — points" }, "geometry": { "type": "Point", "coordinates": [ 7.0902466, 50.7253865 ] } },
{ "type": "Feature", "id": "map — points_8232622140", "properties": { "address": null, "barrier": null, "highway": null, "is_in": null, "man_made": null, "name": null, "osm_id": "8232622140", "other_tags": "\"natural\"=>\"tree\"", "place": null, "ref": null, "source_layer": "map — points" }, "geometry": { "type": "Point", "coordinates": [ 7.0901518, 50.7253176 ] } },
{ "type": "Feature", "id": "map — points_8232622141", "properties": { "address": null, "barrier": null, "highway": null, "is_in": null, "man_made": null, "name": null, "osm_id": "8232622141", "other_tags": "\"natural\"=>\"tree\"", "place": null, "ref": null, "source_layer": "map — points" }, "geometry": { "type": "Point", "coordinates": [ 7.0901933, 50.7253505 ] } },
{ "type": "Feature", "id": "map — points_8232622142", "properties": { "address": null, "barrier": null, "highway": null, "is_in": null, "man_made": null, "name": null, "osm_id": "8232622142", "other_tags": "\"leaf_type\"=>\"needleleaved\",\"natural\"=>\"tree\"", "place": null, "ref": null, "source_layer": "map — points" }, "geometry": { "type": "Point", "coordinates": [ 7.0901202, 50.7252292 ] } },
{ "type": "Feature", "id": "map — points_8232622143", "properties": { "address": null, "barrier": null, "highway": null, "is_in": null, "man_made": null, "name": null, "osm_id": "8232622143", "other_tags": "\"leaf_type\"=>\"needleleaved\",\"natural\"=>\"tree\"", "place": null, "ref": null, "source_layer": "map — points" }, "geometry": { "type": "Point", "coordinates": [ 7.0901881, 50.7251618 ] } },
{ "type": "Feature", "id": "map — points_8232622144", "properties": { "address": null, "barrier": null, "highway": null, "is_in": null, "man_made": null, "name": null, "osm_id": "8232622144", "other_tags": "\"leaf_type\"=>\"needleleaved\",\"natural\"=>\"tree\"", "place": null, "ref": null, "source_layer": "map — points" }, "geometry": { "type": "Point", "coordinates": [ 7.0903432, 50.7250884 ] } },
{ "type": "Feature", "id": "map — points_8232622145", "properties": { "address": null, "barrier": null, "highway": null, "is_in": null, "man_made": null, "name": null, "osm_id": "8232622145", "other_tags": "\"leaf_type\"=>\"needleleaved\",\"natural\"=>\"tree\"", "place": null, "ref": null, "source_layer": "map — points" }, "geometry": { "type": "Point", "coordinates": [ 7.0902622, 50.7251226 ] } },
{ "type": "Feature", "id": "map — points_8232622146", "properties": { "address": null, "barrier": null, "highway": null, "is_in": null, "man_made": null, "name": null, "osm_id": "8232622146", "other_tags": "\"natural\"=>\"tree\"", "place": null, "ref": null, "source_layer": "map — points" }, "geometry": { "type": "Point", "coordinates": [ 7.0904355, 50.7253143 ] } },
{ "type": "Feature", "id": "map — points_8232622156", "properties": { "address": null, "barrier": "gate", "highway": null, "is_in": null, "man_made": null, "name": null, "osm_id": "8232622156", "other_tags": null, "place": null, "ref": null, "source_layer": "map — points" }, "geometry": { "type": "Point", "coordinates": [ 7.0903653, 50.7250453 ] } },
{ "type": "Feature", "id": "map — points_8232794128", "properties": { "address": null, "barrier": "gate", "highway": null, "is_in": null, "man_made": null, "name": null, "osm_id": "8232794128", "other_tags": null, "place": null, "ref": null, "source_layer": "map — points" }, "geometry": { "type": "Point", "coordinates": [ 7.090422, 50.7249166 ] } },
{ "type": "Feature", "id": "map — points_8232794129", "properties": { "address": null, "barrier": null, "highway": null, "is_in": null, "man_made": null, "name": null, "osm_id": "8232794129", "other_tags": "\"leaf_type\"=>\"broadleaved\",\"natural\"=>\"tree\"", "place": null, "ref": null, "source_layer": "map — points" }, "geometry": { "type": "Point", "coordinates": [ 7.0901839, 50.7250227 ] } },
{ "type": "Feature", "id": "map — points_8232794134", "properties": { "address": null, "barrier": "gate", "highway": null, "is_in": null, "man_made": null, "name": null, "osm_id": "8232794134", "other_tags": null, "place": null, "ref": null, "source_layer": "map — points" }, "geometry": { "type": "Point", "coordinates": [ 7.0896853, 50.7253099 ] } },
{ "type": "Feature", "id": "map — points_8232794136", "properties": { "address": null, "barrier": null, "highway": null, "is_in": null, "man_made": null, "name": null, "osm_id": "8232794136", "other_tags": "\"entrance\"=>\"main\"", "place": null, "ref": null, "source_layer": "map — points" }, "geometry": { "type": "Point", "coordinates": [ 7.0895739, 50.7252273 ] } },
{ "type": "Feature", "id": "map — points_8232794137", "properties": { "address": null, "barrier": null, "highway": null, "is_in": null, "man_made": null, "name": null, "osm_id": "8232794137", "other_tags": "\"natural\"=>\"tree\"", "place": null, "ref": null, "source_layer": "map — points" }, "geometry": { "type": "Point", "coordinates": [ 7.0896554, 50.7250422 ] } },
{ "type": "Feature", "id": "map — points_8232804868", "properties": { "address": null, "barrier": null, "highway": null, "is_in": null, "man_made": null, "name": null, "osm_id": "8232804868", "other_tags": "\"natural\"=>\"tree\"", "place": null, "ref": null, "source_layer": "map — points" }, "geometry": { "type": "Point", "coordinates": [ 7.08971, 50.725258 ] } },
{ "type": "Feature", "id": "map — points_8232804869", "properties": { "address": null, "barrier": null, "highway": null, "is_in": null, "man_made": null, "name": null, "osm_id": "8232804869", "other_tags": "\"natural\"=>\"tree\"", "place": null, "ref": null, "source_layer": "map — points" }, "geometry": { "type": "Point", "coordinates": [ 7.0896222, 50.7251074 ] } },
{ "type": "Feature", "id": "map — points_8232804871", "properties": { "address": null, "barrier": null, "highway": null, "is_in": null, "man_made": null, "name": null, "osm_id": "8232804871", "other_tags": "\"natural\"=>\"tree\"", "place": null, "ref": null, "source_layer": "map — points" }, "geometry": { "type": "Point", "coordinates": [ 7.0899295, 50.7251624 ] } },
{ "type": "Feature", "id": "map — points_8234132397", "properties": { "address": null, "barrier": null, "highway": "street_lamp", "is_in": null, "man_made": null, "name": null, "osm_id": "8234132397", "other_tags": null, "place": null, "ref": null, "source_layer": "map — points" }, "geometry": { "type": "Point", "coordinates": [ 7.0916695, 50.7257701 ] } },
{ "type": "Feature", "id": "map — points_8234132411", "properties": { "address": null, "barrier": "bollard", "highway": null, "is_in": null, "man_made": null, "name": null, "osm_id": "8234132411", "other_tags": null, "place": null, "ref": null, "source_layer": "map — points" }, "geometry": { "type": "Point", "coordinates": [ 7.091596, 50.7257121 ] } },
{ "type": "Feature", "id": "map — points_8234132412", "properties": { "address": null, "barrier": "bollard", "highway": null, "is_in": null, "man_made": null, "name": null, "osm_id": "8234132412", "other_tags": null, "place": null, "ref": null, "source_layer": "map — points" }, "geometry": { "type": "Point", "coordinates": [ 7.0915788, 50.7256962 ] } },
{ "type": "Feature", "id": "map — points_8234132413", "properties": { "address": null, "barrier": "bollard", "highway": null, "is_in": null, "man_made": null, "name": null, "osm_id": "8234132413", "other_tags": null, "place": null, "ref": null, "source_layer": "map — points" }, "geometry": { "type": "Point", "coordinates": [ 7.0915608, 50.7256826 ] } },
{ "type": "Feature", "id": "map — points_8234132414", "properties": { "address": null, "barrier": "bollard", "highway": null, "is_in": null, "man_made": null, "name": null, "osm_id": "8234132414", "other_tags": null, "place": null, "ref": null, "source_layer": "map — points" }, "geometry": { "type": "Point", "coordinates": [ 7.0915425, 50.7256652 ] } },
{ "type": "Feature", "id": "map — points_8234132415", "properties": { "address": null, "barrier": "bollard", "highway": null, "is_in": null, "man_made": null, "name": null, "osm_id": "8234132415", "other_tags": null, "place": null, "ref": null, "source_layer": "map — points" }, "geometry": { "type": "Point", "coordinates": [ 7.0915249, 50.7256538 ] } },
{ "type": "Feature", "id": "map — points_8234132416", "properties": { "address": null, "barrier": "bollard", "highway": null, "is_in": null, "man_made": null, "name": null, "osm_id": "8234132416", "other_tags": null, "place": null, "ref": null, "source_layer": "map — points" }, "geometry": { "type": "Point", "coordinates": [ 7.0915062, 50.72564 ] } },
{ "type": "Feature", "id": "map — points_8234137017", "properties": { "address": null, "barrier": "bollard", "highway": null, "is_in": null, "man_made": null, "name": null, "osm_id": "8234137017", "other_tags": null, "place": null, "ref": null, "source_layer": "map — points" }, "geometry": { "type": "Point", "coordinates": [ 7.0914905, 50.7256252 ] } },
{ "type": "Feature", "id": "map — points_8234137018", "properties": { "address": null, "barrier": "bollard", "highway": null, "is_in": null, "man_made": null, "name": null, "osm_id": "8234137018", "other_tags": null, "place": null, "ref": null, "source_layer": "map — points" }, "geometry": { "type": "Point", "coordinates": [ 7.091471, 50.725611 ] } },
{ "type": "Feature", "id": "map — points_8234137019", "properties": { "address": null, "barrier": "bollard", "highway": null, "is_in": null, "man_made": null, "name": null, "osm_id": "8234137019", "other_tags": null, "place": null, "ref": null, "source_layer": "map — points" }, "geometry": { "type": "Point", "coordinates": [ 7.0914538, 50.7255955 ] } },
{ "type": "Feature", "id": "map — points_8234137020", "properties": { "address": null, "barrier": "bollard", "highway": null, "is_in": null, "man_made": null, "name": null, "osm_id": "8234137020", "other_tags": null, "place": null, "ref": null, "source_layer": "map — points" }, "geometry": { "type": "Point", "coordinates": [ 7.0914343, 50.7255836 ] } },
{ "type": "Feature", "id": "map — points_8234137025", "properties": { "address": null, "barrier": null, "highway": null, "is_in": null, "man_made": null, "name": null, "osm_id": "8234137025", "other_tags": "\"leaf_type\"=>\"broadleaved\",\"natural\"=>\"tree\"", "place": null, "ref": null, "source_layer": "map — points" }, "geometry": { "type": "Point", "coordinates": [ 7.0915111, 50.7256931 ] } },
{ "type": "Feature", "id": "map — points_8234137026", "properties": { "address": null, "barrier": null, "highway": null, "is_in": null, "man_made": null, "name": null, "osm_id": "8234137026", "other_tags": "\"leaf_type\"=>\"broadleaved\",\"natural\"=>\"tree\"", "place": null, "ref": null, "source_layer": "map — points" }, "geometry": { "type": "Point", "coordinates": [ 7.0917068, 50.7258983 ] } },
{ "type": "Feature", "id": "map — points_8234137041", "properties": { "address": null, "barrier": null, "highway": null, "is_in": null, "man_made": null, "name": null, "osm_id": "8234137041", "other_tags": "\"entrance\"=>\"yes\"", "place": null, "ref": null, "source_layer": "map — points" }, "geometry": { "type": "Point", "coordinates": [ 7.091327, 50.7257379 ] } },
{ "type": "Feature", "id": "map — points_8234137043", "properties": { "address": null, "barrier": null, "highway": null, "is_in": null, "man_made": null, "name": null, "osm_id": "8234137043", "other_tags": "\"leaf_type\"=>\"broadleaved\",\"natural\"=>\"tree\"", "place": null, "ref": null, "source_layer": "map — points" }, "geometry": { "type": "Point", "coordinates": [ 7.0914374, 50.7256364 ] } },
{ "type": "Feature", "id": "map — points_8234137044", "properties": { "address": null, "barrier": null, "highway": null, "is_in": null, "man_made": null, "name": null, "osm_id": "8234137044", "other_tags": "\"natural\"=>\"tree\"", "place": null, "ref": null, "source_layer": "map — points" }, "geometry": { "type": "Point", "coordinates": [ 7.091365, 50.7256863 ] } },
{ "type": "Feature", "id": "map — points_8234137045", "properties": { "address": null, "barrier": null, "highway": null, "is_in": null, "man_made": null, "name": null, "osm_id": "8234137045", "other_tags": "\"natural\"=>\"tree\"", "place": null, "ref": null, "source_layer": "map — points" }, "geometry": { "type": "Point", "coordinates": [ 7.0914116, 50.7257199 ] } },
{ "type": "Feature", "id": "map — points_8234137052", "properties": { "address": null, "barrier": null, "highway": null, "is_in": null, "man_made": null, "name": null, "osm_id": "8234137052", "other_tags": "\"natural\"=>\"tree\"", "place": null, "ref": null, "source_layer": "map — points" }, "geometry": { "type": "Point", "coordinates": [ 7.0912418, 50.7255675 ] } },
{ "type": "Feature", "id": "map — points_8234137053", "properties": { "address": null, "barrier": null, "highway": null, "is_in": null, "man_made": null, "name": null, "osm_id": "8234137053", "other_tags": "\"entrance\"=>\"yes\"", "place": null, "ref": null, "source_layer": "map — points" }, "geometry": { "type": "Point", "coordinates": [ 7.0911547, 50.7258014 ] } },
{ "type": "Feature", "id": "map — points_8234137056", "properties": { "address": null, "barrier": "gate", "highway": null, "is_in": null, "man_made": null, "name": null, "osm_id": "8234137056", "other_tags": null, "place": null, "ref": null, "source_layer": "map — points" }, "geometry": { "type": "Point", "coordinates": [ 7.091031, 50.7257083 ] } },
{ "type": "Feature", "id": "map — points_8234137065", "properties": { "address": null, "barrier": "gate", "highway": null, "is_in": null, "man_made": null, "name": null, "osm_id": "8234137065", "other_tags": null, "place": null, "ref": null, "source_layer": "map — points" }, "geometry": { "type": "Point", "coordinates": [ 7.090714, 50.7259004 ] } },
{ "type": "Feature", "id": "map — points_8234137084", "properties": { "address": null, "barrier": null, "highway": null, "is_in": null, "man_made": null, "name": null, "osm_id": "8234137084", "other_tags": "\"natural\"=>\"tree\"", "place": null, "ref": null, "source_layer": "map — points" }, "geometry": { "type": "Point", "coordinates": [ 7.0914411, 50.7259315 ] } },
{ "type": "Feature", "id": "map — points_8234137085", "properties": { "address": null, "barrier": null, "highway": null, "is_in": null, "man_made": null, "name": null, "osm_id": "8234137085", "other_tags": "\"natural\"=>\"tree\"", "place": null, "ref": null, "source_layer": "map — points" }, "geometry": { "type": "Point", "coordinates": [ 7.0915677, 50.7258711 ] } },
{ "type": "Feature", "id": "map — points_8234162821", "properties": { "address": null, "barrier": null, "highway": null, "is_in": null, "man_made": null, "name": null, "osm_id": "8234162821", "other_tags": "\"leaf_type\"=>\"broadleaved\",\"natural\"=>\"tree\"", "place": null, "ref": null, "source_layer": "map — points" }, "geometry": { "type": "Point", "coordinates": [ 7.0911836, 50.7255175 ] } },
{ "type": "Feature", "id": "map — points_8234162823", "properties": { "address": null, "barrier": "gate", "highway": null, "is_in": null, "man_made": null, "name": null, "osm_id": "8234162823", "other_tags": null, "place": null, "ref": null, "source_layer": "map — points" }, "geometry": { "type": "Point", "coordinates": [ 7.090905, 50.7255772 ] } },
{ "type": "Feature", "id": "map — points_8234162841", "properties": { "address": null, "barrier": null, "highway": null, "is_in": null, "man_made": null, "name": null, "osm_id": "8234162841", "other_tags": "\"natural\"=>\"tree\"", "place": null, "ref": null, "source_layer": "map — points" }, "geometry": { "type": "Point", "coordinates": [ 7.0903237, 50.7257064 ] } },
{ "type": "Feature", "id": "map — points_8234162851", "properties": { "address": null, "barrier": "gate", "highway": null, "is_in": null, "man_made": null, "name": null, "osm_id": "8234162851", "other_tags": null, "place": null, "ref": null, "source_layer": "map — points" }, "geometry": { "type": "Point", "coordinates": [ 7.0903788, 50.725823 ] } },
{ "type": "Feature", "id": "map — points_8234162852", "properties": { "address": null, "barrier": "gate", "highway": null, "is_in": null, "man_made": null, "name": null, "osm_id": "8234162852", "other_tags": null, "place": null, "ref": null, "source_layer": "map — points" }, "geometry": { "type": "Point", "coordinates": [ 7.0903134, 50.7258565 ] } },
{ "type": "Feature", "id": "map — points_8234203528", "properties": { "address": null, "barrier": "bollard", "highway": null, "is_in": null, "man_made": null, "name": null, "osm_id": "8234203528", "other_tags": null, "place": null, "ref": null, "source_layer": "map — points" }, "geometry": { "type": "Point", "coordinates": [ 7.0910513, 50.7252749 ] } },
{ "type": "Feature", "id": "map — points_8234203529", "properties": { "address": null, "barrier": "bollard", "highway": null, "is_in": null, "man_made": null, "name": null, "osm_id": "8234203529", "other_tags": null, "place": null, "ref": null, "source_layer": "map — points" }, "geometry": { "type": "Point", "coordinates": [ 7.0910727, 50.7252921 ] } },
{ "type": "Feature", "id": "map — points_8234203530", "properties": { "address": null, "barrier": "bollard", "highway": null, "is_in": null, "man_made": null, "name": null, "osm_id": "8234203530", "other_tags": null, "place": null, "ref": null, "source_layer": "map — points" }, "geometry": { "type": "Point", "coordinates": [ 7.0910969, 50.7253096 ] } },
{ "type": "Feature", "id": "map — points_8234203531", "properties": { "address": null, "barrier": "gate", "highway": null, "is_in": null, "man_made": null, "name": null, "osm_id": "8234203531", "other_tags": null, "place": null, "ref": null, "source_layer": "map — points" }, "geometry": { "type": "Point", "coordinates": [ 7.0908377, 50.7251397 ] } },
{ "type": "Feature", "id": "map — points_8234203532", "properties": { "address": null, "barrier": "gate", "highway": null, "is_in": null, "man_made": null, "name": null, "osm_id": "8234203532", "other_tags": "\"maxwidth:physical\"=>\"1.4\",\"source:maxwidth:physical\"=>\"ARCore\"", "place": null, "ref": null, "source_layer": "map — points" }, "geometry": { "type": "Point", "coordinates": [ 7.0906438, 50.7249864 ] } },
{ "type": "Feature", "id": "map — points_8234203533", "properties": { "address": null, "barrier": "gate", "highway": null, "is_in": null, "man_made": null, "name": null, "osm_id": "8234203533", "other_tags": "\"maxwidth:physical\"=>\"1.4\"", "place": null, "ref": null, "source_layer": "map — points" }, "geometry": { "type": "Point", "coordinates": [ 7.090758, 50.7250784 ] } },
{ "type": "Feature", "id": "map — points_8237682935", "properties": { "address": null, "barrier": null, "highway": null, "is_in": null, "man_made": null, "name": null, "osm_id": "8237682935", "other_tags": "\"natural\"=>\"tree\"", "place": null, "ref": null, "source_layer": "map — points" }, "geometry": { "type": "Point", "coordinates": [ 7.0934153, 50.7250467 ] } },
{ "type": "Feature", "id": "map — points_8237682942", "properties": { "address": null, "barrier": null, "highway": null, "is_in": null, "man_made": null, "name": null, "osm_id": "8237682942", "other_tags": "\"natural\"=>\"tree\"", "place": null, "ref": null, "source_layer": "map — points" }, "geometry": { "type": "Point", "coordinates": [ 7.0935641, 50.7251033 ] } },
{ "type": "Feature", "id": "map — points_8237682946", "properties": { "address": null, "barrier": null, "highway": null, "is_in": null, "man_made": null, "name": null, "osm_id": "8237682946", "other_tags": "\"natural\"=>\"tree\"", "place": null, "ref": null, "source_layer": "map — points" }, "geometry": { "type": "Point", "coordinates": [ 7.0910459, 50.724954 ] } },
{ "type": "Feature", "id": "map — points_8237682954", "properties": { "address": null, "barrier": null, "highway": null, "is_in": null, "man_made": null, "name": null, "osm_id": "8237682954", "other_tags": "\"natural\"=>\"tree\"", "place": null, "ref": null, "source_layer": "map — points" }, "geometry": { "type": "Point", "coordinates": [ 7.0911506, 50.7249783 ] } },
{ "type": "Feature", "id": "map — points_8237682971", "properties": { "address": null, "barrier": null, "highway": null, "is_in": null, "man_made": null, "name": null, "osm_id": "8237682971", "other_tags": "\"leaf_type\"=>\"broadleaved\",\"natural\"=>\"tree\"", "place": null, "ref": null, "source_layer": "map — points" }, "geometry": { "type": "Point", "coordinates": [ 7.0906868, 50.7247815 ] } },
{ "type": "Feature", "id": "map — points_8237682979", "properties": { "address": null, "barrier": null, "highway": null, "is_in": null, "man_made": null, "name": null, "osm_id": "8237682979", "other_tags": "\"leaf_type\"=>\"broadleaved\",\"natural\"=>\"tree\"", "place": null, "ref": null, "source_layer": "map — points" }, "geometry": { "type": "Point", "coordinates": [ 7.0908322, 50.7247146 ] } },
{ "type": "Feature", "id": "map — points_8237682986", "properties": { "address": null, "barrier": null, "highway": null, "is_in": null, "man_made": null, "name": null, "osm_id": "8237682986", "other_tags": "\"denotation\"=>\"garden\",\"leaf_cycle\"=>\"deciduous\",\"leaf_type\"=>\"broadleaved\",\"natural\"=>\"tree\",\"panoramax\"=>\"e679265d-c1b5-4ffc-997d-d090070c167a\",\"species\"=>\"Acer pseudoplatanus\",\"species:wikidata\"=>\"Q156944\"", "place": null, "ref": "2988-9-1910", "source_layer": "map — points" }, "geometry": { "type": "Point", "coordinates": [ 7.0937478, 50.725741 ] } },
{ "type": "Feature", "id": "map — points_8237853198", "properties": { "address": null, "barrier": null, "highway": null, "is_in": null, "man_made": null, "name": null, "osm_id": "8237853198", "other_tags": "\"leaf_type\"=>\"broadleaved\",\"natural\"=>\"tree\"", "place": null, "ref": null, "source_layer": "map — points" }, "geometry": { "type": "Point", "coordinates": [ 7.0910625, 50.7250881 ] } },
{ "type": "Feature", "id": "map — points_8237853199", "properties": { "address": null, "barrier": null, "highway": null, "is_in": null, "man_made": null, "name": null, "osm_id": "8237853199", "other_tags": "\"natural\"=>\"tree\"", "place": null, "ref": null, "source_layer": "map — points" }, "geometry": { "type": "Point", "coordinates": [ 7.0912316, 50.7251177 ] } },
{ "type": "Feature", "id": "map — points_8237853200", "properties": { "address": null, "barrier": null, "highway": null, "is_in": null, "man_made": null, "name": null, "osm_id": "8237853200", "other_tags": "\"leaf_type\"=>\"broadleaved\",\"natural\"=>\"tree\"", "place": null, "ref": null, "source_layer": "map — points" }, "geometry": { "type": "Point", "coordinates": [ 7.0913586, 50.7253205 ] } },
{ "type": "Feature", "id": "map — points_8237853201", "properties": { "address": null, "barrier": null, "highway": null, "is_in": null, "man_made": null, "name": null, "osm_id": "8237853201", "other_tags": "\"natural\"=>\"tree\"", "place": null, "ref": null, "source_layer": "map — points" }, "geometry": { "type": "Point", "coordinates": [ 7.0915895, 50.7254907 ] } },
{ "type": "Feature", "id": "map — points_8237853202", "properties": { "address": null, "barrier": null, "highway": null, "is_in": null, "man_made": null, "name": null, "osm_id": "8237853202", "other_tags": "\"natural\"=>\"tree\"", "place": null, "ref": null, "source_layer": "map — points" }, "geometry": { "type": "Point", "coordinates": [ 7.0916492, 50.7255096 ] } },
{ "type": "Feature", "id": "map — points_8237853203", "properties": { "address": null, "barrier": null, "highway": null, "is_in": null, "man_made": null, "name": null, "osm_id": "8237853203", "other_tags": "\"natural\"=>\"tree\"", "place": null, "ref": null, "source_layer": "map — points" }, "geometry": { "type": "Point", "coordinates": [ 7.0918422, 50.7255952 ] } },
{ "type": "Feature", "id": "map — points_8237853212", "properties": { "address": null, "barrier": null, "highway": null, "is_in": null, "man_made": null, "name": null, "osm_id": "8237853212", "other_tags": "\"leaf_type\"=>\"broadleaved\",\"natural\"=>\"tree\"", "place": null, "ref": null, "source_layer": "map — points" }, "geometry": { "type": "Point", "coordinates": [ 7.0905193, 50.7246194 ] } },
{ "type": "Feature", "id": "map — points_8237853233", "properties": { "address": null, "barrier": null, "highway": null, "is_in": null, "man_made": null, "name": null, "osm_id": "8237853233", "other_tags": "\"natural\"=>\"tree\"", "place": null, "ref": null, "source_layer": "map — points" }, "geometry": { "type": "Point", "coordinates": [ 7.0911282, 50.7245985 ] } },
{ "type": "Feature", "id": "map — points_8237896649", "properties": { "address": null, "barrier": null, "highway": null, "is_in": null, "man_made": null, "name": null, "osm_id": "8237896649", "other_tags": "\"natural\"=>\"tree\"", "place": null, "ref": null, "source_layer": "map — points" }, "geometry": { "type": "Point", "coordinates": [ 7.0936215, 50.7247738 ] } },
{ "type": "Feature", "id": "map — points_8237957503", "properties": { "address": null, "barrier": null, "highway": null, "is_in": null, "man_made": null, "name": null, "osm_id": "8237957503", "other_tags": "\"board_type\"=>\"plants\",\"information\"=>\"board\",\"noname\"=>\"yes\",\"tourism\"=>\"information\"", "place": null, "ref": null, "source_layer": "map — points" }, "geometry": { "type": "Point", "coordinates": [ 7.0923317, 50.7245321 ] } },
{ "type": "Feature", "id": "map — points_8237957506", "properties": { "address": null, "barrier": null, "highway": null, "is_in": null, "man_made": null, "name": null, "osm_id": "8237957506", "other_tags": "\"entrance\"=>\"yes\"", "place": null, "ref": null, "source_layer": "map — points" }, "geometry": { "type": "Point", "coordinates": [ 7.0922379, 50.7246734 ] } },
{ "type": "Feature", "id": "map — points_8242554352", "properties": { "address": null, "barrier": null, "highway": null, "is_in": null, "man_made": null, "name": null, "osm_id": "8242554352", "other_tags": "\"natural\"=>\"tree\"", "place": null, "ref": null, "source_layer": "map — points" }, "geometry": { "type": "Point", "coordinates": [ 7.0910752, 50.7249999 ] } },
{ "type": "Feature", "id": "map — points_8250337258", "properties": { "address": null, "barrier": null, "highway": null, "is_in": null, "man_made": null, "name": null, "osm_id": "8250337258", "other_tags": "\"amenity\"=>\"bench\",\"backrest\"=>\"yes\"", "place": null, "ref": null, "source_layer": "map — points" }, "geometry": { "type": "Point", "coordinates": [ 7.0925781, 50.7248676 ] } },
{ "type": "Feature", "id": "map — points_8250337259", "properties": { "address": null, "barrier": null, "highway": null, "is_in": null, "man_made": null, "name": null, "osm_id": "8250337259", "other_tags": "\"amenity\"=>\"bench\",\"backrest\"=>\"yes\"", "place": null, "ref": null, "source_layer": "map — points" }, "geometry": { "type": "Point", "coordinates": [ 7.0926039, 50.7248809 ] } },
{ "type": "Feature", "id": "map — points_8250337260", "properties": { "address": null, "barrier": null, "highway": null, "is_in": null, "man_made": null, "name": null, "osm_id": "8250337260", "other_tags": "\"amenity\"=>\"bench\",\"backrest\"=>\"yes\"", "place": null, "ref": null, "source_layer": "map — points" }, "geometry": { "type": "Point", "coordinates": [ 7.092521, 50.7248239 ] } },
{ "type": "Feature", "id": "map — points_8250337261", "properties": { "address": null, "barrier": null, "highway": null, "is_in": null, "man_made": null, "name": null, "osm_id": "8250337261", "other_tags": "\"amenity\"=>\"bench\",\"backrest\"=>\"yes\"", "place": null, "ref": null, "source_layer": "map — points" }, "geometry": { "type": "Point", "coordinates": [ 7.0925079, 50.7248034 ] } },
{ "type": "Feature", "id": "map — points_8250337262", "properties": { "address": null, "barrier": null, "highway": null, "is_in": null, "man_made": null, "name": null, "osm_id": "8250337262", "other_tags": "\"amenity\"=>\"bench\",\"backrest\"=>\"yes\"", "place": null, "ref": null, "source_layer": "map — points" }, "geometry": { "type": "Point", "coordinates": [ 7.0927364, 50.7248177 ] } },
{ "type": "Feature", "id": "map — points_8250337263", "properties": { "address": null, "barrier": null, "highway": null, "is_in": null, "man_made": null, "name": null, "osm_id": "8250337263", "other_tags": "\"amenity\"=>\"bench\",\"backrest\"=>\"yes\"", "place": null, "ref": null, "source_layer": "map — points" }, "geometry": { "type": "Point", "coordinates": [ 7.0927417, 50.724792 ] } },
{ "type": "Feature", "id": "map — points_8250337264", "properties": { "address": null, "barrier": null, "highway": null, "is_in": null, "man_made": null, "name": null, "osm_id": "8250337264", "other_tags": "\"amenity\"=>\"bench\",\"backrest\"=>\"yes\"", "place": null, "ref": null, "source_layer": "map — points" }, "geometry": { "type": "Point", "coordinates": [ 7.092677, 50.7247387 ] } },
{ "type": "Feature", "id": "map — points_8250337265", "properties": { "address": null, "barrier": null, "highway": null, "is_in": null, "man_made": null, "name": null, "osm_id": "8250337265", "other_tags": "\"amenity\"=>\"bench\",\"backrest\"=>\"yes\"", "place": null, "ref": null, "source_layer": "map — points" }, "geometry": { "type": "Point", "coordinates": [ 7.0926315, 50.7247354 ] } },
{ "type": "Feature", "id": "map — points_8274476846", "properties": { "address": null, "barrier": null, "highway": null, "is_in": null, "man_made": null, "name": "Drei Kraniche", "osm_id": "8274476846", "other_tags": "\"artist_name\"=>\"Felix Kupsch\",\"artwork_type\"=>\"sculpture\",\"material\"=>\"bronze\",\"tourism\"=>\"artwork\",\"wikidata\"=>\"Q60314591\",\"wikimedia_commons\"=>\"Category:Drei Kraniche (Botanischer Garten, Bonn)\"", "place": null, "ref": null, "source_layer": "map — points" }, "geometry": { "type": "Point", "coordinates": [ 7.0931733, 50.7245237 ] } },
{ "type": "Feature", "id": "map — points_8274484464", "properties": { "address": null, "barrier": null, "highway": null, "is_in": null, "man_made": null, "name": "Lyra", "osm_id": "8274484464", "other_tags": "\"artist_name\"=>\"Ladis Schwartz\",\"artwork_type\"=>\"sculpture\",\"material\"=>\"bronze\",\"start_date\"=>\"1985\",\"tourism\"=>\"artwork\",\"wikimedia_commons\"=>\"File:2018-06-18-bonn-meckenheimer-allee-169-botanischer-garten-lyrabrunnen-07.jpg\"", "place": null, "ref": null, "source_layer": "map — points" }, "geometry": { "type": "Point", "coordinates": [ 7.0915373, 50.7246251 ] } },
{ "type": "Feature", "id": "map — points_8297346740", "properties": { "address": null, "barrier": null, "highway": null, "is_in": null, "man_made": null, "name": null, "osm_id": "8297346740", "other_tags": "\"leaf_type\"=>\"broadleaved\",\"natural\"=>\"tree\"", "place": null, "ref": null, "source_layer": "map — points" }, "geometry": { "type": "Point", "coordinates": [ 7.0924643, 50.7259244 ] } },
{ "type": "Feature", "id": "map — points_8297346741", "properties": { "address": null, "barrier": null, "highway": null, "is_in": null, "man_made": null, "name": null, "osm_id": "8297346741", "other_tags": "\"leaf_type\"=>\"broadleaved\",\"natural\"=>\"tree\"", "place": null, "ref": null, "source_layer": "map — points" }, "geometry": { "type": "Point", "coordinates": [ 7.0923896, 50.7258734 ] } },
{ "type": "Feature", "id": "map — points_8297346794", "properties": { "address": null, "barrier": null, "highway": null, "is_in": null, "man_made": null, "name": null, "osm_id": "8297346794", "other_tags": "\"leaf_type\"=>\"broadleaved\",\"natural\"=>\"tree\"", "place": null, "ref": null, "source_layer": "map — points" }, "geometry": { "type": "Point", "coordinates": [ 7.0922479, 50.7257496 ] } },
{ "type": "Feature", "id": "map — points_8297346795", "properties": { "address": null, "barrier": null, "highway": null, "is_in": null, "man_made": null, "name": null, "osm_id": "8297346795", "other_tags": "\"leaf_type\"=>\"broadleaved\",\"natural\"=>\"tree\"", "place": null, "ref": null, "source_layer": "map — points" }, "geometry": { "type": "Point", "coordinates": [ 7.0921845, 50.725708 ] } },
{ "type": "Feature", "id": "map — points_8297346796", "properties": { "address": null, "barrier": null, "highway": null, "is_in": null, "man_made": null, "name": null, "osm_id": "8297346796", "other_tags": "\"leaf_type\"=>\"broadleaved\",\"natural\"=>\"tree\"", "place": null, "ref": null, "source_layer": "map — points" }, "geometry": { "type": "Point", "coordinates": [ 7.0921176, 50.7256572 ] } },
{ "type": "Feature", "id": "map — points_8297346797", "properties": { "address": null, "barrier": null, "highway": null, "is_in": null, "man_made": null, "name": null, "osm_id": "8297346797", "other_tags": "\"leaf_type\"=>\"broadleaved\",\"natural\"=>\"tree\"", "place": null, "ref": null, "source_layer": "map — points" }, "geometry": { "type": "Point", "coordinates": [ 7.0921862, 50.725578 ] } },
{ "type": "Feature", "id": "map — points_8297346798", "properties": { "address": null, "barrier": null, "highway": null, "is_in": null, "man_made": null, "name": null, "osm_id": "8297346798", "other_tags": "\"leaf_type\"=>\"broadleaved\",\"natural\"=>\"tree\"", "place": null, "ref": null, "source_layer": "map — points" }, "geometry": { "type": "Point", "coordinates": [ 7.0922208, 50.7256079 ] } },
{ "type": "Feature", "id": "map — points_8297346799", "properties": { "address": null, "barrier": null, "highway": null, "is_in": null, "man_made": null, "name": null, "osm_id": "8297346799", "other_tags": "\"leaf_type\"=>\"broadleaved\",\"natural\"=>\"tree\"", "place": null, "ref": null, "source_layer": "map — points" }, "geometry": { "type": "Point", "coordinates": [ 7.0922595, 50.7256371 ] } },
{ "type": "Feature", "id": "map — points_8297346800", "properties": { "address": null, "barrier": null, "highway": null, "is_in": null, "man_made": null, "name": null, "osm_id": "8297346800", "other_tags": "\"leaf_type\"=>\"broadleaved\",\"natural\"=>\"tree\"", "place": null, "ref": null, "source_layer": "map — points" }, "geometry": { "type": "Point", "coordinates": [ 7.0922952, 50.7256631 ] } },
{ "type": "Feature", "id": "map — points_8297346801", "properties": { "address": null, "barrier": null, "highway": null, "is_in": null, "man_made": null, "name": null, "osm_id": "8297346801", "other_tags": "\"leaf_type\"=>\"broadleaved\",\"natural\"=>\"tree\"", "place": null, "ref": null, "source_layer": "map — points" }, "geometry": { "type": "Point", "coordinates": [ 7.0923287, 50.7256904 ] } },
{ "type": "Feature", "id": "map — points_8297346802", "properties": { "address": null, "barrier": null, "highway": null, "is_in": null, "man_made": null, "name": null, "osm_id": "8297346802", "other_tags": "\"leaf_type\"=>\"broadleaved\",\"natural\"=>\"tree\"", "place": null, "ref": null, "source_layer": "map — points" }, "geometry": { "type": "Point", "coordinates": [ 7.0923668, 50.7257215 ] } },
{ "type": "Feature", "id": "map — points_8297346803", "properties": { "address": null, "barrier": null, "highway": null, "is_in": null, "man_made": null, "name": null, "osm_id": "8297346803", "other_tags": "\"leaf_type\"=>\"broadleaved\",\"natural\"=>\"tree\"", "place": null, "ref": null, "source_layer": "map — points" }, "geometry": { "type": "Point", "coordinates": [ 7.0923973, 50.7257474 ] } },
{ "type": "Feature", "id": "map — points_8297346804", "properties": { "address": null, "barrier": null, "highway": null, "is_in": null, "man_made": null, "name": null, "osm_id": "8297346804", "other_tags": "\"leaf_type\"=>\"broadleaved\",\"natural\"=>\"tree\"", "place": null, "ref": null, "source_layer": "map — points" }, "geometry": { "type": "Point", "coordinates": [ 7.0925502, 50.7258051 ] } },
{ "type": "Feature", "id": "map — points_8297346805", "properties": { "address": null, "barrier": null, "highway": null, "is_in": null, "man_made": null, "name": null, "osm_id": "8297346805", "other_tags": "\"leaf_type\"=>\"broadleaved\",\"natural\"=>\"tree\"", "place": null, "ref": null, "source_layer": "map — points" }, "geometry": { "type": "Point", "coordinates": [ 7.0925167, 50.7257792 ] } },
{ "type": "Feature", "id": "map — points_8297346806", "properties": { "address": null, "barrier": null, "highway": null, "is_in": null, "man_made": null, "name": null, "osm_id": "8297346806", "other_tags": "\"leaf_type\"=>\"broadleaved\",\"natural\"=>\"tree\"", "place": null, "ref": null, "source_layer": "map — points" }, "geometry": { "type": "Point", "coordinates": [ 7.0924781, 50.72575 ] } },
{ "type": "Feature", "id": "map — points_8297346807", "properties": { "address": null, "barrier": null, "highway": null, "is_in": null, "man_made": null, "name": null, "osm_id": "8297346807", "other_tags": "\"leaf_type\"=>\"broadleaved\",\"natural\"=>\"tree\"", "place": null, "ref": null, "source_layer": "map — points" }, "geometry": { "type": "Point", "coordinates": [ 7.0924441, 50.7257211 ] } },
{ "type": "Feature", "id": "map — points_8297346808", "properties": { "address": null, "barrier": null, "highway": null, "is_in": null, "man_made": null, "name": null, "osm_id": "8297346808", "other_tags": "\"leaf_type\"=>\"broadleaved\",\"natural\"=>\"tree\"", "place": null, "ref": null, "source_layer": "map — points" }, "geometry": { "type": "Point", "coordinates": [ 7.0924089, 50.7256952 ] } },
{ "type": "Feature", "id": "map — points_8297346809", "properties": { "address": null, "barrier": null, "highway": null, "is_in": null, "man_made": null, "name": null, "osm_id": "8297346809", "other_tags": "\"leaf_type\"=>\"broadleaved\",\"natural\"=>\"tree\"", "place": null, "ref": null, "source_layer": "map — points" }, "geometry": { "type": "Point", "coordinates": [ 7.0923708, 50.7256649 ] } },
{ "type": "Feature", "id": "map — points_8297346810", "properties": { "address": null, "barrier": null, "highway": null, "is_in": null, "man_made": null, "name": null, "osm_id": "8297346810", "other_tags": "\"leaf_type\"=>\"broadleaved\",\"natural\"=>\"tree\"", "place": null, "ref": null, "source_layer": "map — points" }, "geometry": { "type": "Point", "coordinates": [ 7.0923373, 50.7256371 ] } },
{ "type": "Feature", "id": "map — points_8297346811", "properties": { "address": null, "barrier": null, "highway": null, "is_in": null, "man_made": null, "name": null, "osm_id": "8297346811", "other_tags": "\"leaf_type\"=>\"broadleaved\",\"natural\"=>\"tree\"", "place": null, "ref": null, "source_layer": "map — points" }, "geometry": { "type": "Point", "coordinates": [ 7.0923004, 50.7256086 ] } },
{ "type": "Feature", "id": "map — points_8297346812", "properties": { "address": null, "barrier": null, "highway": null, "is_in": null, "man_made": null, "name": null, "osm_id": "8297346812", "other_tags": "\"leaf_type\"=>\"broadleaved\",\"natural\"=>\"tree\"", "place": null, "ref": null, "source_layer": "map — points" }, "geometry": { "type": "Point", "coordinates": [ 7.0922624, 50.7255776 ] } },
{ "type": "Feature", "id": "map — points_8297346813", "properties": { "address": null, "barrier": null, "highway": null, "is_in": null, "man_made": null, "name": null, "osm_id": "8297346813", "other_tags": "\"leaf_type\"=>\"broadleaved\",\"natural\"=>\"tree\"", "place": null, "ref": null, "source_layer": "map — points" }, "geometry": { "type": "Point", "coordinates": [ 7.0922289, 50.7255466 ] } },
{ "type": "Feature", "id": "map — points_8297346814", "properties": { "address": null, "barrier": null, "highway": null, "is_in": null, "man_made": null, "name": null, "osm_id": "8297346814", "other_tags": "\"leaf_type\"=>\"broadleaved\",\"natural\"=>\"tree\"", "place": null, "ref": null, "source_layer": "map — points" }, "geometry": { "type": "Point", "coordinates": [ 7.0925888, 50.725835 ] } },
{ "type": "Feature", "id": "map — points_8297346815", "properties": { "address": null, "barrier": null, "highway": null, "is_in": null, "man_made": null, "name": null, "osm_id": "8297346815", "other_tags": "\"leaf_type\"=>\"broadleaved\",\"natural\"=>\"tree\"", "place": null, "ref": null, "source_layer": "map — points" }, "geometry": { "type": "Point", "coordinates": [ 7.0926217, 50.7258621 ] } },
{ "type": "Feature", "id": "map — points_8297346816", "properties": { "address": null, "barrier": null, "highway": null, "is_in": null, "man_made": null, "name": null, "osm_id": "8297346816", "other_tags": "\"leaf_type\"=>\"broadleaved\",\"natural\"=>\"tree\"", "place": null, "ref": null, "source_layer": "map — points" }, "geometry": { "type": "Point", "coordinates": [ 7.0926529, 50.7258902 ] } },
{ "type": "Feature", "id": "map — points_8297348517", "properties": { "address": null, "barrier": null, "highway": null, "is_in": null, "man_made": null, "name": null, "osm_id": "8297348517", "other_tags": "\"leaf_type\"=>\"broadleaved\",\"natural\"=>\"tree\"", "place": null, "ref": null, "source_layer": "map — points" }, "geometry": { "type": "Point", "coordinates": [ 7.0926857, 50.7259128 ] } },
{ "type": "Feature", "id": "map — points_8297348518", "properties": { "address": null, "barrier": null, "highway": null, "is_in": null, "man_made": null, "name": null, "osm_id": "8297348518", "other_tags": "\"leaf_type\"=>\"broadleaved\",\"natural\"=>\"tree\"", "place": null, "ref": null, "source_layer": "map — points" }, "geometry": { "type": "Point", "coordinates": [ 7.0927152, 50.7259391 ] } },
{ "type": "Feature", "id": "map — points_8297348519", "properties": { "address": null, "barrier": null, "highway": null, "is_in": null, "man_made": null, "name": null, "osm_id": "8297348519", "other_tags": "\"leaf_type\"=>\"broadleaved\",\"natural\"=>\"tree\"", "place": null, "ref": null, "source_layer": "map — points" }, "geometry": { "type": "Point", "coordinates": [ 7.0927457, 50.7259625 ] } },
{ "type": "Feature", "id": "map — points_8297348532", "properties": { "address": null, "barrier": null, "highway": null, "is_in": null, "man_made": null, "name": null, "osm_id": "8297348532", "other_tags": "\"leaf_type\"=>\"broadleaved\",\"natural\"=>\"tree\"", "place": null, "ref": null, "source_layer": "map — points" }, "geometry": { "type": "Point", "coordinates": [ 7.0930544, 50.7253899 ] } },
{ "type": "Feature", "id": "map — points_8297348533", "properties": { "address": null, "barrier": null, "highway": null, "is_in": null, "man_made": null, "name": null, "osm_id": "8297348533", "other_tags": "\"leaf_type\"=>\"broadleaved\",\"natural\"=>\"tree\"", "place": null, "ref": null, "source_layer": "map — points" }, "geometry": { "type": "Point", "coordinates": [ 7.0930959, 50.7254215 ] } },
{ "type": "Feature", "id": "map — points_8297348534", "properties": { "address": null, "barrier": null, "highway": null, "is_in": null, "man_made": null, "name": null, "osm_id": "8297348534", "other_tags": "\"leaf_type\"=>\"broadleaved\",\"natural\"=>\"tree\"", "place": null, "ref": null, "source_layer": "map — points" }, "geometry": { "type": "Point", "coordinates": [ 7.0931344, 50.7254543 ] } },
{ "type": "Feature", "id": "map — points_8297348535", "properties": { "address": null, "barrier": null, "highway": null, "is_in": null, "man_made": null, "name": null, "osm_id": "8297348535", "other_tags": "\"leaf_type\"=>\"broadleaved\",\"natural\"=>\"tree\"", "place": null, "ref": null, "source_layer": "map — points" }, "geometry": { "type": "Point", "coordinates": [ 7.0931735, 50.7254855 ] } },
{ "type": "Feature", "id": "map — points_8297348536", "properties": { "address": null, "barrier": null, "highway": null, "is_in": null, "man_made": null, "name": null, "osm_id": "8297348536", "other_tags": "\"leaf_type\"=>\"broadleaved\",\"natural\"=>\"tree\"", "place": null, "ref": null, "source_layer": "map — points" }, "geometry": { "type": "Point", "coordinates": [ 7.0930141, 50.7254101 ] } },
{ "type": "Feature", "id": "map — points_8297348537", "properties": { "address": null, "barrier": null, "highway": null, "is_in": null, "man_made": null, "name": null, "osm_id": "8297348537", "other_tags": "\"leaf_type\"=>\"broadleaved\",\"natural\"=>\"tree\"", "place": null, "ref": null, "source_layer": "map — points" }, "geometry": { "type": "Point", "coordinates": [ 7.093052, 50.725439 ] } },
{ "type": "Feature", "id": "map — points_8297348538", "properties": { "address": null, "barrier": null, "highway": null, "is_in": null, "man_made": null, "name": null, "osm_id": "8297348538", "other_tags": "\"leaf_type\"=>\"broadleaved\",\"natural\"=>\"tree\"", "place": null, "ref": null, "source_layer": "map — points" }, "geometry": { "type": "Point", "coordinates": [ 7.0930923, 50.7254722 ] } },
{ "type": "Feature", "id": "map — points_8297348539", "properties": { "address": null, "barrier": null, "highway": null, "is_in": null, "man_made": null, "name": null, "osm_id": "8297348539", "other_tags": "\"leaf_type\"=>\"broadleaved\",\"natural\"=>\"tree\"", "place": null, "ref": null, "source_layer": "map — points" }, "geometry": { "type": "Point", "coordinates": [ 7.0931332, 50.725503 ] } },
{ "type": "Feature", "id": "map — points_8297348551", "properties": { "address": null, "barrier": null, "highway": null, "is_in": null, "man_made": null, "name": null, "osm_id": "8297348551", "other_tags": "\"leaf_type\"=>\"broadleaved\",\"natural\"=>\"tree\"", "place": null, "ref": null, "source_layer": "map — points" }, "geometry": { "type": "Point", "coordinates": [ 7.0921279, 50.7257371 ] } },
{ "type": "Feature", "id": "map — points_8297348552", "properties": { "address": null, "barrier": null, "highway": null, "is_in": null, "man_made": null, "name": null, "osm_id": "8297348552", "other_tags": "\"leaf_type\"=>\"broadleaved\",\"natural\"=>\"tree\"", "place": null, "ref": null, "source_layer": "map — points" }, "geometry": { "type": "Point", "coordinates": [ 7.0920646, 50.7256874 ] } },
{ "type": "Feature", "id": "map — points_8297348553", "properties": { "address": null, "barrier": null, "highway": null, "is_in": null, "man_made": null, "name": null, "osm_id": "8297348553", "other_tags": "\"leaf_type\"=>\"broadleaved\",\"natural\"=>\"tree\"", "place": null, "ref": null, "source_layer": "map — points" }, "geometry": { "type": "Point", "coordinates": [ 7.0923338, 50.7259021 ] } },
{ "type": "Feature", "id": "map — points_8297348554", "properties": { "address": null, "barrier": null, "highway": null, "is_in": null, "man_made": null, "name": null, "osm_id": "8297348554", "other_tags": "\"leaf_type\"=>\"broadleaved\",\"natural\"=>\"tree\"", "place": null, "ref": null, "source_layer": "map — points" }, "geometry": { "type": "Point", "coordinates": [ 7.0924044, 50.7259576 ] } },
{ "type": "Feature", "id": "map — points_8297348574", "properties": { "address": null, "barrier": null, "highway": null, "is_in": null, "man_made": null, "name": null, "osm_id": "8297348574", "other_tags": "\"leaf_type\"=>\"broadleaved\",\"natural\"=>\"tree\"", "place": null, "ref": null, "source_layer": "map — points" }, "geometry": { "type": "Point", "coordinates": [ 7.0926452, 50.7259443 ] } },
{ "type": "Feature", "id": "map — points_8297348575", "properties": { "address": null, "barrier": null, "highway": null, "is_in": null, "man_made": null, "name": null, "osm_id": "8297348575", "other_tags": "\"leaf_type\"=>\"broadleaved\",\"natural\"=>\"tree\"", "place": null, "ref": null, "source_layer": "map — points" }, "geometry": { "type": "Point", "coordinates": [ 7.0926076, 50.7259113 ] } },
{ "type": "Feature", "id": "map — points_8297348576", "properties": { "address": null, "barrier": null, "highway": null, "is_in": null, "man_made": null, "name": null, "osm_id": "8297348576", "other_tags": "\"leaf_type\"=>\"broadleaved\",\"natural\"=>\"tree\"", "place": null, "ref": null, "source_layer": "map — points" }, "geometry": { "type": "Point", "coordinates": [ 7.0925739, 50.7258841 ] } },
{ "type": "Feature", "id": "map — points_8297348577", "properties": { "address": null, "barrier": null, "highway": null, "is_in": null, "man_made": null, "name": null, "osm_id": "8297348577", "other_tags": "\"leaf_type\"=>\"broadleaved\",\"natural\"=>\"tree\"", "place": null, "ref": null, "source_layer": "map — points" }, "geometry": { "type": "Point", "coordinates": [ 7.0925423, 50.7258607 ] } },
{ "type": "Feature", "id": "map — points_8297348578", "properties": { "address": null, "barrier": null, "highway": null, "is_in": null, "man_made": null, "name": null, "osm_id": "8297348578", "other_tags": "\"leaf_type\"=>\"broadleaved\",\"natural\"=>\"tree\"", "place": null, "ref": null, "source_layer": "map — points" }, "geometry": { "type": "Point", "coordinates": [ 7.092506, 50.7258348 ] } },
{ "type": "Feature", "id": "map — points_8297348581", "properties": { "address": null, "barrier": null, "highway": null, "is_in": null, "man_made": null, "name": null, "osm_id": "8297348581", "other_tags": "\"leaf_type\"=>\"broadleaved\",\"natural\"=>\"tree\"", "place": null, "ref": null, "source_layer": "map — points" }, "geometry": { "type": "Point", "coordinates": [ 7.0932386, 50.7255986 ] } },
{ "type": "Feature", "id": "map — points_8297348582", "properties": { "address": null, "barrier": null, "highway": null, "is_in": null, "man_made": null, "name": null, "osm_id": "8297348582", "other_tags": "\"leaf_type\"=>\"broadleaved\",\"natural\"=>\"tree\"", "place": null, "ref": null, "source_layer": "map — points" }, "geometry": { "type": "Point", "coordinates": [ 7.0932804, 50.7255697 ] } },
{ "type": "Feature", "id": "map — points_8297348583", "properties": { "address": null, "barrier": null, "highway": null, "is_in": null, "man_made": null, "name": null, "osm_id": "8297348583", "other_tags": "\"leaf_type\"=>\"broadleaved\",\"natural\"=>\"tree\"", "place": null, "ref": null, "source_layer": "map — points" }, "geometry": { "type": "Point", "coordinates": [ 7.0933165, 50.7255998 ] } },
{ "type": "Feature", "id": "map — points_8297348584", "properties": { "address": null, "barrier": null, "highway": null, "is_in": null, "man_made": null, "name": null, "osm_id": "8297348584", "other_tags": "\"leaf_type\"=>\"broadleaved\",\"natural\"=>\"tree\"", "place": null, "ref": null, "source_layer": "map — points" }, "geometry": { "type": "Point", "coordinates": [ 7.093364, 50.7256326 ] } },
{ "type": "Feature", "id": "map — points_8297348585", "properties": { "address": null, "barrier": null, "highway": null, "is_in": null, "man_made": null, "name": null, "osm_id": "8297348585", "other_tags": "\"leaf_type\"=>\"broadleaved\",\"natural\"=>\"tree\"", "place": null, "ref": null, "source_layer": "map — points" }, "geometry": { "type": "Point", "coordinates": [ 7.0934007, 50.7256647 ] } },
{ "type": "Feature", "id": "map — points_8297348586", "properties": { "address": null, "barrier": null, "highway": null, "is_in": null, "man_made": null, "name": null, "osm_id": "8297348586", "other_tags": "\"leaf_type\"=>\"broadleaved\",\"natural\"=>\"tree\"", "place": null, "ref": null, "source_layer": "map — points" }, "geometry": { "type": "Point", "coordinates": [ 7.0934412, 50.7256951 ] } },
{ "type": "Feature", "id": "map — points_8297348587", "properties": { "address": null, "barrier": null, "highway": null, "is_in": null, "man_made": null, "name": null, "osm_id": "8297348587", "other_tags": "\"leaf_type\"=>\"broadleaved\",\"natural\"=>\"tree\"", "place": null, "ref": null, "source_layer": "map — points" }, "geometry": { "type": "Point", "coordinates": [ 7.0934817, 50.7257312 ] } },
{ "type": "Feature", "id": "map — points_8297348588", "properties": { "address": null, "barrier": null, "highway": null, "is_in": null, "man_made": null, "name": null, "osm_id": "8297348588", "other_tags": "\"leaf_type\"=>\"broadleaved\",\"natural\"=>\"tree\"", "place": null, "ref": null, "source_layer": "map — points" }, "geometry": { "type": "Point", "coordinates": [ 7.0935184, 50.7257636 ] } },
{ "type": "Feature", "id": "map — points_8297348589", "properties": { "address": null, "barrier": null, "highway": null, "is_in": null, "man_made": null, "name": null, "osm_id": "8297348589", "other_tags": "\"leaf_type\"=>\"broadleaved\",\"natural\"=>\"tree\"", "place": null, "ref": null, "source_layer": "map — points" }, "geometry": { "type": "Point", "coordinates": [ 7.093557, 50.7257913 ] } },
{ "type": "Feature", "id": "map — points_8297348590", "properties": { "address": null, "barrier": null, "highway": null, "is_in": null, "man_made": null, "name": null, "osm_id": "8297348590", "other_tags": "\"leaf_type\"=>\"broadleaved\",\"natural\"=>\"tree\"", "place": null, "ref": null, "source_layer": "map — points" }, "geometry": { "type": "Point", "coordinates": [ 7.0935944, 50.7258197 ] } },
{ "type": "Feature", "id": "map — points_8297348591", "properties": { "address": null, "barrier": null, "highway": null, "is_in": null, "man_made": null, "name": null, "osm_id": "8297348591", "other_tags": "\"leaf_type\"=>\"broadleaved\",\"natural\"=>\"tree\"", "place": null, "ref": null, "source_layer": "map — points" }, "geometry": { "type": "Point", "coordinates": [ 7.0936336, 50.7258462 ] } },
{ "type": "Feature", "id": "map — points_8297348592", "properties": { "address": null, "barrier": null, "highway": null, "is_in": null, "man_made": null, "name": null, "osm_id": "8297348592", "other_tags": "\"leaf_type\"=>\"broadleaved\",\"natural\"=>\"tree\"", "place": null, "ref": null, "source_layer": "map — points" }, "geometry": { "type": "Point", "coordinates": [ 7.0932715, 50.7256226 ] } },
{ "type": "Feature", "id": "map — points_8297348593", "properties": { "address": null, "barrier": null, "highway": null, "is_in": null, "man_made": null, "name": null, "osm_id": "8297348593", "other_tags": "\"leaf_type\"=>\"broadleaved\",\"natural\"=>\"tree\"", "place": null, "ref": null, "source_layer": "map — points" }, "geometry": { "type": "Point", "coordinates": [ 7.0933165, 50.7256555 ] } },
{ "type": "Feature", "id": "map — points_8297348594", "properties": { "address": null, "barrier": null, "highway": null, "is_in": null, "man_made": null, "name": null, "osm_id": "8297348594", "other_tags": "\"leaf_type\"=>\"broadleaved\",\"natural\"=>\"tree\"", "place": null, "ref": null, "source_layer": "map — points" }, "geometry": { "type": "Point", "coordinates": [ 7.0933557, 50.7256891 ] } },
{ "type": "Feature", "id": "map — points_8297348595", "properties": { "address": null, "barrier": null, "highway": null, "is_in": null, "man_made": null, "name": null, "osm_id": "8297348595", "other_tags": "\"leaf_type\"=>\"broadleaved\",\"natural\"=>\"tree\"", "place": null, "ref": null, "source_layer": "map — points" }, "geometry": { "type": "Point", "coordinates": [ 7.0933937, 50.7257196 ] } },
{ "type": "Feature", "id": "map — points_8297348596", "properties": { "address": null, "barrier": null, "highway": null, "is_in": null, "man_made": null, "name": null, "osm_id": "8297348596", "other_tags": "\"leaf_type\"=>\"broadleaved\",\"natural\"=>\"tree\"", "place": null, "ref": null, "source_layer": "map — points" }, "geometry": { "type": "Point", "coordinates": [ 7.0934317, 50.725752 ] } },
{ "type": "Feature", "id": "map — points_8297348597", "properties": { "address": null, "barrier": null, "highway": null, "is_in": null, "man_made": null, "name": null, "osm_id": "8297348597", "other_tags": "\"leaf_type\"=>\"broadleaved\",\"natural\"=>\"tree\"", "place": null, "ref": null, "source_layer": "map — points" }, "geometry": { "type": "Point", "coordinates": [ 7.0934709, 50.7257845 ] } },
{ "type": "Feature", "id": "map — points_8297348598", "properties": { "address": null, "barrier": null, "highway": null, "is_in": null, "man_made": null, "name": null, "osm_id": "8297348598", "other_tags": "\"leaf_type\"=>\"broadleaved\",\"natural\"=>\"tree\"", "place": null, "ref": null, "source_layer": "map — points" }, "geometry": { "type": "Point", "coordinates": [ 7.0935108, 50.7258157 ] } },
{ "type": "Feature", "id": "map — points_8297348599", "properties": { "address": null, "barrier": null, "highway": null, "is_in": null, "man_made": null, "name": null, "osm_id": "8297348599", "other_tags": "\"leaf_type\"=>\"broadleaved\",\"natural\"=>\"tree\"", "place": null, "ref": null, "source_layer": "map — points" }, "geometry": { "type": "Point", "coordinates": [ 7.0935444, 50.7258434 ] } },
{ "type": "Feature", "id": "map — points_8297348600", "properties": { "address": null, "barrier": null, "highway": null, "is_in": null, "man_made": null, "name": null, "osm_id": "8297348600", "other_tags": "\"leaf_type\"=>\"broadleaved\",\"natural\"=>\"tree\"", "place": null, "ref": null, "source_layer": "map — points" }, "geometry": { "type": "Point", "coordinates": [ 7.093583, 50.7258794 ] } },
{ "type": "Feature", "id": "map — points_8297348601", "properties": { "address": null, "barrier": null, "highway": null, "is_in": null, "man_made": null, "name": null, "osm_id": "8297348601", "other_tags": "\"leaf_type\"=>\"broadleaved\",\"natural\"=>\"tree\"", "place": null, "ref": null, "source_layer": "map — points" }, "geometry": { "type": "Point", "coordinates": [ 7.0935013, 50.7259207 ] } },
{ "type": "Feature", "id": "map — points_8297348602", "properties": { "address": null, "barrier": null, "highway": null, "is_in": null, "man_made": null, "name": null, "osm_id": "8297348602", "other_tags": "\"leaf_type\"=>\"broadleaved\",\"natural\"=>\"tree\"", "place": null, "ref": null, "source_layer": "map — points" }, "geometry": { "type": "Point", "coordinates": [ 7.0935482, 50.7259019 ] } },
{ "type": "Feature", "id": "map — points_8297348603", "properties": { "address": null, "barrier": null, "highway": null, "is_in": null, "man_made": null, "name": null, "osm_id": "8297348603", "other_tags": "\"leaf_type\"=>\"broadleaved\",\"natural\"=>\"tree\"", "place": null, "ref": null, "source_layer": "map — points" }, "geometry": { "type": "Point", "coordinates": [ 7.0934108, 50.7259628 ] } },
{ "type": "Feature", "id": "map — points_8297348606", "properties": { "address": null, "barrier": null, "highway": null, "is_in": null, "man_made": null, "name": null, "osm_id": "8297348606", "other_tags": "\"leaf_type\"=>\"broadleaved\",\"natural\"=>\"tree\"", "place": null, "ref": null, "source_layer": "map — points" }, "geometry": { "type": "Point", "coordinates": [ 7.0935412, 50.725956 ] } },
{ "type": "Feature", "id": "map — points_8297348607", "properties": { "address": null, "barrier": null, "highway": null, "is_in": null, "man_made": null, "name": null, "osm_id": "8297348607", "other_tags": "\"leaf_type\"=>\"broadleaved\",\"natural\"=>\"tree\"", "place": null, "ref": null, "source_layer": "map — points" }, "geometry": { "type": "Point", "coordinates": [ 7.0935792, 50.7259359 ] } },
{ "type": "Feature", "id": "map — points_8297348608", "properties": { "address": null, "barrier": null, "highway": null, "is_in": null, "man_made": null, "name": null, "osm_id": "8297348608", "other_tags": "\"leaf_type\"=>\"broadleaved\",\"natural\"=>\"tree\"", "place": null, "ref": null, "source_layer": "map — points" }, "geometry": { "type": "Point", "coordinates": [ 7.0936228, 50.7259183 ] } },
{ "type": "Feature", "id": "map — points_8297348609", "properties": { "address": null, "barrier": null, "highway": null, "is_in": null, "man_made": null, "name": null, "osm_id": "8297348609", "other_tags": "\"leaf_type\"=>\"broadleaved\",\"natural\"=>\"tree\"", "place": null, "ref": null, "source_layer": "map — points" }, "geometry": { "type": "Point", "coordinates": [ 7.0936767, 50.7258967 ] } },
{ "type": "Feature", "id": "map — points_8297348610", "properties": { "address": null, "barrier": null, "highway": null, "is_in": null, "man_made": null, "name": null, "osm_id": "8297348610", "other_tags": "\"leaf_type\"=>\"broadleaved\",\"natural\"=>\"tree\"", "place": null, "ref": null, "source_layer": "map — points" }, "geometry": { "type": "Point", "coordinates": [ 7.092976, 50.7253257 ] } },
{ "type": "Feature", "id": "map — points_8297348611", "properties": { "address": null, "barrier": null, "highway": null, "is_in": null, "man_made": null, "name": null, "osm_id": "8297348611", "other_tags": "\"leaf_type\"=>\"broadleaved\",\"natural\"=>\"tree\"", "place": null, "ref": null, "source_layer": "map — points" }, "geometry": { "type": "Point", "coordinates": [ 7.0929375, 50.7252976 ] } },
{ "type": "Feature", "id": "map — points_8297348612", "properties": { "address": null, "barrier": null, "highway": null, "is_in": null, "man_made": null, "name": null, "osm_id": "8297348612", "other_tags": "\"leaf_type\"=>\"broadleaved\",\"natural\"=>\"tree\"", "place": null, "ref": null, "source_layer": "map — points" }, "geometry": { "type": "Point", "coordinates": [ 7.0929363, 50.7253528 ] } },
{ "type": "Feature", "id": "map — points_8297348613", "properties": { "address": null, "barrier": null, "highway": null, "is_in": null, "man_made": null, "name": null, "osm_id": "8297348613", "other_tags": "\"leaf_type\"=>\"broadleaved\",\"natural\"=>\"tree\"", "place": null, "ref": null, "source_layer": "map — points" }, "geometry": { "type": "Point", "coordinates": [ 7.0928979, 50.7253186 ] } },
{ "type": "Feature", "id": "map — points_8297348614", "properties": { "address": null, "barrier": null, "highway": null, "is_in": null, "man_made": null, "name": null, "osm_id": "8297348614", "other_tags": "\"leaf_type\"=>\"broadleaved\",\"natural\"=>\"tree\"", "place": null, "ref": null, "source_layer": "map — points" }, "geometry": { "type": "Point", "coordinates": [ 7.0928594, 50.7252885 ] } },
{ "type": "Feature", "id": "map — points_8297348615", "properties": { "address": null, "barrier": null, "highway": null, "is_in": null, "man_made": null, "name": null, "osm_id": "8297348615", "other_tags": "\"leaf_type\"=>\"broadleaved\",\"natural\"=>\"tree\"", "place": null, "ref": null, "source_layer": "map — points" }, "geometry": { "type": "Point", "coordinates": [ 7.0929723, 50.725385 ] } },
{ "type": "Feature", "id": "map — points_8297348616", "properties": { "address": null, "barrier": null, "highway": null, "is_in": null, "man_made": null, "name": null, "osm_id": "8297348616", "other_tags": "\"leaf_type\"=>\"broadleaved\",\"natural\"=>\"tree\"", "place": null, "ref": null, "source_layer": "map — points" }, "geometry": { "type": "Point", "coordinates": [ 7.0928194, 50.7252585 ] } },
{ "type": "Feature", "id": "map — points_8297348617", "properties": { "address": null, "barrier": null, "highway": null, "is_in": null, "man_made": null, "name": null, "osm_id": "8297348617", "other_tags": "\"leaf_type\"=>\"broadleaved\",\"natural\"=>\"tree\"", "place": null, "ref": null, "source_layer": "map — points" }, "geometry": { "type": "Point", "coordinates": [ 7.0929005, 50.7252664 ] } },
{ "type": "Feature", "id": "map — points_8297348622", "properties": { "address": null, "barrier": null, "highway": null, "is_in": null, "man_made": null, "name": null, "osm_id": "8297348622", "other_tags": "\"leaf_type\"=>\"broadleaved\",\"natural\"=>\"tree\"", "place": null, "ref": null, "source_layer": "map — points" }, "geometry": { "type": "Point", "coordinates": [ 7.0920875, 50.725923 ] } },
{ "type": "Feature", "id": "map — points_8297348623", "properties": { "address": null, "barrier": null, "highway": null, "is_in": null, "man_made": null, "name": null, "osm_id": "8297348623", "other_tags": "\"leaf_type\"=>\"broadleaved\",\"natural\"=>\"tree\"", "place": null, "ref": null, "source_layer": "map — points" }, "geometry": { "type": "Point", "coordinates": [ 7.0918516, 50.7257404 ] } },
{ "type": "Feature", "id": "map — points_8297348624", "properties": { "address": null, "barrier": null, "highway": null, "is_in": null, "man_made": null, "name": null, "osm_id": "8297348624", "other_tags": "\"leaf_type\"=>\"broadleaved\",\"natural\"=>\"tree\"", "place": null, "ref": null, "source_layer": "map — points" }, "geometry": { "type": "Point", "coordinates": [ 7.0920391, 50.7258507 ] } },
{ "type": "Feature", "id": "map — points_8340201062", "properties": { "address": null, "barrier": null, "highway": null, "is_in": null, "man_made": null, "name": null, "osm_id": "8340201062", "other_tags": "\"natural\"=>\"tree\"", "place": null, "ref": null, "source_layer": "map — points" }, "geometry": { "type": "Point", "coordinates": [ 7.0916487, 50.7257964 ] } },
{ "type": "Feature", "id": "map — points_8439140286", "properties": { "address": null, "barrier": null, "highway": null, "is_in": null, "man_made": null, "name": null, "osm_id": "8439140286", "other_tags": "\"natural\"=>\"tree\"", "place": null, "ref": null, "source_layer": "map — points" }, "geometry": { "type": "Point", "coordinates": [ 7.0919434, 50.7244302 ] } },
{ "type": "Feature", "id": "map — points_8439140287", "properties": { "address": null, "barrier": null, "highway": null, "is_in": null, "man_made": null, "name": null, "osm_id": "8439140287", "other_tags": "\"natural\"=>\"tree\"", "place": null, "ref": null, "source_layer": "map — points" }, "geometry": { "type": "Point", "coordinates": [ 7.0923602, 50.7246734 ] } },
{ "type": "Feature", "id": "map — points_8439140288", "properties": { "address": null, "barrier": null, "highway": null, "is_in": null, "man_made": null, "name": null, "osm_id": "8439140288", "other_tags": "\"natural\"=>\"tree\"", "place": null, "ref": null, "source_layer": "map — points" }, "geometry": { "type": "Point", "coordinates": [ 7.0924239, 50.7244439 ] } },
{ "type": "Feature", "id": "map — points_8439140289", "properties": { "address": null, "barrier": null, "highway": null, "is_in": null, "man_made": null, "name": null, "osm_id": "8439140289", "other_tags": "\"natural\"=>\"tree\"", "place": null, "ref": null, "source_layer": "map — points" }, "geometry": { "type": "Point", "coordinates": [ 7.0922245, 50.7244698 ] } },
{ "type": "Feature", "id": "map — points_9207921040", "properties": { "address": null, "barrier": "gate", "highway": null, "is_in": null, "man_made": null, "name": null, "osm_id": "9207921040", "other_tags": "\"access\"=>\"private\",\"locked\"=>\"yes\"", "place": null, "ref": null, "source_layer": "map — points" }, "geometry": { "type": "Point", "coordinates": [ 7.0906165, 50.7247701 ] } },
{ "type": "Feature", "id": "map — points_9249410143", "properties": { "address": null, "barrier": null, "highway": null, "is_in": null, "man_made": null, "name": "Lenné-Büste", "osm_id": "9249410143", "other_tags": "\"alt_name\"=>\"Peter-Joseph-Lenné-Denkmal\",\"artist_name\"=>\"Christian Daniel Rauch\",\"artist:wikidata\"=>\"Q714972\",\"artwork_subject\"=>\"Peter Joseph Lenné\",\"artwork_subject:wikidata\"=>\"Q65910\",\"historic\"=>\"memorial\",\"material\"=>\"marble\",\"memorial\"=>\"bust\",\"memorial:subject\"=>\"Peter Joseph Lenné\",\"memorial:subject:wikidata\"=>\"Q65910\",\"note:artist\"=>\"artist of the original, this is a replica\",\"wikimedia_commons\"=>\"Category:Lenné-Büste (Botanischer Garten, Bonn)\"", "place": null, "ref": null, "source_layer": "map — points" }, "geometry": { "type": "Point", "coordinates": [ 7.0910247, 50.7248746 ] } },
{ "type": "Feature", "id": "map — points_9769537371", "properties": { "address": null, "barrier": null, "highway": null, "is_in": null, "man_made": null, "name": null, "osm_id": "9769537371", "other_tags": "\"amenity\"=>\"bench\",\"backrest\"=>\"yes\",\"material\"=>\"wood\"", "place": null, "ref": null, "source_layer": "map — points" }, "geometry": { "type": "Point", "coordinates": [ 7.0917529, 50.7246124 ] } },
{ "type": "Feature", "id": "map — points_9769537372", "properties": { "address": null, "barrier": null, "highway": null, "is_in": null, "man_made": null, "name": null, "osm_id": "9769537372", "other_tags": "\"amenity\"=>\"bench\",\"backrest\"=>\"yes\",\"material\"=>\"wood\"", "place": null, "ref": null, "source_layer": "map — points" }, "geometry": { "type": "Point", "coordinates": [ 7.0916303, 50.7245172 ] } },
{ "type": "Feature", "id": "map — points_9769537373", "properties": { "address": null, "barrier": null, "highway": null, "is_in": null, "man_made": null, "name": null, "osm_id": "9769537373", "other_tags": "\"amenity\"=>\"bench\",\"backrest\"=>\"yes\",\"material\"=>\"wood\"", "place": null, "ref": null, "source_layer": "map — points" }, "geometry": { "type": "Point", "coordinates": [ 7.0914743, 50.7247496 ] } },
{ "type": "Feature", "id": "map — points_9769537374", "properties": { "address": null, "barrier": null, "highway": null, "is_in": null, "man_made": null, "name": null, "osm_id": "9769537374", "other_tags": "\"amenity\"=>\"bench\",\"backrest\"=>\"yes\",\"material\"=>\"wood\"", "place": null, "ref": null, "source_layer": "map — points" }, "geometry": { "type": "Point", "coordinates": [ 7.091356, 50.7246608 ] } },
{ "type": "Feature", "id": "map — points_9790464247", "properties": { "address": null, "barrier": null, "highway": null, "is_in": null, "man_made": null, "name": null, "osm_id": "9790464247", "other_tags": "\"amenity\"=>\"bench\",\"backrest\"=>\"yes\",\"material\"=>\"wood\",\"seats\"=>\"2\"", "place": null, "ref": null, "source_layer": "map — points" }, "geometry": { "type": "Point", "coordinates": [ 7.0902657, 50.7256183 ] } },
{ "type": "Feature", "id": "map — points_9791727696", "properties": { "address": null, "barrier": null, "highway": null, "is_in": null, "man_made": null, "name": null, "osm_id": "9791727696", "other_tags": "\"emergency\"=>\"fire_hydrant\",\"fire_hydrant:position\"=>\"lane\",\"fire_hydrant:type\"=>\"underground\",\"water_source\"=>\"main\"", "place": null, "ref": null, "source_layer": "map — points" }, "geometry": { "type": "Point", "coordinates": [ 7.0907223, 50.72544 ] } },
{ "type": "Feature", "id": "map — points_9816610525", "properties": { "address": null, "barrier": null, "highway": null, "is_in": null, "man_made": null, "name": null, "osm_id": "9816610525", "other_tags": "\"access\"=>\"permissive\",\"door\"=>\"hinged\",\"entrance\"=>\"secondary\",\"level\"=>\"0\",\"wheelchair\"=>\"no\"", "place": null, "ref": null, "source_layer": "map — points" }, "geometry": { "type": "Point", "coordinates": [ 7.0908122, 50.7254236 ] } },
{ "type": "Feature", "id": "map — points_9905684934", "properties": { "address": null, "barrier": null, "highway": null, "is_in": null, "man_made": null, "name": null, "osm_id": "9905684934", "other_tags": "\"amenity\"=>\"bench\",\"backrest\"=>\"no\",\"material\"=>\"metal\"", "place": null, "ref": null, "source_layer": "map — points" }, "geometry": { "type": "Point", "coordinates": [ 7.0900265, 50.7244727 ] } },
{ "type": "Feature", "id": "map — points_9911512320", "properties": { "address": null, "barrier": null, "highway": null, "is_in": null, "man_made": null, "name": null, "osm_id": "9911512320", "other_tags": "\"denotation\"=>\"park\",\"leaf_cycle\"=>\"deciduous\",\"leaf_type\"=>\"broadleaved\",\"natural\"=>\"tree\",\"panoramax\"=>\"c025ea17-8398-49c5-a6d4-7a671386fded\",\"species\"=>\"Fagus sylvatica\",\"species:wikidata\"=>\"Q146149\"", "place": null, "ref": "12481-7-1993/1", "source_layer": "map — points" }, "geometry": { "type": "Point", "coordinates": [ 7.0936976, 50.7256195 ] } },
{ "type": "Feature", "id": "map — points_9911512322", "properties": { "address": null, "barrier": null, "highway": null, "is_in": null, "man_made": null, "name": null, "osm_id": "9911512322", "other_tags": "\"denotation\"=>\"park\",\"leaf_cycle\"=>\"deciduous\",\"leaf_type\"=>\"broadleaved\",\"natural\"=>\"tree\",\"panoramax\"=>\"54f542df-09f7-4fda-9459-213d8806e94a\",\"species\"=>\"Platanus orientalis\",\"species:wikidata\"=>\"Q161105\"", "place": null, "ref": "7623-9-1965", "source_layer": "map — points" }, "geometry": { "type": "Point", "coordinates": [ 7.0936975, 50.7257928 ] } },
{ "type": "Feature", "id": "map — points_9911516978", "properties": { "address": null, "barrier": null, "highway": null, "is_in": null, "man_made": null, "name": null, "osm_id": "9911516978", "other_tags": "\"natural\"=>\"tree\",\"species\"=>\"Cupressus sempervirens\"", "place": null, "ref": null, "source_layer": "map — points" }, "geometry": { "type": "Point", "coordinates": [ 7.0934868, 50.7254407 ] } },
{ "type": "Feature", "id": "map — points_9911516979", "properties": { "address": null, "barrier": null, "highway": null, "is_in": null, "man_made": null, "name": null, "osm_id": "9911516979", "other_tags": "\"natural\"=>\"tree\",\"species\"=>\"Cupressus sempervirens L.\"", "place": null, "ref": null, "source_layer": "map — points" }, "geometry": { "type": "Point", "coordinates": [ 7.0934324, 50.7254003 ] } },
{ "type": "Feature", "id": "map — points_9911736065", "properties": { "address": null, "barrier": null, "highway": null, "is_in": null, "man_made": null, "name": null, "osm_id": "9911736065", "other_tags": "\"denotation\"=>\"park\",\"natural\"=>\"tree\"", "place": null, "ref": null, "source_layer": "map — points" }, "geometry": { "type": "Point", "coordinates": [ 7.0937616, 50.7249028 ] } },
{ "type": "Feature", "id": "map — points_10119410676", "properties": { "address": null, "barrier": null, "highway": "crossing", "is_in": null, "man_made": null, "name": null, "osm_id": "10119410676", "other_tags": "\"crossing\"=>\"uncontrolled\",\"crossing:island\"=>\"no\",\"crossing:markings\"=>\"surface\",\"kerb\"=>\"flush\",\"surface:colour\"=>\"red\",\"tactile_paving\"=>\"no\"", "place": null, "ref": null, "source_layer": "map — points" }, "geometry": { "type": "Point", "coordinates": [ 7.0905497, 50.7249081 ] } },
{ "type": "Feature", "id": "map — points_10718954432", "properties": { "address": null, "barrier": null, "highway": "street_lamp", "is_in": null, "man_made": null, "name": null, "osm_id": "10718954432", "other_tags": null, "place": null, "ref": null, "source_layer": "map — points" }, "geometry": { "type": "Point", "coordinates": [ 7.0903301, 50.7249771 ] } },
{ "type": "Feature", "id": "map — points_10738158758", "properties": { "address": null, "barrier": null, "highway": null, "is_in": null, "man_made": null, "name": null, "osm_id": "10738158758", "other_tags": "\"vending\"=>\"parking_tickets\"", "place": null, "ref": null, "source_layer": "map — points" }, "geometry": { "type": "Point", "coordinates": [ 7.0896142, 50.7244136 ] } },
{ "type": "Feature", "id": "map — points_11180686611", "properties": { "address": null, "barrier": null, "highway": null, "is_in": null, "man_made": null, "name": "roestkurve", "osm_id": "11180686611", "other_tags": "\"addr:housenumber\"=>\"178\",\"addr:street\"=>\"Meckenheimer Allee\",\"amenity\"=>\"cafe\",\"check_date\"=>\"2026-07-12\",\"contact:instagram\"=>\"@ROESTKURVE\",\"cuisine\"=>\"coffee_shop\",\"indoor_seating\"=>\"yes\",\"internet_access\"=>\"wlan\",\"internet_access:fee\"=>\"customers\",\"level\"=>\"0\",\"name:de\"=>\"roestkurve\",\"note:opening_hours\"=>\"Beim Personal erfragt; die Zeiten auf dem Schild seien nicht mehr aktuell.\",\"opening_hours\"=>\"Mo off; Tu-Sa 10:00-18:00; Su 11:00-17:00; easter - 52 days,easter - 47 days off\",\"outdoor_seating\"=>\"yes\",\"payment:cash\"=>\"no\",\"payment:mastercard\"=>\"yes\",\"payment:visa\"=>\"yes\",\"phone\"=>\"+49 228 96961996\",\"toilets\"=>\"yes\",\"toilets:wheelchair\"=>\"no\",\"website\"=>\"https://www.roestkurve.de\",\"wheelchair\"=>\"limited\"", "place": null, "ref": null, "source_layer": "map — points" }, "geometry": { "type": "Point", "coordinates": [ 7.0898779, 50.7244993 ] } },
{ "type": "Feature", "id": "map — points_12132819915", "properties": { "address": null, "barrier": null, "highway": null, "is_in": null, "man_made": null, "name": null, "osm_id": "12132819915", "other_tags": "\"amenity\"=>\"toilets\",\"changing_table\"=>\"yes\",\"fee\"=>\"no\",\"wheelchair\"=>\"yes\"", "place": null, "ref": null, "source_layer": "map — points" }, "geometry": { "type": "Point", "coordinates": [ 7.0933648, 50.7255276 ] } },
{ "type": "Feature", "id": "map — points_12221734132", "properties": { "address": null, "barrier": null, "highway": "street_lamp", "is_in": null, "man_made": null, "name": null, "osm_id": "12221734132", "other_tags": null, "place": null, "ref": "33", "source_layer": "map — points" }, "geometry": { "type": "Point", "coordinates": [ 7.090271, 50.7247002 ] } },
{ "type": "Feature", "id": "map — points_12221734133", "properties": { "address": null, "barrier": null, "highway": "street_lamp", "is_in": null, "man_made": null, "name": null, "osm_id": "12221734133", "other_tags": null, "place": null, "ref": "34", "source_layer": "map — points" }, "geometry": { "type": "Point", "coordinates": [ 7.090077, 50.7244445 ] } },
{ "type": "Feature", "id": "map — points_12221734134", "properties": { "address": null, "barrier": null, "highway": null, "is_in": null, "man_made": null, "name": null, "osm_id": "12221734134", "other_tags": "\"emergency\"=>\"fire_hydrant\",\"fire_hydrant:diameter\"=>\"200\",\"fire_hydrant:position\"=>\"lane\",\"fire_hydrant:type\"=>\"underground\"", "place": null, "ref": null, "source_layer": "map — points" }, "geometry": { "type": "Point", "coordinates": [ 7.09011, 50.7244397 ] } },
{ "type": "Feature", "id": "map — points_12301277375", "properties": { "address": null, "barrier": null, "highway": null, "is_in": null, "man_made": null, "name": null, "osm_id": "12301277375", "other_tags": "\"height\"=>\"25\",\"leaf_cycle\"=>\"semi_deciduous\",\"leaf_type\"=>\"broadleaved\",\"natural\"=>\"tree\",\"species\"=>\"Tilia cordata\"", "place": null, "ref": null, "source_layer": "map — points" }, "geometry": { "type": "Point", "coordinates": [ 7.0908962, 50.7256525 ] } },
{ "type": "Feature", "id": "map — points_12301292263", "properties": { "address": null, "barrier": null, "highway": null, "is_in": null, "man_made": null, "name": null, "osm_id": "12301292263", "other_tags": "\"genus\"=>\"Betula\",\"leaf_cycle\"=>\"semi_deciduous\",\"leaf_type\"=>\"broadleaved\",\"natural\"=>\"tree\",\"species\"=>\"Betula pendula\"", "place": null, "ref": null, "source_layer": "map — points" }, "geometry": { "type": "Point", "coordinates": [ 7.0908308, 50.7258635 ] } },
{ "type": "Feature", "id": "map — points_12474398541", "properties": { "address": null, "barrier": "kerb", "highway": null, "is_in": null, "man_made": null, "name": null, "osm_id": "12474398541", "other_tags": "\"kerb\"=>\"lowered\",\"tactile_paving\"=>\"no\"", "place": null, "ref": null, "source_layer": "map — points" }, "geometry": { "type": "Point", "coordinates": [ 7.0902411, 50.7241761 ] } },
{ "type": "Feature", "id": "map — points_12499029716", "properties": { "address": null, "barrier": "kerb", "highway": null, "is_in": null, "man_made": null, "name": null, "osm_id": "12499029716", "other_tags": "\"kerb\"=>\"lowered\",\"tactile_paving\"=>\"yes\"", "place": null, "ref": null, "source_layer": "map — points" }, "geometry": { "type": "Point", "coordinates": [ 7.0916632, 50.7256421 ] } },
{ "type": "Feature", "id": "map — points_12499029728", "properties": { "address": null, "barrier": "kerb", "highway": null, "is_in": null, "man_made": null, "name": null, "osm_id": "12499029728", "other_tags": "\"kerb\"=>\"lowered\",\"tactile_paving\"=>\"yes\"", "place": null, "ref": null, "source_layer": "map — points" }, "geometry": { "type": "Point", "coordinates": [ 7.0915753, 50.725686 ] } },
{ "type": "Feature", "id": "map — points_12673111968", "properties": { "address": null, "barrier": null, "highway": "crossing", "is_in": null, "man_made": null, "name": null, "osm_id": "12673111968", "other_tags": "\"crossing:island\"=>\"no\",\"crossing:markings\"=>\"no\",\"crossing:signals\"=>\"no\",\"tactile_paving\"=>\"no\"", "place": null, "ref": null, "source_layer": "map — points" }, "geometry": { "type": "Point", "coordinates": [ 7.091311, 50.7254858 ] } },
{ "type": "Feature", "id": "map — points_12673111973", "properties": { "address": null, "barrier": null, "highway": null, "is_in": null, "man_made": null, "name": null, "osm_id": "12673111973", "other_tags": "\"bicycle\"=>\"yes\",\"information\"=>\"map\",\"tourism\"=>\"information\"", "place": null, "ref": null, "source_layer": "map — points" }, "geometry": { "type": "Point", "coordinates": [ 7.0913283, 50.7255513 ] } },
{ "type": "Feature", "id": "map — points_12902357244", "properties": { "address": null, "barrier": null, "highway": "give_way", "is_in": null, "man_made": null, "name": null, "osm_id": "12902357244", "other_tags": "\"direction\"=>\"backward\"", "place": null, "ref": null, "source_layer": "map — points" }, "geometry": { "type": "Point", "coordinates": [ 7.090516, 50.7249254 ] } },
{ "type": "Feature", "id": "map — points_12902365675", "properties": { "address": null, "barrier": null, "highway": "give_way", "is_in": null, "man_made": null, "name": null, "osm_id": "12902365675", "other_tags": "\"direction\"=>\"forward\"", "place": null, "ref": null, "source_layer": "map — points" }, "geometry": { "type": "Point", "coordinates": [ 7.0912727, 50.7255056 ] } },
{ "type": "Feature", "id": "map — points_12920938706", "properties": { "address": null, "barrier": "step", "highway": null, "is_in": null, "man_made": null, "name": null, "osm_id": "12920938706", "other_tags": null, "place": null, "ref": null, "source_layer": "map — points" }, "geometry": { "type": "Point", "coordinates": [ 7.091489, 50.7245872 ] } },
{ "type": "Feature", "id": "map — points_12920938707", "properties": { "address": null, "barrier": "step", "highway": null, "is_in": null, "man_made": null, "name": null, "osm_id": "12920938707", "other_tags": null, "place": null, "ref": null, "source_layer": "map — points" }, "geometry": { "type": "Point", "coordinates": [ 7.0917086, 50.7245746 ] } },
{ "type": "Feature", "id": "map — points_13300135810", "properties": { "address": null, "barrier": null, "highway": null, "is_in": null, "man_made": null, "name": "Froschschenkel", "osm_id": "13300135810", "other_tags": "\"artist_name\"=>\"Mareile Schaumburg\",\"artwork_type\"=>\"sculpture\",\"material\"=>\"stone\",\"tourism\"=>\"artwork\",\"wikimedia_commons\"=>\"Category:Froschschenkel_(Botanischer_Garten,_Bonn)\"", "place": null, "ref": null, "source_layer": "map — points" }, "geometry": { "type": "Point", "coordinates": [ 7.092756, 50.724538 ] } },
{ "type": "Feature", "id": "map — points_13381641831", "properties": { "address": null, "barrier": null, "highway": null, "is_in": null, "man_made": null, "name": null, "osm_id": "13381641831", "other_tags": "\"amenity\"=>\"bicycle_parking\",\"bicycle_parking\"=>\"wall_loops\",\"capacity\"=>\"4\",\"covered\"=>\"no\"", "place": null, "ref": null, "source_layer": "map — points" }, "geometry": { "type": "Point", "coordinates": [ 7.0899396, 50.7244082 ] } },
{ "type": "Feature", "id": "map — points_13997840517", "properties": { "address": null, "barrier": null, "highway": null, "is_in": null, "man_made": null, "name": null, "osm_id": "13997840517", "other_tags": "\"amenity\"=>\"waste_basket\"", "place": null, "ref": null, "source_layer": "map — points" }, "geometry": { "type": "Point", "coordinates": [ 7.0914616, 50.7244435 ] } },
{ "type": "Feature", "id": "map — points_13997848289", "properties": { "address": null, "barrier": null, "highway": null, "is_in": null, "man_made": null, "name": null, "osm_id": "13997848289", "other_tags": "\"amenity\"=>\"waste_basket\"", "place": null, "ref": null, "source_layer": "map — points" }, "geometry": { "type": "Point", "coordinates": [ 7.0912751, 50.7245358 ] } },
{ "type": "Feature", "id": "map — points_14159339054", "properties": { "address": null, "barrier": null, "highway": null, "is_in": null, "man_made": null, "name": "Erhaltungskulturen und Bioplantage", "osm_id": "14159339054", "other_tags": "\"board_type\"=>\"plants\",\"information\"=>\"board\",\"tourism\"=>\"information\"", "place": null, "ref": null, "source_layer": "map — points" }, "geometry": { "type": "Point", "coordinates": [ 7.0937864, 50.7249833 ] } },
{ "type": "Feature", "id": "map — points_14161336100", "properties": { "address": null, "barrier": null, "highway": null, "is_in": null, "man_made": null, "name": null, "osm_id": "14161336100", "other_tags": "\"entrance\"=>\"yes\"", "place": null, "ref": null, "source_layer": "map — points" }, "geometry": { "type": "Point", "coordinates": [ 7.0913193, 50.7244997 ] } },
{ "type": "Feature", "id": "map — points_14161345901", "properties": { "address": null, "barrier": null, "highway": null, "is_in": null, "man_made": null, "name": null, "osm_id": "14161345901", "other_tags": "\"entrance\"=>\"yes\"", "place": null, "ref": null, "source_layer": "map — points" }, "geometry": { "type": "Point", "coordinates": [ 7.0913742, 50.7244705 ] } },
{ "type": "Feature", "id": "map — points_14161345902", "properties": { "address": null, "barrier": null, "highway": null, "is_in": null, "man_made": null, "name": null, "osm_id": "14161345902", "other_tags": "\"entrance\"=>\"yes\"", "place": null, "ref": null, "source_layer": "map — points" }, "geometry": { "type": "Point", "coordinates": [ 7.0910607, 50.7241483 ] } },
{ "type": "Feature", "id": "map — points_14161345903", "properties": { "address": null, "barrier": null, "highway": null, "is_in": null, "man_made": null, "name": null, "osm_id": "14161345903", "other_tags": "\"entrance\"=>\"yes\"", "place": null, "ref": null, "source_layer": "map — points" }, "geometry": { "type": "Point", "coordinates": [ 7.091239, 50.7243873 ] } },
{ "type": "Feature", "id": "map — points_14161345904", "properties": { "address": null, "barrier": null, "highway": null, "is_in": null, "man_made": null, "name": null, "osm_id": "14161345904", "other_tags": "\"entrance\"=>\"yes\"", "place": null, "ref": null, "source_layer": "map — points" }, "geometry": { "type": "Point", "coordinates": [ 7.0908843, 50.7244501 ] } },
{ "type": "Feature", "id": "map — points_14161345905", "properties": { "address": null, "barrier": null, "highway": null, "is_in": null, "man_made": null, "name": null, "osm_id": "14161345905", "other_tags": "\"entrance\"=>\"yes\"", "place": null, "ref": null, "source_layer": "map — points" }, "geometry": { "type": "Point", "coordinates": [ 7.090985, 50.7245323 ] } },
{ "type": "Feature", "id": "map — points_14161345906", "properties": { "address": null, "barrier": null, "highway": null, "is_in": null, "man_made": null, "name": null, "osm_id": "14161345906", "other_tags": "\"entrance\"=>\"yes\"", "place": null, "ref": null, "source_layer": "map — points" }, "geometry": { "type": "Point", "coordinates": [ 7.0911281, 50.7244584 ] } },
{ "type": "Feature", "id": "map — points_14161345907", "properties": { "address": null, "barrier": null, "highway": null, "is_in": null, "man_made": null, "name": null, "osm_id": "14161345907", "other_tags": "\"entrance\"=>\"yes\"", "place": null, "ref": null, "source_layer": "map — points" }, "geometry": { "type": "Point", "coordinates": [ 7.0913811, 50.7243265 ] } },
{ "type": "Feature", "id": "map — points_14161345908", "properties": { "address": null, "barrier": null, "highway": null, "is_in": null, "man_made": null, "name": null, "osm_id": "14161345908", "other_tags": "\"entrance\"=>\"yes\"", "place": null, "ref": null, "source_layer": "map — points" }, "geometry": { "type": "Point", "coordinates": [ 7.0913434, 50.7243716 ] } },
{ "type": "Feature", "id": "map — points_14161345947", "properties": { "address": null, "barrier": null, "highway": null, "is_in": null, "man_made": null, "name": null, "osm_id": "14161345947", "other_tags": "\"natural\"=>\"tree\"", "place": null, "ref": null, "source_layer": "map — points" }, "geometry": { "type": "Point", "coordinates": [ 7.0914271, 50.7249735 ] } },
{ "type": "Feature", "id": "map — points_14161345980", "properties": { "address": null, "barrier": null, "highway": null, "is_in": null, "man_made": null, "name": null, "osm_id": "14161345980", "other_tags": "\"natural\"=>\"tree\"", "place": null, "ref": null, "source_layer": "map — points" }, "geometry": { "type": "Point", "coordinates": [ 7.0918529, 50.7247235 ] } },
{ "type": "Feature", "id": "map — points_14161345981", "properties": { "address": null, "barrier": null, "highway": null, "is_in": null, "man_made": null, "name": null, "osm_id": "14161345981", "other_tags": "\"natural\"=>\"tree\"", "place": null, "ref": null, "source_layer": "map — points" }, "geometry": { "type": "Point", "coordinates": [ 7.0920428, 50.7246263 ] } },
{ "type": "Feature", "id": "map — multilinestrings_77901", "properties": { "name": "K 1 BN", "osm_id": "77901", "other_tags": "\"operator\"=>\"Stadt Bonn\",\"ref\"=>\"K 1\",\"route\"=>\"road\"", "source_layer": "map — multilinestrings", "type": "route" }, "bbox": [ 7.09003, 50.7242372, 7.0919619, 50.7259534 ], "geometry": { "type": "MultiLineString", "coordinates": [ [ [ 7.0915587, 50.7256189 ], [ 7.0916182, 50.7256662 ], [ 7.091677, 50.7257137 ], [ 7.091711, 50.725741 ], [ 7.0918675, 50.7258735 ], [ 7.0919619, 50.7259534 ] ], [ [ 7.0913607, 50.7254601 ], [ 7.0915587, 50.7256189 ] ], [ [ 7.0909565, 50.7251373 ], [ 7.0913607, 50.7254601 ] ], [ [ 7.0907185, 50.7249472 ], [ 7.0909565, 50.7251373 ] ], [ [ 7.0906169, 50.7248734 ], [ 7.0906832, 50.7249217 ], [ 7.0907185, 50.7249472 ] ], [ [ 7.0903321, 50.7246125 ], [ 7.0903893, 50.7246835 ], [ 7.0904521, 50.7247459 ], [ 7.0905443, 50.7248222 ], [ 7.0906169, 50.7248734 ] ], [ [ 7.0902757, 50.7245426 ], [ 7.0903321, 50.7246125 ] ], [ [ 7.09003, 50.7242372 ], [ 7.0901745, 50.7244172 ], [ 7.0902757, 50.7245426 ] ] ] } },
{ "type": "Feature", "id": "map — multilinestrings_937247", "properties": { "name": "Bus N5: Bonn Hbf A1 => Röttgen => Bonn Hbf C1", "osm_id": "937247", "other_tags": "\"by_night\"=>\"only\",\"colour\"=>\"#ff7322\",\"from\"=>\"Bonn Hbf A1\",\"network\"=>\"VRS\",\"network:long\"=>\"Verkehrsverbund Rhein-Sieg\",\"network:short\"=>\"VRS\",\"network:wikidata\"=>\"Q896041\",\"network:wikipedia\"=>\"de:Verkehrsverbund Rhein-Sieg\",\"on_demand\"=>\"no\",\"operator\"=>\"SWB\",\"public_transport:version\"=>\"2\",\"ref\"=>\"N5\",\"route\"=>\"bus\",\"to\"=>\"Bonn Hbf C1\",\"via\"=>\"Röttgen\"", "source_layer": "map — multilinestrings", "type": "route" }, "bbox": [ 7.09003, 50.7242372, 7.0919619, 50.7259534 ], "geometry": { "type": "MultiLineString", "coordinates": [ [ [ 7.0915587, 50.7256189 ], [ 7.0916182, 50.7256662 ] ], [ [ 7.0916182, 50.7256662 ], [ 7.091677, 50.7257137 ] ], [ [ 7.091677, 50.7257137 ], [ 7.091711, 50.725741 ] ], [ [ 7.091711, 50.725741 ], [ 7.0918675, 50.7258735 ] ], [ [ 7.0918675, 50.7258735 ], [ 7.0919619, 50.7259534 ] ], [ [ 7.0913607, 50.7254601 ], [ 7.0915587, 50.7256189 ] ], [ [ 7.0909565, 50.7251373 ], [ 7.0913607, 50.7254601 ] ], [ [ 7.0907185, 50.7249472 ], [ 7.0909565, 50.7251373 ] ], [ [ 7.0906169, 50.7248734 ], [ 7.0906832, 50.7249217 ] ], [ [ 7.0906832, 50.7249217 ], [ 7.0907185, 50.7249472 ] ], [ [ 7.0903321, 50.7246125 ], [ 7.0903893, 50.7246835 ] ], [ [ 7.0903893, 50.7246835 ], [ 7.0904521, 50.7247459 ] ], [ [ 7.0904521, 50.7247459 ], [ 7.0905443, 50.7248222 ] ], [ [ 7.0905443, 50.7248222 ], [ 7.0906169, 50.7248734 ] ], [ [ 7.0902757, 50.7245426 ], [ 7.0903321, 50.7246125 ] ], [ [ 7.09003, 50.7242372 ], [ 7.0901745, 50.7244172 ] ], [ [ 7.0901745, 50.7244172 ], [ 7.0902757, 50.7245426 ] ] ] } },
{ "type": "Feature", "id": "map — multilinestrings_1754170", "properties": { "name": "Bus 603: Bechlinghoven => Röttgen", "osm_id": "1754170", "other_tags": "\"colour\"=>\"#EC008D\",\"from\"=>\"Bechlinghoven\",\"network\"=>\"VRS\",\"network:long\"=>\"Verkehrsverbund Rhein-Sieg\",\"network:short\"=>\"VRS\",\"network:wikidata\"=>\"Q896041\",\"network:wikipedia\"=>\"de:Verkehrsverbund Rhein-Sieg\",\"on_demand\"=>\"no\",\"operator\"=>\"SWB\",\"public_transport:version\"=>\"2\",\"ref\"=>\"603\",\"route\"=>\"bus\",\"to\"=>\"Röttgen\"", "source_layer": "map — multilinestrings", "type": "route" }, "bbox": [ 7.09003, 50.7242372, 7.0919619, 50.7259534 ], "geometry": { "type": "MultiLineString", "coordinates": [ [ [ 7.0915587, 50.7256189 ], [ 7.0916182, 50.7256662 ], [ 7.091677, 50.7257137 ], [ 7.091711, 50.725741 ], [ 7.0918675, 50.7258735 ], [ 7.0919619, 50.7259534 ] ], [ [ 7.0913607, 50.7254601 ], [ 7.0915587, 50.7256189 ] ], [ [ 7.0909565, 50.7251373 ], [ 7.0913607, 50.7254601 ] ], [ [ 7.0907185, 50.7249472 ], [ 7.0909565, 50.7251373 ] ], [ [ 7.0906169, 50.7248734 ], [ 7.0906832, 50.7249217 ], [ 7.0907185, 50.7249472 ] ], [ [ 7.0903321, 50.7246125 ], [ 7.0903893, 50.7246835 ], [ 7.0904521, 50.7247459 ], [ 7.0905443, 50.7248222 ], [ 7.0906169, 50.7248734 ] ], [ [ 7.0902757, 50.7245426 ], [ 7.0903321, 50.7246125 ] ], [ [ 7.09003, 50.7242372 ], [ 7.0901745, 50.7244172 ], [ 7.0902757, 50.7245426 ] ] ] } },
{ "type": "Feature", "id": "map — multilinestrings_2017979", "properties": { "name": "Rheinhöhenweg Bonn - Koblenz (lrh. - Eifel)", "osm_id": "2017979", "other_tags": "\"description\"=>\"Bonn - Koblenz\",\"distance\"=>\"88.5\",\"from\"=>\"Bonn\",\"network\"=>\"rwn\",\"operator\"=>\"Eifelverein\",\"osmc:symbol\"=>\"black:black::R:white\",\"ref\"=>\"R (li;BN - KO)\",\"roundtrip\"=>\"no\",\"route\"=>\"hiking\",\"to\"=>\"Koblenz\",\"wikidata\"=>\"Q882979\",\"wikipedia\"=>\"de:Rheinhöhenweg\"", "source_layer": "map — multilinestrings", "type": "route" }, "bbox": [ 7.09003, 50.7242372, 7.0913607, 50.7254601 ], "geometry": { "type": "MultiLineString", "coordinates": [ [ [ 7.0909565, 50.7251373 ], [ 7.0913607, 50.7254601 ] ], [ [ 7.0907185, 50.7249472 ], [ 7.0909565, 50.7251373 ] ], [ [ 7.0906169, 50.7248734 ], [ 7.0906832, 50.7249217 ], [ 7.0907185, 50.7249472 ] ], [ [ 7.0903321, 50.7246125 ], [ 7.0903893, 50.7246835 ], [ 7.0904521, 50.7247459 ], [ 7.0905443, 50.7248222 ], [ 7.0906169, 50.7248734 ] ], [ [ 7.0902757, 50.7245426 ], [ 7.0903321, 50.7246125 ] ], [ [ 7.09003, 50.7242372 ], [ 7.0901745, 50.7244172 ], [ 7.0902757, 50.7245426 ] ] ] } },
{ "type": "Feature", "id": "map — multilinestrings_2017981", "properties": { "name": "Krönungsweg", "osm_id": "2017981", "other_tags": "\"distance\"=>\"139.8\",\"from\"=>\"Bonn Hbf.\",\"network\"=>\"rwn\",\"old_osmc:symbol\"=>\"black:white::<10:black\",\"old_ref\"=>\"<10\",\"old_symbol\"=>\"liegender schwarzer Winkel auf weissem Grund\",\"operator\"=>\"Eifelverein\",\"osmc:symbol\"=>\"black:green:green_rectangle:Krö:black\",\"ref\"=>\"Krö\",\"roundtrip\"=>\"no\",\"route\"=>\"hiking\",\"to\"=>\"Aachen\"", "source_layer": "map — multilinestrings", "type": "route" }, "bbox": [ 7.09003, 50.7242372, 7.0919619, 50.7259534 ], "geometry": { "type": "MultiLineString", "coordinates": [ [ [ 7.09003, 50.7242372 ], [ 7.0901745, 50.7244172 ], [ 7.0902757, 50.7245426 ] ], [ [ 7.0902757, 50.7245426 ], [ 7.0903321, 50.7246125 ] ], [ [ 7.0903321, 50.7246125 ], [ 7.0903893, 50.7246835 ], [ 7.0904521, 50.7247459 ], [ 7.0905443, 50.7248222 ], [ 7.0906169, 50.7248734 ] ], [ [ 7.0906169, 50.7248734 ], [ 7.0906832, 50.7249217 ], [ 7.0907185, 50.7249472 ] ], [ [ 7.0907185, 50.7249472 ], [ 7.0909565, 50.7251373 ] ], [ [ 7.0909565, 50.7251373 ], [ 7.0913607, 50.7254601 ] ], [ [ 7.0913607, 50.7254601 ], [ 7.0915587, 50.7256189 ] ], [ [ 7.0915587, 50.7256189 ], [ 7.0916182, 50.7256662 ], [ 7.091677, 50.7257137 ], [ 7.091711, 50.725741 ], [ 7.0918675, 50.7258735 ], [ 7.0919619, 50.7259534 ] ] ] } },
{ "type": "Feature", "id": "map — multilinestrings_2046764", "properties": { "name": "Bus 601: Tannenbusch => Venusberg", "osm_id": "2046764", "other_tags": "\"colour\"=>\"#812A91\",\"from\"=>\"Tannenbusch\",\"network\"=>\"VRS\",\"network:long\"=>\"Verkehrsverbund Rhein-Sieg\",\"network:short\"=>\"VRS\",\"network:wikidata\"=>\"Q896041\",\"network:wikipedia\"=>\"de:Verkehrsverbund Rhein-Sieg\",\"on_demand\"=>\"no\",\"operator\"=>\"SWB\",\"public_transport:version\"=>\"2\",\"ref\"=>\"601\",\"route\"=>\"bus\",\"to\"=>\"Venusberg\"", "source_layer": "map — multilinestrings", "type": "route" }, "bbox": [ 7.09003, 50.7242372, 7.0919619, 50.7259534 ], "geometry": { "type": "MultiLineString", "coordinates": [ [ [ 7.0915587, 50.7256189 ], [ 7.0916182, 50.7256662 ], [ 7.091677, 50.7257137 ], [ 7.091711, 50.725741 ], [ 7.0918675, 50.7258735 ], [ 7.0919619, 50.7259534 ] ], [ [ 7.0913607, 50.7254601 ], [ 7.0915587, 50.7256189 ] ], [ [ 7.0909565, 50.7251373 ], [ 7.0913607, 50.7254601 ] ], [ [ 7.0907185, 50.7249472 ], [ 7.0909565, 50.7251373 ] ], [ [ 7.0906169, 50.7248734 ], [ 7.0906832, 50.7249217 ], [ 7.0907185, 50.7249472 ] ], [ [ 7.0903321, 50.7246125 ], [ 7.0903893, 50.7246835 ], [ 7.0904521, 50.7247459 ], [ 7.0905443, 50.7248222 ], [ 7.0906169, 50.7248734 ] ], [ [ 7.0902757, 50.7245426 ], [ 7.0903321, 50.7246125 ] ], [ [ 7.09003, 50.7242372 ], [ 7.0901745, 50.7244172 ], [ 7.0902757, 50.7245426 ] ] ] } },
{ "type": "Feature", "id": "map — multilinestrings_2046765", "properties": { "name": "Bus 601: Venusberg => Tannenbusch", "osm_id": "2046765", "other_tags": "\"colour\"=>\"#812A91\",\"from\"=>\"Venusberg\",\"network\"=>\"VRS\",\"network:long\"=>\"Verkehrsverbund Rhein-Sieg\",\"network:short\"=>\"VRS\",\"network:wikidata\"=>\"Q896041\",\"network:wikipedia\"=>\"de:Verkehrsverbund Rhein-Sieg\",\"on_demand\"=>\"no\",\"operator\"=>\"SWB\",\"public_transport:version\"=>\"2\",\"ref\"=>\"601\",\"route\"=>\"bus\",\"to\"=>\"Tannenbusch\"", "source_layer": "map — multilinestrings", "type": "route" }, "bbox": [ 7.09003, 50.7242372, 7.0919619, 50.7259534 ], "geometry": { "type": "MultiLineString", "coordinates": [ [ [ 7.09003, 50.7242372 ], [ 7.0901745, 50.7244172 ], [ 7.0902757, 50.7245426 ] ], [ [ 7.0902757, 50.7245426 ], [ 7.0903321, 50.7246125 ] ], [ [ 7.0903321, 50.7246125 ], [ 7.0903893, 50.7246835 ], [ 7.0904521, 50.7247459 ], [ 7.0905443, 50.7248222 ], [ 7.0906169, 50.7248734 ] ], [ [ 7.0906169, 50.7248734 ], [ 7.0906832, 50.7249217 ], [ 7.0907185, 50.7249472 ] ], [ [ 7.0907185, 50.7249472 ], [ 7.0909565, 50.7251373 ] ], [ [ 7.0909565, 50.7251373 ], [ 7.0913607, 50.7254601 ] ], [ [ 7.0913607, 50.7254601 ], [ 7.0915587, 50.7256189 ] ], [ [ 7.0915587, 50.7256189 ], [ 7.0916182, 50.7256662 ], [ 7.091677, 50.7257137 ], [ 7.091711, 50.725741 ], [ 7.0918675, 50.7258735 ], [ 7.0919619, 50.7259534 ] ] ] } },
{ "type": "Feature", "id": "map — multilinestrings_2128234", "properties": { "name": "Bus 602: Tannenbusch => Hbf => Waldau", "osm_id": "2128234", "other_tags": "\"colour\"=>\"#DA6EAB\",\"from\"=>\"Tannenbusch\",\"network\"=>\"VRS\",\"network:long\"=>\"Verkehrsverbund Rhein-Sieg\",\"network:short\"=>\"VRS\",\"network:wikidata\"=>\"Q896041\",\"network:wikipedia\"=>\"de:Verkehrsverbund Rhein-Sieg\",\"on_demand\"=>\"no\",\"operator\"=>\"SWB\",\"public_transport:version\"=>\"2\",\"ref\"=>\"602\",\"route\"=>\"bus\",\"to\"=>\"Waldau\",\"via\"=>\"Hbf\"", "source_layer": "map — multilinestrings", "type": "route" }, "bbox": [ 7.09003, 50.7242372, 7.0919619, 50.7259534 ], "geometry": { "type": "MultiLineString", "coordinates": [ [ [ 7.0915587, 50.7256189 ], [ 7.0916182, 50.7256662 ], [ 7.091677, 50.7257137 ], [ 7.091711, 50.725741 ], [ 7.0918675, 50.7258735 ], [ 7.0919619, 50.7259534 ] ], [ [ 7.0913607, 50.7254601 ], [ 7.0915587, 50.7256189 ] ], [ [ 7.0909565, 50.7251373 ], [ 7.0913607, 50.7254601 ] ], [ [ 7.0907185, 50.7249472 ], [ 7.0909565, 50.7251373 ] ], [ [ 7.0906169, 50.7248734 ], [ 7.0906832, 50.7249217 ], [ 7.0907185, 50.7249472 ] ], [ [ 7.0903321, 50.7246125 ], [ 7.0903893, 50.7246835 ], [ 7.0904521, 50.7247459 ], [ 7.0905443, 50.7248222 ], [ 7.0906169, 50.7248734 ] ], [ [ 7.0902757, 50.7245426 ], [ 7.0903321, 50.7246125 ] ], [ [ 7.09003, 50.7242372 ], [ 7.0901745, 50.7244172 ], [ 7.0902757, 50.7245426 ] ] ] } },
{ "type": "Feature", "id": "map — multilinestrings_2128235", "properties": { "name": "Bus 602: Waldau => Hbf => Tannenbusch", "osm_id": "2128235", "other_tags": "\"colour\"=>\"#DA6EAB\",\"from\"=>\"Waldau\",\"network\"=>\"VRS\",\"network:long\"=>\"Verkehrsverbund Rhein-Sieg\",\"network:short\"=>\"VRS\",\"network:wikidata\"=>\"Q896041\",\"network:wikipedia\"=>\"de:Verkehrsverbund Rhein-Sieg\",\"on_demand\"=>\"no\",\"operator\"=>\"SWB\",\"public_transport:version\"=>\"2\",\"ref\"=>\"602\",\"route\"=>\"bus\",\"to\"=>\"Tannenbusch\",\"via\"=>\"Hbf\"", "source_layer": "map — multilinestrings", "type": "route" }, "bbox": [ 7.09003, 50.7242372, 7.0919619, 50.7259534 ], "geometry": { "type": "MultiLineString", "coordinates": [ [ [ 7.09003, 50.7242372 ], [ 7.0901745, 50.7244172 ], [ 7.0902757, 50.7245426 ] ], [ [ 7.0902757, 50.7245426 ], [ 7.0903321, 50.7246125 ] ], [ [ 7.0903321, 50.7246125 ], [ 7.0903893, 50.7246835 ], [ 7.0904521, 50.7247459 ], [ 7.0905443, 50.7248222 ], [ 7.0906169, 50.7248734 ] ], [ [ 7.0906169, 50.7248734 ], [ 7.0906832, 50.7249217 ], [ 7.0907185, 50.7249472 ] ], [ [ 7.0907185, 50.7249472 ], [ 7.0909565, 50.7251373 ] ], [ [ 7.0909565, 50.7251373 ], [ 7.0913607, 50.7254601 ] ], [ [ 7.0913607, 50.7254601 ], [ 7.0915587, 50.7256189 ] ], [ [ 7.0915587, 50.7256189 ], [ 7.0916182, 50.7256662 ], [ 7.091677, 50.7257137 ], [ 7.091711, 50.725741 ], [ 7.0918675, 50.7258735 ], [ 7.0919619, 50.7259534 ] ] ] } },
{ "type": "Feature", "id": "map — multilinestrings_2132327", "properties": { "name": "Bus 603: Röttgen => Bechlinghoven", "osm_id": "2132327", "other_tags": "\"colour\"=>\"#EC008D\",\"from\"=>\"Röttgen\",\"network\"=>\"VRS\",\"network:long\"=>\"Verkehrsverbund Rhein-Sieg\",\"network:short\"=>\"VRS\",\"network:wikidata\"=>\"Q896041\",\"network:wikipedia\"=>\"de:Verkehrsverbund Rhein-Sieg\",\"on_demand\"=>\"no\",\"operator\"=>\"SWB\",\"public_transport:version\"=>\"2\",\"ref\"=>\"603\",\"route\"=>\"bus\",\"to\"=>\"Bechlinghoven\"", "source_layer": "map — multilinestrings", "type": "route" }, "bbox": [ 7.09003, 50.7242372, 7.0919619, 50.7259534 ], "geometry": { "type": "MultiLineString", "coordinates": [ [ [ 7.09003, 50.7242372 ], [ 7.0901745, 50.7244172 ], [ 7.0902757, 50.7245426 ] ], [ [ 7.0902757, 50.7245426 ], [ 7.0903321, 50.7246125 ] ], [ [ 7.0903321, 50.7246125 ], [ 7.0903893, 50.7246835 ], [ 7.0904521, 50.7247459 ], [ 7.0905443, 50.7248222 ], [ 7.0906169, 50.7248734 ] ], [ [ 7.0906169, 50.7248734 ], [ 7.0906832, 50.7249217 ], [ 7.0907185, 50.7249472 ] ], [ [ 7.0907185, 50.7249472 ], [ 7.0909565, 50.7251373 ] ], [ [ 7.0909565, 50.7251373 ], [ 7.0913607, 50.7254601 ] ], [ [ 7.0913607, 50.7254601 ], [ 7.0915587, 50.7256189 ] ], [ [ 7.0915587, 50.7256189 ], [ 7.0916182, 50.7256662 ], [ 7.091677, 50.7257137 ], [ 7.091711, 50.725741 ], [ 7.0918675, 50.7258735 ], [ 7.0919619, 50.7259534 ] ] ] } },
{ "type": "Feature", "id": "map — multilinestrings_3380489", "properties": { "name": "Bus 632: Uniklinikum Süd => Endenich Nord Bahnhof", "osm_id": "3380489", "other_tags": "\"colour\"=>\"#50af47\",\"from\"=>\"Uniklinikum Süd\",\"network\"=>\"VRS\",\"network:long\"=>\"Verkehrsverbund Rhein-Sieg\",\"network:short\"=>\"VRS\",\"network:wikidata\"=>\"Q896041\",\"network:wikipedia\"=>\"de:Verkehrsverbund Rhein-Sieg\",\"on_demand\"=>\"no\",\"operator\"=>\"SWB\",\"public_transport:version\"=>\"2\",\"ref\"=>\"632\",\"route\"=>\"bus\",\"to\"=>\"Endenich Nord Bahnhof\"", "source_layer": "map — multilinestrings", "type": "route" }, "bbox": [ 7.09003, 50.7242372, 7.0913607, 50.7259287 ], "geometry": { "type": "MultiLineString", "coordinates": [ [ [ 7.09003, 50.7242372 ], [ 7.0901745, 50.7244172 ], [ 7.0902757, 50.7245426 ] ], [ [ 7.0902757, 50.7245426 ], [ 7.0903321, 50.7246125 ] ], [ [ 7.0903321, 50.7246125 ], [ 7.0903893, 50.7246835 ], [ 7.0904521, 50.7247459 ], [ 7.0905443, 50.7248222 ], [ 7.0906169, 50.7248734 ] ], [ [ 7.0906169, 50.7248734 ], [ 7.0906832, 50.7249217 ], [ 7.0907185, 50.7249472 ] ], [ [ 7.0907185, 50.7249472 ], [ 7.0909565, 50.7251373 ] ], [ [ 7.0909565, 50.7251373 ], [ 7.0913607, 50.7254601 ] ], [ [ 7.0904899, 50.72591 ], [ 7.0909691, 50.7256624 ], [ 7.0909981, 50.7256476 ], [ 7.091136, 50.7255762 ], [ 7.0912727, 50.7255056 ], [ 7.091311, 50.7254858 ], [ 7.0913607, 50.7254601 ] ], [ [ 7.0904538, 50.7259287 ], [ 7.0904899, 50.72591 ] ] ] } },
{ "type": "Feature", "id": "map — multilinestrings_3380490", "properties": { "name": "Bus 632: Endenich Nord Bahnhof => Uniklinikum Süd", "osm_id": "3380490", "other_tags": "\"colour\"=>\"#50af47\",\"from\"=>\"Endenich Nord Bahnhof\",\"network\"=>\"VRS\",\"network:long\"=>\"Verkehrsverbund Rhein-Sieg\",\"network:short\"=>\"VRS\",\"network:wikidata\"=>\"Q896041\",\"network:wikipedia\"=>\"de:Verkehrsverbund Rhein-Sieg\",\"on_demand\"=>\"no\",\"operator\"=>\"SWB\",\"public_transport:version\"=>\"2\",\"ref\"=>\"632\",\"route\"=>\"bus\",\"to\"=>\"Uniklinikum Süd\"", "source_layer": "map — multilinestrings", "type": "route" }, "bbox": [ 7.09003, 50.7242372, 7.0913607, 50.7259287 ], "geometry": { "type": "MultiLineString", "coordinates": [ [ [ 7.0904538, 50.7259287 ], [ 7.0904899, 50.72591 ] ], [ [ 7.0904899, 50.72591 ], [ 7.0909691, 50.7256624 ], [ 7.0909981, 50.7256476 ], [ 7.091136, 50.7255762 ], [ 7.0912727, 50.7255056 ], [ 7.091311, 50.7254858 ], [ 7.0913607, 50.7254601 ] ], [ [ 7.0909565, 50.7251373 ], [ 7.0913607, 50.7254601 ] ], [ [ 7.0907185, 50.7249472 ], [ 7.0909565, 50.7251373 ] ], [ [ 7.0906169, 50.7248734 ], [ 7.0906832, 50.7249217 ], [ 7.0907185, 50.7249472 ] ], [ [ 7.0903321, 50.7246125 ], [ 7.0903893, 50.7246835 ], [ 7.0904521, 50.7247459 ], [ 7.0905443, 50.7248222 ], [ 7.0906169, 50.7248734 ] ], [ [ 7.0902757, 50.7245426 ], [ 7.0903321, 50.7246125 ] ], [ [ 7.09003, 50.7242372 ], [ 7.0901745, 50.7244172 ], [ 7.0902757, 50.7245426 ] ] ] } },
{ "type": "Feature", "id": "map — multilinestrings_3921595", "properties": { "name": "Bonn (01) - Bonn (73)", "osm_id": "3921595", "other_tags": "\"network\"=>\"rcn\",\"network:type\"=>\"node_network\",\"ref\"=>\"01-73\",\"route\"=>\"bicycle\"", "source_layer": "map — multilinestrings", "type": "route" }, "bbox": [ 7.0913607, 50.7254601, 7.0919619, 50.7259534 ], "geometry": { "type": "MultiLineString", "coordinates": [ [ [ 7.0915587, 50.7256189 ], [ 7.0916182, 50.7256662 ], [ 7.091677, 50.7257137 ], [ 7.091711, 50.725741 ], [ 7.0918675, 50.7258735 ], [ 7.0919619, 50.7259534 ] ], [ [ 7.0913607, 50.7254601 ], [ 7.0915587, 50.7256189 ] ] ] } },
{ "type": "Feature", "id": "map — multilinestrings_3930392", "properties": { "name": "Alfter Vorgebirgsbahnweg (71) - Bonn Botanischer Garten (73)", "osm_id": "3930392", "other_tags": "\"network\"=>\"rcn\",\"network:type\"=>\"node_network\",\"ref\"=>\"71-73\",\"route\"=>\"bicycle\"", "source_layer": "map — multilinestrings", "type": "route" }, "bbox": [ 7.0904538, 50.7254601, 7.0913607, 50.7259287 ], "geometry": { "type": "MultiLineString", "coordinates": [ [ [ 7.0904538, 50.7259287 ], [ 7.0904899, 50.72591 ] ], [ [ 7.0904899, 50.72591 ], [ 7.0909691, 50.7256624 ], [ 7.0909981, 50.7256476 ], [ 7.091136, 50.7255762 ], [ 7.0912727, 50.7255056 ], [ 7.091311, 50.7254858 ], [ 7.0913607, 50.7254601 ] ] ] } },
{ "type": "Feature", "id": "map — multilinestrings_3930393", "properties": { "name": "Bonn (73) - Bonn (74)", "osm_id": "3930393", "other_tags": "\"network\"=>\"rcn\",\"network:type\"=>\"node_network\",\"ref\"=>\"73-74\",\"route\"=>\"bicycle\"", "source_layer": "map — multilinestrings", "type": "route" }, "bbox": [ 7.09003, 50.7242372, 7.0913607, 50.7254601 ], "geometry": { "type": "MultiLineString", "coordinates": [ [ [ 7.0909565, 50.7251373 ], [ 7.0913607, 50.7254601 ] ], [ [ 7.0907185, 50.7249472 ], [ 7.0909565, 50.7251373 ] ], [ [ 7.0906169, 50.7248734 ], [ 7.0906832, 50.7249217 ], [ 7.0907185, 50.7249472 ] ], [ [ 7.0903321, 50.7246125 ], [ 7.0903893, 50.7246835 ], [ 7.0904521, 50.7247459 ], [ 7.0905443, 50.7248222 ], [ 7.0906169, 50.7248734 ] ], [ [ 7.0902757, 50.7245426 ], [ 7.0903321, 50.7246125 ] ], [ [ 7.09003, 50.7242372 ], [ 7.0901745, 50.7244172 ], [ 7.0902757, 50.7245426 ] ] ] } },
{ "type": "Feature", "id": "map — multilinestrings_8330503", "properties": { "name": "Bus 602: Venusberg => Bonn Hbf", "osm_id": "8330503", "other_tags": "\"colour\"=>\"#DA6EAB\",\"comment\"=>\"Nur Mo-Fr morgens.\",\"from\"=>\"Venusberg\",\"network\"=>\"VRS\",\"network:long\"=>\"Verkehrsverbund Rhein-Sieg\",\"network:short\"=>\"VRS\",\"network:wikidata\"=>\"Q896041\",\"network:wikipedia\"=>\"de:Verkehrsverbund Rhein-Sieg\",\"on_demand\"=>\"no\",\"operator\"=>\"SWB\",\"public_transport:version\"=>\"2\",\"ref\"=>\"602\",\"route\"=>\"bus\",\"to\"=>\"Bonn Hbf\"", "source_layer": "map — multilinestrings", "type": "route" }, "bbox": [ 7.09003, 50.7242372, 7.0919619, 50.7259534 ], "geometry": { "type": "MultiLineString", "coordinates": [ [ [ 7.09003, 50.7242372 ], [ 7.0901745, 50.7244172 ], [ 7.0902757, 50.7245426 ] ], [ [ 7.0902757, 50.7245426 ], [ 7.0903321, 50.7246125 ] ], [ [ 7.0903321, 50.7246125 ], [ 7.0903893, 50.7246835 ], [ 7.0904521, 50.7247459 ], [ 7.0905443, 50.7248222 ], [ 7.0906169, 50.7248734 ] ], [ [ 7.0906169, 50.7248734 ], [ 7.0906832, 50.7249217 ], [ 7.0907185, 50.7249472 ] ], [ [ 7.0907185, 50.7249472 ], [ 7.0909565, 50.7251373 ] ], [ [ 7.0909565, 50.7251373 ], [ 7.0913607, 50.7254601 ] ], [ [ 7.0913607, 50.7254601 ], [ 7.0915587, 50.7256189 ] ], [ [ 7.0915587, 50.7256189 ], [ 7.0916182, 50.7256662 ], [ 7.091677, 50.7257137 ], [ 7.091711, 50.725741 ], [ 7.0918675, 50.7258735 ], [ 7.0919619, 50.7259534 ] ] ] } },
{ "type": "Feature", "id": "map — multilinestrings_8330504", "properties": { "name": "Bus 602: Bonn Hbf => Venusberg", "osm_id": "8330504", "other_tags": "\"colour\"=>\"#DA6EAB\",\"comment\"=>\"Nur Mo-Fr nachmittags.\",\"from\"=>\"Bonn Hbf\",\"network\"=>\"VRS\",\"network:long\"=>\"Verkehrsverbund Rhein-Sieg\",\"network:short\"=>\"VRS\",\"network:wikidata\"=>\"Q896041\",\"network:wikipedia\"=>\"de:Verkehrsverbund Rhein-Sieg\",\"on_demand\"=>\"no\",\"operator\"=>\"SWB\",\"public_transport:version\"=>\"2\",\"ref\"=>\"602\",\"route\"=>\"bus\",\"to\"=>\"Venusberg\"", "source_layer": "map — multilinestrings", "type": "route" }, "bbox": [ 7.09003, 50.7242372, 7.0919619, 50.7259534 ], "geometry": { "type": "MultiLineString", "coordinates": [ [ [ 7.0915587, 50.7256189 ], [ 7.0916182, 50.7256662 ], [ 7.091677, 50.7257137 ], [ 7.091711, 50.725741 ], [ 7.0918675, 50.7258735 ], [ 7.0919619, 50.7259534 ] ], [ [ 7.0913607, 50.7254601 ], [ 7.0915587, 50.7256189 ] ], [ [ 7.0909565, 50.7251373 ], [ 7.0913607, 50.7254601 ] ], [ [ 7.0907185, 50.7249472 ], [ 7.0909565, 50.7251373 ] ], [ [ 7.0906169, 50.7248734 ], [ 7.0906832, 50.7249217 ], [ 7.0907185, 50.7249472 ] ], [ [ 7.0903321, 50.7246125 ], [ 7.0903893, 50.7246835 ], [ 7.0904521, 50.7247459 ], [ 7.0905443, 50.7248222 ], [ 7.0906169, 50.7248734 ] ], [ [ 7.0902757, 50.7245426 ], [ 7.0903321, 50.7246125 ] ], [ [ 7.09003, 50.7242372 ], [ 7.0901745, 50.7244172 ], [ 7.0902757, 50.7245426 ] ] ] } },
{ "type": "Feature", "id": "map — multilinestrings_12553655", "properties": { "name": "Linksrheinischer Jakobsweg", "osm_id": "12553655", "other_tags": "\"from\"=>\"Köln\",\"network\"=>\"nwn\",\"osmc:symbol\"=>\"blue:blue:shell_modern\",\"pilgrimage\"=>\"yes\",\"ref\"=>\"JW\",\"roundtrip\"=>\"no\",\"route\"=>\"hiking\",\"to\"=>\"Bingen\",\"website\"=>\"http://www.linksrheinischer-jakobsweg.info/\"", "source_layer": "map — multilinestrings", "type": "route" }, "bbox": [ 7.09003, 50.7242372, 7.0919619, 50.7259534 ], "geometry": { "type": "MultiLineString", "coordinates": [ [ [ 7.0915587, 50.7256189 ], [ 7.0916182, 50.7256662 ], [ 7.091677, 50.7257137 ], [ 7.091711, 50.725741 ], [ 7.0918675, 50.7258735 ], [ 7.0919619, 50.7259534 ] ], [ [ 7.0913607, 50.7254601 ], [ 7.0915587, 50.7256189 ] ], [ [ 7.0909565, 50.7251373 ], [ 7.0913607, 50.7254601 ] ], [ [ 7.0907185, 50.7249472 ], [ 7.0909565, 50.7251373 ] ], [ [ 7.0906169, 50.7248734 ], [ 7.0906832, 50.7249217 ], [ 7.0907185, 50.7249472 ] ], [ [ 7.0903321, 50.7246125 ], [ 7.0903893, 50.7246835 ], [ 7.0904521, 50.7247459 ], [ 7.0905443, 50.7248222 ], [ 7.0906169, 50.7248734 ] ], [ [ 7.0902757, 50.7245426 ], [ 7.0903321, 50.7246125 ] ], [ [ 7.09003, 50.7242372 ], [ 7.0901745, 50.7244172 ], [ 7.0902757, 50.7245426 ] ] ] } },
{ "type": "Feature", "id": "map — multilinestrings_20303551", "properties": { "name": "Bus 601: Venusberg => Hauptbahnhof", "osm_id": "20303551", "other_tags": "\"colour\"=>\"#812A91\",\"from\"=>\"Venusberg\",\"network\"=>\"VRS\",\"network:long\"=>\"Verkehrsverbund Rhein-Sieg\",\"network:short\"=>\"VRS\",\"network:wikidata\"=>\"Q896041\",\"network:wikipedia\"=>\"de:Verkehrsverbund Rhein-Sieg\",\"on_demand\"=>\"no\",\"operator\"=>\"SWB\",\"public_transport:version\"=>\"2\",\"ref\"=>\"601\",\"route\"=>\"bus\",\"to\"=>\"Hauptbahnhof\"", "source_layer": "map — multilinestrings", "type": "route" }, "bbox": [ 7.09003, 50.7242372, 7.0919619, 50.7259534 ], "geometry": { "type": "MultiLineString", "coordinates": [ [ [ 7.09003, 50.7242372 ], [ 7.0901745, 50.7244172 ], [ 7.0902757, 50.7245426 ] ], [ [ 7.0902757, 50.7245426 ], [ 7.0903321, 50.7246125 ] ], [ [ 7.0903321, 50.7246125 ], [ 7.0903893, 50.7246835 ], [ 7.0904521, 50.7247459 ], [ 7.0905443, 50.7248222 ], [ 7.0906169, 50.7248734 ] ], [ [ 7.0906169, 50.7248734 ], [ 7.0906832, 50.7249217 ], [ 7.0907185, 50.7249472 ] ], [ [ 7.0907185, 50.7249472 ], [ 7.0909565, 50.7251373 ] ], [ [ 7.0909565, 50.7251373 ], [ 7.0913607, 50.7254601 ] ], [ [ 7.0913607, 50.7254601 ], [ 7.0915587, 50.7256189 ] ], [ [ 7.0915587, 50.7256189 ], [ 7.0916182, 50.7256662 ], [ 7.091677, 50.7257137 ], [ 7.091711, 50.725741 ], [ 7.0918675, 50.7258735 ], [ 7.0919619, 50.7259534 ] ] ] } },
{ "type": "Feature", "id": "map — multilinestrings_20332851", "properties": { "name": "Bus 602: Tannenbusch => Hbf => Saalestraße (Grundschule) => Venusberg", "osm_id": "20332851", "other_tags": "\"colour\"=>\"#DA6EAB\",\"comment\"=>\"Eine Fahrt an Schultagen.\",\"from\"=>\"Tannenbusch\",\"network\"=>\"VRS\",\"network:long\"=>\"Verkehrsverbund Rhein-Sieg\",\"network:short\"=>\"VRS\",\"network:wikidata\"=>\"Q896041\",\"network:wikipedia\"=>\"de:Verkehrsverbund Rhein-Sieg\",\"on_demand\"=>\"no\",\"operator\"=>\"SWB\",\"public_transport:version\"=>\"2\",\"ref\"=>\"602\",\"route\"=>\"bus\",\"to\"=>\"Venusberg\",\"via\"=>\"Hbf;Saalestraße (Grundschule)\"", "source_layer": "map — multilinestrings", "type": "route" }, "bbox": [ 7.09003, 50.7242372, 7.0919619, 50.7259534 ], "geometry": { "type": "MultiLineString", "coordinates": [ [ [ 7.0915587, 50.7256189 ], [ 7.0916182, 50.7256662 ], [ 7.091677, 50.7257137 ], [ 7.091711, 50.725741 ], [ 7.0918675, 50.7258735 ], [ 7.0919619, 50.7259534 ] ], [ [ 7.0913607, 50.7254601 ], [ 7.0915587, 50.7256189 ] ], [ [ 7.0909565, 50.7251373 ], [ 7.0913607, 50.7254601 ] ], [ [ 7.0907185, 50.7249472 ], [ 7.0909565, 50.7251373 ] ], [ [ 7.0906169, 50.7248734 ], [ 7.0906832, 50.7249217 ], [ 7.0907185, 50.7249472 ] ], [ [ 7.0903321, 50.7246125 ], [ 7.0903893, 50.7246835 ], [ 7.0904521, 50.7247459 ], [ 7.0905443, 50.7248222 ], [ 7.0906169, 50.7248734 ] ], [ [ 7.0902757, 50.7245426 ], [ 7.0903321, 50.7246125 ] ], [ [ 7.09003, 50.7242372 ], [ 7.0901745, 50.7244172 ], [ 7.0902757, 50.7245426 ] ] ] } },
{ "type": "Feature", "id": "map — multilinestrings_20332856", "properties": { "name": "Bus 603: Röttgen => Bonn Hbf C2", "osm_id": "20332856", "other_tags": "\"colour\"=>\"#EC008D\",\"comment\"=>\"Letzt Fahrt sonn- und feiertags.\",\"from\"=>\"Röttgen\",\"network\"=>\"VRS\",\"network:long\"=>\"Verkehrsverbund Rhein-Sieg\",\"network:short\"=>\"VRS\",\"network:wikidata\"=>\"Q896041\",\"network:wikipedia\"=>\"de:Verkehrsverbund Rhein-Sieg\",\"on_demand\"=>\"no\",\"operator\"=>\"SWB\",\"public_transport:version\"=>\"2\",\"ref\"=>\"603\",\"route\"=>\"bus\",\"to\"=>\"Bonn Hbf C2\"", "source_layer": "map — multilinestrings", "type": "route" }, "bbox": [ 7.09003, 50.7242372, 7.0919619, 50.7259534 ], "geometry": { "type": "MultiLineString", "coordinates": [ [ [ 7.09003, 50.7242372 ], [ 7.0901745, 50.7244172 ], [ 7.0902757, 50.7245426 ] ], [ [ 7.0902757, 50.7245426 ], [ 7.0903321, 50.7246125 ] ], [ [ 7.0903321, 50.7246125 ], [ 7.0903893, 50.7246835 ], [ 7.0904521, 50.7247459 ], [ 7.0905443, 50.7248222 ], [ 7.0906169, 50.7248734 ] ], [ [ 7.0906169, 50.7248734 ], [ 7.0906832, 50.7249217 ], [ 7.0907185, 50.7249472 ] ], [ [ 7.0907185, 50.7249472 ], [ 7.0909565, 50.7251373 ] ], [ [ 7.0909565, 50.7251373 ], [ 7.0913607, 50.7254601 ] ], [ [ 7.0913607, 50.7254601 ], [ 7.0915587, 50.7256189 ] ], [ [ 7.0915587, 50.7256189 ], [ 7.0916182, 50.7256662 ], [ 7.091677, 50.7257137 ], [ 7.091711, 50.725741 ], [ 7.0918675, 50.7258735 ], [ 7.0919619, 50.7259534 ] ] ] } },
{ "type": "Feature", "id": "map — multilinestrings_20332857", "properties": { "name": "Bus 603: Röttgen => Bonn Hbf B1", "osm_id": "20332857", "other_tags": "\"colour\"=>\"#EC008D\",\"comment\"=>\"Letzt Fahrt samstags.\",\"from\"=>\"Röttgen\",\"network\"=>\"VRS\",\"network:long\"=>\"Verkehrsverbund Rhein-Sieg\",\"network:short\"=>\"VRS\",\"network:wikidata\"=>\"Q896041\",\"network:wikipedia\"=>\"de:Verkehrsverbund Rhein-Sieg\",\"on_demand\"=>\"no\",\"operator\"=>\"SWB\",\"public_transport:version\"=>\"2\",\"ref\"=>\"603\",\"route\"=>\"bus\",\"to\"=>\"Bonn Hbf B1\"", "source_layer": "map — multilinestrings", "type": "route" }, "bbox": [ 7.09003, 50.7242372, 7.0919619, 50.7259534 ], "geometry": { "type": "MultiLineString", "coordinates": [ [ [ 7.09003, 50.7242372 ], [ 7.0901745, 50.7244172 ], [ 7.0902757, 50.7245426 ] ], [ [ 7.0902757, 50.7245426 ], [ 7.0903321, 50.7246125 ] ], [ [ 7.0903321, 50.7246125 ], [ 7.0903893, 50.7246835 ], [ 7.0904521, 50.7247459 ], [ 7.0905443, 50.7248222 ], [ 7.0906169, 50.7248734 ] ], [ [ 7.0906169, 50.7248734 ], [ 7.0906832, 50.7249217 ], [ 7.0907185, 50.7249472 ] ], [ [ 7.0907185, 50.7249472 ], [ 7.0909565, 50.7251373 ] ], [ [ 7.0909565, 50.7251373 ], [ 7.0913607, 50.7254601 ] ], [ [ 7.0913607, 50.7254601 ], [ 7.0915587, 50.7256189 ] ], [ [ 7.0915587, 50.7256189 ], [ 7.0916182, 50.7256662 ], [ 7.091677, 50.7257137 ], [ 7.091711, 50.725741 ], [ 7.0918675, 50.7258735 ], [ 7.0919619, 50.7259534 ] ] ] } },
{ "type": "Feature", "id": "map — multilinestrings_20332860", "properties": { "name": "Bus 602: Waldau => Saalestraße (Grundschule) => Hbf => Tannenbusch", "osm_id": "20332860", "other_tags": "\"colour\"=>\"#DA6EAB\",\"comment\"=>\"Drei Fahrten an Schultagen.\",\"from\"=>\"Waldau\",\"network\"=>\"VRS\",\"network:long\"=>\"Verkehrsverbund Rhein-Sieg\",\"network:short\"=>\"VRS\",\"network:wikidata\"=>\"Q896041\",\"network:wikipedia\"=>\"de:Verkehrsverbund Rhein-Sieg\",\"on_demand\"=>\"no\",\"operator\"=>\"SWB\",\"public_transport:version\"=>\"2\",\"ref\"=>\"602\",\"route\"=>\"bus\",\"to\"=>\"Tannenbusch\",\"via\"=>\"Saalestraße (Grundschule);Hbf\"", "source_layer": "map — multilinestrings", "type": "route" }, "bbox": [ 7.09003, 50.7242372, 7.0919619, 50.7259534 ], "geometry": { "type": "MultiLineString", "coordinates": [ [ [ 7.09003, 50.7242372 ], [ 7.0901745, 50.7244172 ], [ 7.0902757, 50.7245426 ] ], [ [ 7.0902757, 50.7245426 ], [ 7.0903321, 50.7246125 ] ], [ [ 7.0903321, 50.7246125 ], [ 7.0903893, 50.7246835 ], [ 7.0904521, 50.7247459 ], [ 7.0905443, 50.7248222 ], [ 7.0906169, 50.7248734 ] ], [ [ 7.0906169, 50.7248734 ], [ 7.0906832, 50.7249217 ], [ 7.0907185, 50.7249472 ] ], [ [ 7.0907185, 50.7249472 ], [ 7.0909565, 50.7251373 ] ], [ [ 7.0909565, 50.7251373 ], [ 7.0913607, 50.7254601 ] ], [ [ 7.0913607, 50.7254601 ], [ 7.0915587, 50.7256189 ] ], [ [ 7.0915587, 50.7256189 ], [ 7.0916182, 50.7256662 ], [ 7.091677, 50.7257137 ], [ 7.091711, 50.725741 ], [ 7.0918675, 50.7258735 ], [ 7.0919619, 50.7259534 ] ] ] } },
{ "type": "Feature", "id": "map — lines_4396079", "properties": { "barrier": null, "highway": "residential", "man_made": null, "name": "Karlrobert-Kreiten-Straße", "osm_id": "4396079", "other_tags": "\"lit\"=>\"yes\",\"maxspeed\"=>\"30\",\"motor_vehicle\"=>\"destination\",\"name:etymology:wikidata\"=>\"Q95432\",\"oneway\"=>\"no\",\"oneway:bicycle\"=>\"no\",\"sidewalk:both:surface\"=>\"paving_stones\",\"sidewalk:left\"=>\"yes\",\"sidewalk:right\"=>\"separate\",\"smoothness\"=>\"good\",\"source:maxspeed\"=>\"DE:zone30\",\"surface\"=>\"asphalt\"", "source_layer": "map — lines", "aerialway": null, "waterway": null, "z_order": 3 }, "bbox": [ 7.0895803, 50.7242682, 7.0899663, 50.7244599 ], "geometry": { "type": "LineString", "coordinates": [ [ 7.0895803, 50.7244599 ], [ 7.0896134, 50.7244435 ], [ 7.0899663, 50.7242682 ] ] } },
{ "type": "Feature", "id": "map — lines_26706760", "properties": { "barrier": null, "highway": null, "man_made": null, "name": "Melbbach", "osm_id": "26706760", "other_tags": "\"alt_name\"=>\"Engelsbach\",\"layer\"=>\"-2\",\"tunnel\"=>\"culvert\"", "source_layer": "map — lines", "aerialway": null, "waterway": "stream", "z_order": -20 }, "bbox": [ 7.0896133, 50.7236504, 7.0916633, 50.725458 ], "geometry": { "type": "LineString", "coordinates": [ [ 7.0896133, 50.7236504 ], [ 7.0902112, 50.7244467 ], [ 7.0904759, 50.724733 ], [ 7.0913891, 50.725458 ], [ 7.0916633, 50.7254558 ] ] } },
{ "type": "Feature", "id": "map — lines_26843708", "properties": { "barrier": null, "highway": null, "man_made": null, "name": "Melbbach", "osm_id": "26843708", "other_tags": "\"alt_name\"=>\"Engelsbach\",\"layer\"=>\"-1\",\"tunnel\"=>\"culvert\",\"wikidata\"=>\"Q828675\",\"wikipedia\"=>\"de:Melbbach\"", "source_layer": "map — lines", "aerialway": null, "waterway": "stream", "z_order": -10 }, "bbox": [ 7.0916633, 50.7254558, 7.0922625, 50.7259583 ], "geometry": { "type": "LineString", "coordinates": [ [ 7.0916633, 50.7254558 ], [ 7.0922625, 50.7259583 ] ] } },
{ "type": "Feature", "id": "map — lines_32756787", "properties": { "barrier": null, "highway": "tertiary", "man_made": null, "name": "Meckenheimer Allee", "osm_id": "32756787", "other_tags": "\"cycleway:both\"=>\"lane\",\"cycleway:both:lane\"=>\"advisory\",\"lane_markings\"=>\"no\",\"lit\"=>\"yes\",\"maxspeed\"=>\"50\",\"name:etymology:wikidata\"=>\"Q12464\",\"parking:both\"=>\"no\",\"parking:right:restriction\"=>\"no_stopping\",\"ref\"=>\"K 1\",\"sidewalk:both\"=>\"separate\",\"sidewalk:left:smoothness\"=>\"good\",\"sidewalk:left:surface\"=>\"paving_stones\",\"sidewalk:left:width\"=>\"1.5\",\"sidewalk:right:smoothness\"=>\"good\",\"sidewalk:right:surface\"=>\"paving_stones\",\"sidewalk:right:width\"=>\"2\",\"smoothness\"=>\"good\",\"surface\"=>\"asphalt\"", "source_layer": "map — lines", "aerialway": null, "waterway": null, "z_order": 4 }, "bbox": [ 7.0915587, 50.7256189, 7.0919619, 50.7259534 ], "geometry": { "type": "LineString", "coordinates": [ [ 7.0915587, 50.7256189 ], [ 7.0916182, 50.7256662 ], [ 7.091677, 50.7257137 ], [ 7.091711, 50.725741 ], [ 7.0918675, 50.7258735 ], [ 7.0919619, 50.7259534 ] ] } },
{ "type": "Feature", "id": "map — lines_32757602", "properties": { "barrier": null, "highway": "tertiary", "man_made": null, "name": "Meckenheimer Allee", "osm_id": "32757602", "other_tags": "\"cycleway:both\"=>\"lane\",\"cycleway:both:lane\"=>\"advisory\",\"lanes\"=>\"2\",\"lit\"=>\"yes\",\"maxspeed\"=>\"50\",\"name:etymology:wikidata\"=>\"Q12464\",\"parking:both:restriction\"=>\"no_stopping\",\"ref\"=>\"K 1\",\"sidewalk:both\"=>\"separate\",\"sidewalk:left:sloped_curb\"=>\"0.1\",\"sidewalk:left:sloped_curb:end\"=>\"0.1\",\"sidewalk:left:smoothness\"=>\"good\",\"sidewalk:left:surface\"=>\"paving_stones\",\"sidewalk:left:width\"=>\"1.5\",\"sidewalk:right:sloped_curb\"=>\"0.1\",\"sidewalk:right:smoothness\"=>\"good\",\"sidewalk:right:surface\"=>\"paving_stones\",\"sidewalk:right:width\"=>\"2\",\"smoothness\"=>\"good\",\"source:maxspeed\"=>\"DE:urban\",\"surface\"=>\"asphalt\"", "source_layer": "map — lines", "aerialway": null, "waterway": null, "z_order": 4 }, "bbox": [ 7.0903321, 50.7246125, 7.0906169, 50.7248734 ], "geometry": { "type": "LineString", "coordinates": [ [ 7.0903321, 50.7246125 ], [ 7.0903893, 50.7246835 ], [ 7.0904521, 50.7247459 ], [ 7.0905443, 50.7248222 ], [ 7.0906169, 50.7248734 ] ] } },
{ "type": "Feature", "id": "map — lines_50171994", "properties": { "barrier": "fence", "highway": null, "man_made": null, "name": null, "osm_id": "50171994", "other_tags": null, "source_layer": "map — lines", "aerialway": null, "waterway": null, "z_order": 0 }, "bbox": [ 7.0902633, 50.7232581, 7.0921372, 50.7256692 ], "geometry": { "type": "LineString", "coordinates": [ [ 7.0920326, 50.7255162 ], [ 7.0918764, 50.725598 ], [ 7.0917404, 50.7256692 ], [ 7.0909221, 50.7250042 ], [ 7.0909085, 50.7249928 ], [ 7.0908838, 50.7249749 ], [ 7.0906935, 50.7248282 ], [ 7.0906266, 50.7247781 ], [ 7.0906165, 50.7247701 ], [ 7.0906071, 50.7247625 ], [ 7.090565, 50.7247288 ], [ 7.0904819, 50.7246521 ], [ 7.0904075, 50.7245726 ], [ 7.0903585, 50.7245131 ], [ 7.0903179, 50.724452 ], [ 7.0902908, 50.7244057 ], [ 7.090273, 50.7243582 ], [ 7.0902633, 50.72431 ], [ 7.0902687, 50.7242719 ], [ 7.0902864, 50.7242319 ], [ 7.0903164, 50.7242084 ], [ 7.0903386, 50.7241966 ], [ 7.0903633, 50.7241849 ], [ 7.0903058, 50.7241365 ], [ 7.0904205, 50.7240779 ], [ 7.0911558, 50.7237027 ], [ 7.091893, 50.7233267 ], [ 7.0920135, 50.7232868 ], [ 7.0920956, 50.7232644 ], [ 7.0921372, 50.7232581 ] ] } },
{ "type": "Feature", "id": "map — lines_50172002", "properties": { "barrier": "fence", "highway": null, "man_made": null, "name": null, "osm_id": "50172002", "other_tags": null, "source_layer": "map — lines", "aerialway": null, "waterway": null, "z_order": 0 }, "bbox": [ 7.0928044, 50.7251207, 7.0931344, 50.7253218 ], "geometry": { "type": "LineString", "coordinates": [ [ 7.0928044, 50.7251207 ], [ 7.0928476, 50.7251563 ], [ 7.0930076, 50.7252867 ], [ 7.0930281, 50.7252782 ], [ 7.0930534, 50.7252757 ], [ 7.093073, 50.7252788 ], [ 7.0930931, 50.725289 ], [ 7.0931344, 50.7253218 ] ] } },
{ "type": "Feature", "id": "map — lines_50172003", "properties": { "barrier": "fence", "highway": null, "man_made": null, "name": null, "osm_id": "50172003", "other_tags": null, "source_layer": "map — lines", "aerialway": null, "waterway": null, "z_order": 0 }, "bbox": [ 7.0935167, 50.7256343, 7.0937725, 50.725902 ], "geometry": { "type": "LineString", "coordinates": [ [ 7.0935167, 50.7256343 ], [ 7.093559, 50.7256692 ], [ 7.0935646, 50.7256737 ], [ 7.093573, 50.7256841 ], [ 7.0935754, 50.725694 ], [ 7.0935741, 50.7257051 ], [ 7.093567, 50.725713 ], [ 7.0935439, 50.7257241 ], [ 7.093694, 50.7258409 ], [ 7.093709, 50.7258526 ], [ 7.093723, 50.7258635 ], [ 7.0937725, 50.725902 ] ] } },
{ "type": "Feature", "id": "map — lines_50175250", "properties": { "barrier": null, "highway": "service", "man_made": null, "name": null, "osm_id": "50175250", "other_tags": "\"surface\"=>\"fine_gravel\",\"width\"=>\"2.5\"", "source_layer": "map — lines", "aerialway": null, "waterway": null, "z_order": 0 }, "bbox": [ 7.0910838, 50.7243522, 7.0917371, 50.7248147 ], "geometry": { "type": "LineString", "coordinates": [ [ 7.0917371, 50.7243522 ], [ 7.0917341, 50.7243735 ], [ 7.0917265, 50.7243904 ], [ 7.0917023, 50.7244105 ], [ 7.0916264, 50.7244519 ], [ 7.0914402, 50.7245474 ], [ 7.0912588, 50.724644 ], [ 7.0912462, 50.724651 ], [ 7.0911974, 50.7246841 ], [ 7.0911507, 50.7247233 ], [ 7.0911031, 50.7247737 ], [ 7.0910838, 50.7248147 ] ] } },
{ "type": "Feature", "id": "map — lines_53785576", "properties": { "barrier": null, "highway": "footway", "man_made": null, "name": null, "osm_id": "53785576", "other_tags": "\"access\"=>\"permissive\",\"lit\"=>\"yes\",\"smoothness\"=>\"intermediate\",\"surface\"=>\"gravel\",\"width\"=>\"2.5\"", "source_layer": "map — lines", "aerialway": null, "waterway": null, "z_order": 0 }, "bbox": [ 7.0927834, 50.7251563, 7.0928476, 50.7251949 ], "geometry": { "type": "LineString", "coordinates": [ [ 7.0928476, 50.7251563 ], [ 7.0927834, 50.7251949 ] ] } },
{ "type": "Feature", "id": "map — lines_123661465", "properties": { "barrier": null, "highway": "footway", "man_made": null, "name": null, "osm_id": "123661465", "other_tags": "\"access\"=>\"permissive\",\"covered\"=>\"yes\",\"surface\"=>\"sett\"", "source_layer": "map — lines", "aerialway": null, "waterway": null, "z_order": 0 }, "bbox": [ 7.0922658, 50.7251955, 7.0924201, 50.7253173 ], "geometry": { "type": "LineString", "coordinates": [ [ 7.0924201, 50.7253173 ], [ 7.0922658, 50.7251955 ] ] } },
{ "type": "Feature", "id": "map — lines_142945658", "properties": { "barrier": null, "highway": "footway", "man_made": null, "name": "Ferdinand-Weg", "osm_id": "142945658", "other_tags": "\"lit\"=>\"no\",\"surface\"=>\"fine_gravel\"", "source_layer": "map — lines", "aerialway": null, "waterway": null, "z_order": 0 }, "bbox": [ 7.0911064, 50.7248881, 7.0912222, 50.7249798 ], "geometry": { "type": "LineString", "coordinates": [ [ 7.0911064, 50.7248881 ], [ 7.0912222, 50.7249798 ] ] } },
{ "type": "Feature", "id": "map — lines_142945659", "properties": { "barrier": null, "highway": "footway", "man_made": null, "name": "Ferdinand-Weg", "osm_id": "142945659", "other_tags": "\"access\"=>\"permissive\",\"bicycle\"=>\"no\",\"surface\"=>\"sett\",\"width\"=>\"3.5\"", "source_layer": "map — lines", "aerialway": null, "waterway": null, "z_order": 0 }, "bbox": [ 7.0909085, 50.7249277, 7.0910236, 50.7249928 ], "geometry": { "type": "LineString", "coordinates": [ [ 7.0910236, 50.7249277 ], [ 7.0909085, 50.7249928 ] ] } },
{ "type": "Feature", "id": "map — lines_142945660", "properties": { "barrier": null, "highway": "footway", "man_made": null, "name": "Ferdinand-Weg", "osm_id": "142945660", "other_tags": "\"smoothness\"=>\"intermediate\",\"surface\"=>\"gravel\",\"width\"=>\"2.5\"", "source_layer": "map — lines", "aerialway": null, "waterway": null, "z_order": 0 }, "bbox": [ 7.0912222, 50.7249798, 7.0919401, 50.7255646 ], "geometry": { "type": "LineString", "coordinates": [ [ 7.0919401, 50.7255646 ], [ 7.0912878, 50.7250375 ], [ 7.0912588, 50.725012 ], [ 7.0912222, 50.7249798 ] ] } },
{ "type": "Feature", "id": "map — lines_142945662", "properties": { "barrier": null, "highway": "service", "man_made": null, "name": "Ferdinand-Weg", "osm_id": "142945662", "other_tags": "\"oneway\"=>\"no\",\"surface\"=>\"paving_stones\",\"width\"=>\"2.5\"", "source_layer": "map — lines", "aerialway": null, "waterway": null, "z_order": 0 }, "bbox": [ 7.0903164, 50.7242084, 7.0910838, 50.7248147 ], "geometry": { "type": "LineString", "coordinates": [ [ 7.0903164, 50.7242084 ], [ 7.09036, 50.7242409 ], [ 7.0905322, 50.7243792 ], [ 7.0907162, 50.724527 ], [ 7.0908679, 50.7246457 ], [ 7.0910838, 50.7248147 ] ] } },
{ "type": "Feature", "id": "map — lines_142945666", "properties": { "barrier": null, "highway": "footway", "man_made": null, "name": "Hanstein-Weg", "osm_id": "142945666", "other_tags": "\"lit\"=>\"no\",\"surface\"=>\"fine_gravel\",\"width\"=>\"2.5\"", "source_layer": "map — lines", "aerialway": null, "waterway": null, "z_order": 0 }, "bbox": [ 7.0923383, 50.7239873, 7.0935238, 50.7245624 ], "geometry": { "type": "LineString", "coordinates": [ [ 7.0935238, 50.7239873 ], [ 7.0934339, 50.724 ], [ 7.0933714, 50.724024 ], [ 7.0933157, 50.7240527 ], [ 7.0928621, 50.7242819 ], [ 7.0925948, 50.7244251 ], [ 7.0925895, 50.7244279 ], [ 7.0923383, 50.7245624 ] ] } },
{ "type": "Feature", "id": "map — lines_142945672", "properties": { "barrier": null, "highway": "footway", "man_made": null, "name": "Lenné-Weg", "osm_id": "142945672", "other_tags": "\"lit\"=>\"no\",\"surface\"=>\"fine_gravel\",\"width\"=>\"2.5\"", "source_layer": "map — lines", "aerialway": null, "waterway": null, "z_order": 0 }, "bbox": [ 7.0921304, 50.7245142, 7.0932113, 50.7251832 ], "geometry": { "type": "LineString", "coordinates": [ [ 7.0921304, 50.7245142 ], [ 7.0921843, 50.7245286 ], [ 7.0922768, 50.7245507 ], [ 7.0923383, 50.7245624 ], [ 7.092549, 50.7247303 ], [ 7.092646, 50.7248033 ], [ 7.0927541, 50.7248955 ], [ 7.0929419, 50.725037 ], [ 7.0930183, 50.725095 ], [ 7.0930674, 50.7251319 ], [ 7.0931324, 50.7251634 ], [ 7.0932113, 50.7251832 ] ] } },
{ "type": "Feature", "id": "map — lines_142945678", "properties": { "barrier": null, "highway": "footway", "man_made": null, "name": "Nees-Weg", "osm_id": "142945678", "other_tags": "\"lit\"=>\"no\",\"surface\"=>\"fine_gravel\",\"width\"=>\"2.5\"", "source_layer": "map — lines", "aerialway": null, "waterway": null, "z_order": 0 }, "bbox": [ 7.0925794, 50.7245714, 7.0930825, 50.7248391 ], "geometry": { "type": "LineString", "coordinates": [ [ 7.0930825, 50.7245714 ], [ 7.092646, 50.7248033 ], [ 7.0925794, 50.7248391 ] ] } },
{ "type": "Feature", "id": "map — lines_142945679", "properties": { "barrier": null, "highway": "footway", "man_made": null, "name": "Nees-Weg", "osm_id": "142945679", "other_tags": "\"lit\"=>\"no\",\"surface\"=>\"fine_gravel\",\"width\"=>\"2.5\"", "source_layer": "map — lines", "aerialway": null, "waterway": null, "z_order": 0 }, "bbox": [ 7.093264, 50.7241782, 7.0938425, 50.7244789 ], "geometry": { "type": "LineString", "coordinates": [ [ 7.0938425, 50.7241782 ], [ 7.0936242, 50.7242932 ], [ 7.093264, 50.7244789 ] ] } },
{ "type": "Feature", "id": "map — lines_142945689", "properties": { "barrier": null, "highway": "footway", "man_made": null, "name": "Regel-Weg", "osm_id": "142945689", "other_tags": "\"lit\"=>\"no\",\"surface\"=>\"fine_gravel\",\"width\"=>\"2.5\"", "source_layer": "map — lines", "aerialway": null, "waterway": null, "z_order": 0 }, "bbox": [ 7.0933157, 50.7240527, 7.0938312, 50.7244565 ], "geometry": { "type": "LineString", "coordinates": [ [ 7.0933157, 50.7240527 ], [ 7.0936242, 50.7242932 ], [ 7.0938312, 50.7244565 ] ] } },
{ "type": "Feature", "id": "map — lines_142945692", "properties": { "barrier": null, "highway": "footway", "man_made": null, "name": "Schimper-Weg", "osm_id": "142945692", "other_tags": "\"lit\"=>\"no\",\"surface\"=>\"fine_gravel\",\"width\"=>\"2.5\"", "source_layer": "map — lines", "aerialway": null, "waterway": null, "z_order": 0 }, "bbox": [ 7.0929419, 50.7245849, 7.093826, 50.725037 ], "geometry": { "type": "LineString", "coordinates": [ [ 7.0929419, 50.725037 ], [ 7.0934764, 50.7247642 ], [ 7.093826, 50.7245849 ] ] } },
{ "type": "Feature", "id": "map — lines_142945705", "properties": { "barrier": null, "highway": "footway", "man_made": null, "name": "Sinning-Weg", "osm_id": "142945705", "other_tags": "\"lit\"=>\"no\",\"smoothness\"=>\"intermediate\",\"surface\"=>\"fine_gravel\",\"width\"=>\"2.5\"", "source_layer": "map — lines", "aerialway": null, "waterway": null, "z_order": 0 }, "bbox": [ 7.0930946, 50.7235523, 7.0938443, 50.7241328 ], "geometry": { "type": "LineString", "coordinates": [ [ 7.0930946, 50.7235523 ], [ 7.0932131, 50.723646 ], [ 7.0933156, 50.7237508 ], [ 7.0933897, 50.7238317 ], [ 7.0935238, 50.7239873 ], [ 7.093593, 50.7239896 ], [ 7.0936621, 50.7240007 ], [ 7.0937071, 50.72401 ], [ 7.0937424, 50.7240193 ], [ 7.09376, 50.7240309 ], [ 7.0937725, 50.7240472 ], [ 7.0938301, 50.7241169 ], [ 7.0938443, 50.7241328 ] ] } },
{ "type": "Feature", "id": "map — lines_142945709", "properties": { "barrier": null, "highway": "footway", "man_made": null, "name": "Strasburger-Weg", "osm_id": "142945709", "other_tags": "\"lit\"=>\"no\",\"surface\"=>\"fine_gravel\",\"width\"=>\"2.5\"", "source_layer": "map — lines", "aerialway": null, "waterway": null, "z_order": 0 }, "bbox": [ 7.0924769, 50.7239798, 7.0931004, 50.7244673 ], "geometry": { "type": "LineString", "coordinates": [ [ 7.0924769, 50.7239798 ], [ 7.0928621, 50.7242819 ], [ 7.0931004, 50.7244673 ] ] } },
{ "type": "Feature", "id": "map — lines_142945710", "properties": { "barrier": null, "highway": "footway", "man_made": null, "name": "Strasburger-Weg", "osm_id": "142945710", "other_tags": "\"lit\"=>\"no\",\"surface\"=>\"fine_gravel\",\"width\"=>\"2.5\"", "source_layer": "map — lines", "aerialway": null, "waterway": null, "z_order": 0 }, "bbox": [ 7.0932466, 50.7245812, 7.0937648, 50.7249941 ], "geometry": { "type": "LineString", "coordinates": [ [ 7.0937648, 50.7249941 ], [ 7.0934764, 50.7247642 ], [ 7.0932466, 50.7245812 ] ] } },
{ "type": "Feature", "id": "map — lines_142945713", "properties": { "barrier": null, "highway": "footway", "man_made": null, "name": null, "osm_id": "142945713", "other_tags": "\"lit\"=>\"no\",\"surface\"=>\"fine_gravel\",\"width\"=>\"2.5\"", "source_layer": "map — lines", "aerialway": null, "waterway": null, "z_order": 0 }, "bbox": [ 7.0930566, 50.7244515, 7.0932882, 50.7245982 ], "geometry": { "type": "LineString", "coordinates": [ [ 7.0931826, 50.7245982 ], [ 7.093219, 50.7245924 ], [ 7.0932466, 50.7245812 ], [ 7.0932734, 50.7245616 ], [ 7.0932864, 50.7245401 ], [ 7.0932882, 50.7245171 ], [ 7.0932787, 50.7244948 ], [ 7.093264, 50.7244789 ], [ 7.0932318, 50.7244616 ], [ 7.0931994, 50.7244534 ], [ 7.0931647, 50.7244515 ], [ 7.0931307, 50.7244563 ], [ 7.0931004, 50.7244673 ], [ 7.0930757, 50.7244844 ], [ 7.0930605, 50.7245055 ], [ 7.0930566, 50.7245286 ], [ 7.0930642, 50.7245513 ], [ 7.0930825, 50.7245714 ], [ 7.0931106, 50.7245871 ], [ 7.0931452, 50.7245964 ], [ 7.0931826, 50.7245982 ] ] } },
{ "type": "Feature", "id": "map — lines_142945719", "properties": { "barrier": null, "highway": "steps", "man_made": null, "name": null, "osm_id": "142945719", "other_tags": "\"access\"=>\"permissive\",\"handrail\"=>\"yes\",\"incline\"=>\"up\",\"ramp\"=>\"no\",\"step_count\"=>\"2\",\"surface\"=>\"paving_stones\",\"tactile_paving\"=>\"no\"", "source_layer": "map — lines", "aerialway": null, "waterway": null, "z_order": 0 }, "bbox": [ 7.092514, 50.7248391, 7.0925794, 50.7248742 ], "geometry": { "type": "LineString", "coordinates": [ [ 7.092514, 50.7248742 ], [ 7.0925794, 50.7248391 ] ] } },
{ "type": "Feature", "id": "map — lines_142945721", "properties": { "barrier": null, "highway": "footway", "man_made": null, "name": null, "osm_id": "142945721", "other_tags": "\"lit\"=>\"no\",\"surface\"=>\"paving_stones\",\"width\"=>\"2.5\"", "source_layer": "map — lines", "aerialway": null, "waterway": null, "z_order": 0 }, "bbox": [ 7.0916088, 50.7246794, 7.0916372, 50.7247026 ], "geometry": { "type": "LineString", "coordinates": [ [ 7.0916372, 50.7247026 ], [ 7.0916088, 50.7246794 ] ] } },
{ "type": "Feature", "id": "map — lines_142945725", "properties": { "barrier": null, "highway": "footway", "man_made": null, "name": null, "osm_id": "142945725", "other_tags": "\"lit\"=>\"no\",\"smoothness\"=>\"intermediate\",\"surface\"=>\"fine_gravel\",\"width\"=>\"2.5\"", "source_layer": "map — lines", "aerialway": null, "waterway": null, "z_order": 0 }, "bbox": [ 7.0913904, 50.7245053, 7.0914659, 50.7245684 ], "geometry": { "type": "LineString", "coordinates": [ [ 7.0914659, 50.7245684 ], [ 7.0914402, 50.7245474 ], [ 7.0913904, 50.7245053 ] ] } },
{ "type": "Feature", "id": "map — lines_142945726", "properties": { "barrier": null, "highway": "footway", "man_made": null, "name": null, "osm_id": "142945726", "other_tags": "\"lit\"=>\"no\",\"surface\"=>\"fine_gravel\",\"width\"=>\"2.5\"", "source_layer": "map — lines", "aerialway": null, "waterway": null, "z_order": 0 }, "bbox": [ 7.0916264, 50.7244519, 7.0918293, 50.7246115 ], "geometry": { "type": "LineString", "coordinates": [ [ 7.0918293, 50.7246115 ], [ 7.091752, 50.7245532 ], [ 7.0916264, 50.7244519 ] ] } },
{ "type": "Feature", "id": "map — lines_142945732", "properties": { "barrier": null, "highway": "footway", "man_made": null, "name": null, "osm_id": "142945732", "other_tags": "\"access\"=>\"permissive\",\"lit\"=>\"no\",\"surface\"=>\"fine_gravel\",\"width\"=>\"2.5\"", "source_layer": "map — lines", "aerialway": null, "waterway": null, "z_order": 0 }, "bbox": [ 7.0912588, 50.724644, 7.0914585, 50.7248068 ], "geometry": { "type": "LineString", "coordinates": [ [ 7.0914585, 50.7248068 ], [ 7.0913765, 50.7247426 ], [ 7.0912588, 50.724644 ] ] } },
{ "type": "Feature", "id": "map — lines_142945734", "properties": { "barrier": null, "highway": "footway", "man_made": null, "name": null, "osm_id": "142945734", "other_tags": "\"access\"=>\"permissive\",\"lit\"=>\"no\",\"smoothness\"=>\"intermediate\",\"surface\"=>\"compacted\",\"width\"=>\"2.5\"", "source_layer": "map — lines", "aerialway": null, "waterway": null, "z_order": 0 }, "bbox": [ 7.0917407, 50.724477, 7.0918932, 50.7245588 ], "geometry": { "type": "LineString", "coordinates": [ [ 7.0917407, 50.7245588 ], [ 7.091752, 50.7245532 ], [ 7.0918932, 50.724477 ] ] } },
{ "type": "Feature", "id": "map — lines_142945735", "properties": { "barrier": null, "highway": "footway", "man_made": null, "name": null, "osm_id": "142945735", "other_tags": "\"lit\"=>\"no\",\"surface\"=>\"fine_gravel\",\"width\"=>\"2.5\"", "source_layer": "map — lines", "aerialway": null, "waterway": null, "z_order": 0 }, "bbox": [ 7.0911064, 50.7247426, 7.0913765, 50.7248881 ], "geometry": { "type": "LineString", "coordinates": [ [ 7.0911064, 50.7248881 ], [ 7.09118, 50.7248431 ], [ 7.0913765, 50.7247426 ] ] } },
{ "type": "Feature", "id": "map — lines_142945738", "properties": { "barrier": null, "highway": "footway", "man_made": null, "name": null, "osm_id": "142945738", "other_tags": "\"lit\"=>\"no\",\"smoothness\"=>\"intermediate\",\"surface\"=>\"fine_gravel\",\"width\"=>\"2.5\"", "source_layer": "map — lines", "aerialway": null, "waterway": null, "z_order": 0 }, "bbox": [ 7.0917371, 50.7242936, 7.0921304, 50.7245372 ], "geometry": { "type": "LineString", "coordinates": [ [ 7.0917371, 50.7243522 ], [ 7.0918665, 50.7242936 ], [ 7.0919788, 50.7243895 ], [ 7.0921304, 50.7245142 ], [ 7.0920714, 50.7245372 ] ] } },
{ "type": "Feature", "id": "map — lines_142945741", "properties": { "barrier": null, "highway": "footway", "man_made": null, "name": null, "osm_id": "142945741", "other_tags": "\"lit\"=>\"no\",\"sloped_curb\"=>\"0.06\",\"smoothness\"=>\"good\",\"surface\"=>\"paving_stones\",\"width\"=>\"2.0\"", "source_layer": "map — lines", "aerialway": null, "waterway": null, "z_order": 0 }, "bbox": [ 7.0913707, 50.7245268, 7.0917324, 50.7247448 ], "geometry": { "type": "LineString", "coordinates": [ [ 7.0916088, 50.7246794 ], [ 7.0917324, 50.7246132 ], [ 7.0916956, 50.724581 ], [ 7.0916252, 50.7245268 ], [ 7.0914986, 50.7245951 ], [ 7.0913707, 50.7246611 ], [ 7.091437, 50.7247114 ], [ 7.091482, 50.7247448 ], [ 7.0916088, 50.7246794 ] ] } },
{ "type": "Feature", "id": "map — lines_142945742", "properties": { "barrier": null, "highway": "footway", "man_made": null, "name": null, "osm_id": "142945742", "other_tags": "\"lit\"=>\"no\",\"surface\"=>\"fine_gravel\",\"width\"=>\"2.5\"", "source_layer": "map — lines", "aerialway": null, "waterway": null, "z_order": 0 }, "bbox": [ 7.0912222, 50.7243522, 7.0920084, 50.7249798 ], "geometry": { "type": "LineString", "coordinates": [ [ 7.0912222, 50.7249798 ], [ 7.0914357, 50.7248687 ], [ 7.0914953, 50.7248377 ], [ 7.0914585, 50.7248068 ], [ 7.0916463, 50.7247102 ], [ 7.0918293, 50.7246115 ], [ 7.0918648, 50.7246372 ], [ 7.0920084, 50.7245673 ], [ 7.0918932, 50.724477 ], [ 7.0917371, 50.7243522 ] ] } },
{ "type": "Feature", "id": "map — lines_142945745", "properties": { "barrier": null, "highway": "steps", "man_made": null, "name": null, "osm_id": "142945745", "other_tags": "\"access\"=>\"permissive\",\"handrail\"=>\"yes\",\"incline\"=>\"up\",\"ramp\"=>\"no\",\"step_count\"=>\"15\",\"surface\"=>\"paving_stones\",\"tactile_paving\"=>\"no\"", "source_layer": "map — lines", "aerialway": null, "waterway": null, "z_order": 0 }, "bbox": [ 7.0924767, 50.7247303, 7.0927541, 50.7249174 ], "geometry": { "type": "LineString", "coordinates": [ [ 7.0927541, 50.7248955 ], [ 7.0926965, 50.7249172 ], [ 7.0926233, 50.7249174 ], [ 7.0925651, 50.7249034 ], [ 7.092514, 50.7248742 ], [ 7.0924805, 50.7248363 ], [ 7.0924767, 50.7247927 ], [ 7.0924976, 50.7247626 ], [ 7.092549, 50.7247303 ] ] } },
{ "type": "Feature", "id": "map — lines_142947370", "properties": { "barrier": null, "highway": "service", "man_made": null, "name": "Clemens-August-Weg", "osm_id": "142947370", "other_tags": "\"bicycle\"=>\"yes\",\"foot\"=>\"yes\",\"smoothness\"=>\"excellent\",\"surface\"=>\"asphalt\"", "source_layer": "map — lines", "aerialway": null, "waterway": null, "z_order": 0 }, "bbox": [ 7.0924201, 50.7253173, 7.0932522, 50.7259745 ], "geometry": { "type": "LineString", "coordinates": [ [ 7.0932522, 50.7259745 ], [ 7.0929037, 50.7256914 ], [ 7.0925769, 50.7254412 ], [ 7.0924679, 50.7253565 ], [ 7.0924201, 50.7253173 ] ] } },
{ "type": "Feature", "id": "map — lines_142947371", "properties": { "barrier": null, "highway": "path", "man_made": null, "name": "Ferdinand-Weg", "osm_id": "142947371", "other_tags": "\"check_date:surface\"=>\"2026-06-28\",\"foot\"=>\"yes\",\"surface\"=>\"compacted\"", "source_layer": "map — lines", "aerialway": null, "waterway": null, "z_order": 0 }, "bbox": [ 7.0919401, 50.7255646, 7.0924606, 50.7259615 ], "geometry": { "type": "LineString", "coordinates": [ [ 7.0919401, 50.7255646 ], [ 7.0919966, 50.7256017 ], [ 7.0920295, 50.725624 ], [ 7.0924606, 50.7259615 ] ] } },
{ "type": "Feature", "id": "map — lines_142947372", "properties": { "barrier": null, "highway": "service", "man_made": null, "name": "Joseph-Clemens-Ufer", "osm_id": "142947372", "other_tags": "\"surface\"=>\"compacted\"", "source_layer": "map — lines", "aerialway": null, "waterway": null, "z_order": 0 }, "bbox": [ 7.0934373, 50.725885, 7.0936349, 50.7259775 ], "geometry": { "type": "LineString", "coordinates": [ [ 7.0936349, 50.725885 ], [ 7.0934373, 50.7259775 ] ] } },
{ "type": "Feature", "id": "map — lines_142947375", "properties": { "barrier": null, "highway": "footway", "man_made": null, "name": "Joseph-Clemens-Ufer", "osm_id": "142947375", "other_tags": "\"lit\"=>\"no\",\"surface\"=>\"fine_gravel\",\"width\"=>\"2.5\"", "source_layer": "map — lines", "aerialway": null, "waterway": null, "z_order": 0 }, "bbox": [ 7.0936349, 50.7258212, 7.0937758, 50.725885 ], "geometry": { "type": "LineString", "coordinates": [ [ 7.0936349, 50.725885 ], [ 7.093709, 50.7258526 ], [ 7.0937758, 50.7258212 ] ] } },
{ "type": "Feature", "id": "map — lines_142947377", "properties": { "barrier": null, "highway": "path", "man_made": null, "name": "Maximilian-Heinrich-Weg", "osm_id": "142947377", "other_tags": "\"foot\"=>\"yes\",\"surface\"=>\"compacted\"", "source_layer": "map — lines", "aerialway": null, "waterway": null, "z_order": 0 }, "bbox": [ 7.0927834, 50.7251949, 7.0932601, 50.7255847 ], "geometry": { "type": "LineString", "coordinates": [ [ 7.0927834, 50.7251949 ], [ 7.0930103, 50.7253815 ], [ 7.0932047, 50.7255401 ], [ 7.0932601, 50.7255847 ] ] } },
{ "type": "Feature", "id": "map — lines_142947380", "properties": { "barrier": null, "highway": "footway", "man_made": null, "name": "Regel-Weg", "osm_id": "142947380", "other_tags": "\"lit\"=>\"no\",\"surface\"=>\"fine_gravel\",\"width\"=>\"2.5\"", "source_layer": "map — lines", "aerialway": null, "waterway": null, "z_order": 0 }, "bbox": [ 7.0937075, 50.7247137, 7.0938207, 50.7248477 ], "geometry": { "type": "LineString", "coordinates": [ [ 7.0938207, 50.7247137 ], [ 7.0937733, 50.724727 ], [ 7.0937414, 50.7247418 ], [ 7.093722, 50.7247574 ], [ 7.0937092, 50.7247733 ], [ 7.0937075, 50.7247868 ], [ 7.0937137, 50.7248017 ], [ 7.0937288, 50.7248145 ], [ 7.0937519, 50.724826 ], [ 7.0938059, 50.7248444 ], [ 7.0938153, 50.7248477 ] ] } },
{ "type": "Feature", "id": "map — lines_142947381", "properties": { "barrier": null, "highway": "footway", "man_made": null, "name": "Sachs-Ring", "osm_id": "142947381", "other_tags": "\"lit\"=>\"no\",\"surface\"=>\"fine_gravel\",\"width\"=>\"2.5\"", "source_layer": "map — lines", "aerialway": null, "waterway": null, "z_order": 0 }, "bbox": [ 7.0932113, 50.7251232, 7.0938039, 50.7255241 ], "geometry": { "type": "MultiLineString", "coordinates": [ [ [ 7.0932113, 50.7251832 ], [ 7.0933106, 50.7251865 ], [ 7.0933956, 50.7251808 ], [ 7.0935061, 50.7251607 ], [ 7.0937055, 50.7251243 ], [ 7.0937571, 50.7251232 ], [ 7.0938039, 50.7251285 ] ], [ [ 7.0937878, 50.7255241 ], [ 7.0937492, 50.7255211 ], [ 7.0937022, 50.7255102 ], [ 7.0936515, 50.7254905 ], [ 7.0936224, 50.725472 ], [ 7.0936021, 50.7254531 ], [ 7.0935846, 50.7254294 ], [ 7.0935719, 50.7254066 ], [ 7.0935577, 50.7253675 ], [ 7.0935132, 50.7253332 ], [ 7.0934885, 50.725315 ], [ 7.0934539, 50.7253012 ], [ 7.0933968, 50.7252845 ], [ 7.0933398, 50.7252628 ], [ 7.0932921, 50.7252382 ], [ 7.0932482, 50.7252118 ], [ 7.0932113, 50.7251832 ] ] ] } },
{ "type": "Feature", "id": "map — lines_142947386", "properties": { "barrier": null, "highway": "footway", "man_made": null, "name": "Barthlott-Weg", "osm_id": "142947386", "other_tags": "\"lit\"=>\"no\",\"surface\"=>\"fine_gravel\",\"width\"=>\"2\"", "source_layer": "map — lines", "aerialway": null, "waterway": null, "z_order": 0 }, "bbox": [ 7.0935577, 50.7249941, 7.0937648, 50.7253675 ], "geometry": { "type": "LineString", "coordinates": [ [ 7.0937648, 50.7249941 ], [ 7.0937508, 50.7250082 ], [ 7.0937417, 50.7250276 ], [ 7.0937242, 50.7250588 ], [ 7.0937092, 50.7251017 ], [ 7.0937055, 50.7251243 ], [ 7.0936962, 50.7251811 ], [ 7.0936858, 50.7252234 ], [ 7.0936733, 50.7252521 ], [ 7.0936465, 50.7253057 ], [ 7.0936073, 50.7253416 ], [ 7.0935577, 50.7253675 ] ] } },
{ "type": "Feature", "id": "map — lines_142947392", "properties": { "barrier": null, "highway": "steps", "man_made": null, "name": null, "osm_id": "142947392", "other_tags": "\"access\"=>\"permissive\",\"check_date:handrail\"=>\"2026-05-14\",\"handrail\"=>\"no\",\"incline\"=>\"up\",\"lit\"=>\"no\",\"ramp\"=>\"no\",\"step_count\"=>\"10\",\"surface\"=>\"paving_stones\",\"tactile_paving\"=>\"no\",\"wheelchair\"=>\"no\",\"width\"=>\"2\"", "source_layer": "map — lines", "aerialway": null, "waterway": null, "z_order": 0 }, "bbox": [ 7.0928476, 50.725095, 7.0930183, 50.7251563 ], "geometry": { "type": "LineString", "coordinates": [ [ 7.0930183, 50.725095 ], [ 7.0929466, 50.7251231 ], [ 7.0928988, 50.7251323 ], [ 7.0928476, 50.7251563 ] ] } },
{ "type": "Feature", "id": "map — lines_142947393", "properties": { "barrier": null, "highway": "path", "man_made": null, "name": null, "osm_id": "142947393", "other_tags": "\"foot\"=>\"yes\",\"smoothness\"=>\"intermediate\",\"surface\"=>\"compacted\"", "source_layer": "map — lines", "aerialway": null, "waterway": null, "z_order": 0 }, "bbox": [ 7.0921543, 50.7255192, 7.092721, 50.7259658 ], "geometry": { "type": "LineString", "coordinates": [ [ 7.0921543, 50.7255192 ], [ 7.0921892, 50.7255448 ], [ 7.0925857, 50.7258587 ], [ 7.092721, 50.7259658 ] ] } },
{ "type": "Feature", "id": "map — lines_142947394", "properties": { "barrier": null, "highway": "service", "man_made": null, "name": null, "osm_id": "142947394", "other_tags": "\"bicycle\"=>\"yes\",\"foot\"=>\"yes\",\"oneway\"=>\"no\",\"smoothness\"=>\"intermediate\",\"surface\"=>\"asphalt\"", "source_layer": "map — lines", "aerialway": null, "waterway": null, "z_order": 0 }, "bbox": [ 7.091711, 50.7251949, 7.0927834, 50.725741 ], "geometry": { "type": "LineString", "coordinates": [ [ 7.091711, 50.725741 ], [ 7.0917689, 50.7257114 ], [ 7.0917837, 50.7257038 ], [ 7.0919966, 50.7256017 ], [ 7.0921543, 50.7255192 ], [ 7.0924679, 50.7253565 ], [ 7.0927834, 50.7251949 ] ] } },
{ "type": "Feature", "id": "map — lines_238253257", "properties": { "barrier": null, "highway": null, "man_made": null, "name": null, "osm_id": "238253257", "other_tags": "\"boundary\"=>\"political\"", "source_layer": "map — lines", "aerialway": null, "waterway": null, "z_order": 0 }, "bbox": [ 7.090059, 50.7242113, 7.0912988, 50.7259275 ], "geometry": { "type": "LineString", "coordinates": [ [ 7.0903797, 50.7259275 ], [ 7.0912988, 50.7254504 ], [ 7.0903191, 50.7246562 ], [ 7.090059, 50.7242113 ] ] } },
{ "type": "Feature", "id": "map — lines_386690367", "properties": { "barrier": null, "highway": "residential", "man_made": null, "name": "Katzenburgweg", "osm_id": "386690367", "other_tags": "\"lit\"=>\"yes\",\"maxspeed\"=>\"30\",\"oneway\"=>\"yes\",\"oneway:bicycle\"=>\"no\",\"parking:left\"=>\"lane\",\"parking:left:orientation\"=>\"parallel\",\"parking:right\"=>\"no\",\"parking:right:restriction\"=>\"no_stopping\",\"sidewalk\"=>\"left\",\"source:maxspeed\"=>\"DE:zone30\",\"surface\"=>\"asphalt\",\"width\"=>\"7\"", "source_layer": "map — lines", "aerialway": null, "waterway": null, "z_order": 3 }, "bbox": [ 7.0895405, 50.7250027, 7.090366, 50.7254401 ], "geometry": { "type": "LineString", "coordinates": [ [ 7.090366, 50.7250027 ], [ 7.0901396, 50.7251198 ], [ 7.0899515, 50.7252173 ], [ 7.0897631, 50.7253193 ], [ 7.0897255, 50.7253397 ], [ 7.0895966, 50.7254095 ], [ 7.0895405, 50.7254401 ] ] } },
{ "type": "Feature", "id": "map — lines_455035821", "properties": { "barrier": null, "highway": "footway", "man_made": null, "name": null, "osm_id": "455035821", "other_tags": "\"lit\"=>\"no\",\"surface\"=>\"sett\"", "source_layer": "map — lines", "aerialway": null, "waterway": null, "z_order": 0 }, "bbox": [ 7.091716, 50.7258735, 7.0918675, 50.7259493 ], "geometry": { "type": "LineString", "coordinates": [ [ 7.091716, 50.7259493 ], [ 7.0918142, 50.7259002 ], [ 7.0918675, 50.7258735 ] ] } },
{ "type": "Feature", "id": "map — lines_455037708", "properties": { "barrier": null, "highway": "footway", "man_made": null, "name": null, "osm_id": "455037708", "other_tags": "\"lit\"=>\"yes\",\"surface\"=>\"paving_stones\"", "source_layer": "map — lines", "aerialway": null, "waterway": null, "z_order": 0 }, "bbox": [ 7.0901757, 50.7247349, 7.0901836, 50.7247389 ], "geometry": { "type": "LineString", "coordinates": [ [ 7.0901757, 50.7247389 ], [ 7.0901836, 50.7247349 ] ] } },
{ "type": "Feature", "id": "map — lines_455037709", "properties": { "barrier": null, "highway": "path", "man_made": null, "name": null, "osm_id": "455037709", "other_tags": "\"foot\"=>\"yes\",\"surface\"=>\"paving_stones\"", "source_layer": "map — lines", "aerialway": null, "waterway": null, "z_order": 0 }, "bbox": [ 7.0902115, 50.7246835, 7.0903893, 50.7247641 ], "geometry": { "type": "LineString", "coordinates": [ [ 7.0902115, 50.7247571 ], [ 7.0902205, 50.7247641 ], [ 7.0902984, 50.7247261 ], [ 7.0903132, 50.7247192 ], [ 7.0903893, 50.7246835 ] ] } },
{ "type": "Feature", "id": "map — lines_572451965", "properties": { "barrier": null, "highway": "steps", "man_made": null, "name": null, "osm_id": "572451965", "other_tags": "\"handrail\"=>\"no\",\"incline\"=>\"up\",\"lit\"=>\"yes\",\"ramp\"=>\"no\",\"step_count\"=>\"8\",\"surface\"=>\"paving_stones\",\"tactile_paving\"=>\"no\"", "source_layer": "map — lines", "aerialway": null, "waterway": null, "z_order": 0 }, "bbox": [ 7.0901923, 50.7247418, 7.0902115, 50.7247571 ], "geometry": { "type": "LineString", "coordinates": [ [ 7.0902115, 50.7247571 ], [ 7.0901923, 50.7247418 ] ] } },
{ "type": "Feature", "id": "map — lines_572451966", "properties": { "barrier": null, "highway": "steps", "man_made": null, "name": null, "osm_id": "572451966", "other_tags": "\"handrail\"=>\"no\",\"incline\"=>\"up\",\"lit\"=>\"yes\",\"ramp\"=>\"no\",\"step_count\"=>\"8\",\"surface\"=>\"paving_stones\",\"tactile_paving\"=>\"no\"", "source_layer": "map — lines", "aerialway": null, "waterway": null, "z_order": 0 }, "bbox": [ 7.090156, 50.7247131, 7.0901743, 50.7247276 ], "geometry": { "type": "LineString", "coordinates": [ [ 7.090156, 50.7247131 ], [ 7.0901743, 50.7247276 ] ] } },
{ "type": "Feature", "id": "map — lines_572451967", "properties": { "barrier": null, "highway": "path", "man_made": null, "name": null, "osm_id": "572451967", "other_tags": "\"foot\"=>\"yes\",\"surface\"=>\"paving_stones\"", "source_layer": "map — lines", "aerialway": null, "waterway": null, "z_order": 0 }, "bbox": [ 7.0901743, 50.7247276, 7.0901923, 50.7247418 ], "geometry": { "type": "LineString", "coordinates": [ [ 7.0901743, 50.7247276 ], [ 7.0901836, 50.7247349 ], [ 7.0901923, 50.7247418 ] ] } },
{ "type": "Feature", "id": "map — lines_572451968", "properties": { "barrier": null, "highway": "path", "man_made": null, "name": null, "osm_id": "572451968", "other_tags": "\"foot\"=>\"yes\",\"surface\"=>\"paving_stones\"", "source_layer": "map — lines", "aerialway": null, "waterway": null, "z_order": 0 }, "bbox": [ 7.0901472, 50.7246558, 7.0902385, 50.7247131 ], "geometry": { "type": "LineString", "coordinates": [ [ 7.090156, 50.7247131 ], [ 7.0901472, 50.7247061 ], [ 7.090221, 50.7246655 ], [ 7.0902385, 50.7246558 ] ] } },
{ "type": "Feature", "id": "map — lines_572741285", "properties": { "barrier": null, "highway": "path", "man_made": null, "name": null, "osm_id": "572741285", "other_tags": "\"access\"=>\"permissive\",\"bicycle\"=>\"no\",\"motor_vehicle\"=>\"no\",\"sac_scale\"=>\"strolling\",\"surface\"=>\"fine_gravel\"", "source_layer": "map — lines", "aerialway": null, "waterway": null, "z_order": 0 }, "bbox": [ 7.0934281, 50.7253675, 7.0935577, 50.7254303 ], "geometry": { "type": "LineString", "coordinates": [ [ 7.0935577, 50.7253675 ], [ 7.0934281, 50.7254303 ] ] } },
{ "type": "Feature", "id": "map — lines_572741286", "properties": { "barrier": null, "highway": "path", "man_made": null, "name": null, "osm_id": "572741286", "other_tags": "\"foot\"=>\"yes\",\"smoothness\"=>\"excellent\",\"surface\"=>\"asphalt\"", "source_layer": "map — lines", "aerialway": null, "waterway": null, "z_order": 0 }, "bbox": [ 7.0927907, 50.7255034, 7.0932778, 50.7257557 ], "geometry": { "type": "LineString", "coordinates": [ [ 7.0927907, 50.7257557 ], [ 7.0929037, 50.7256914 ], [ 7.0932047, 50.7255401 ], [ 7.0932778, 50.7255034 ] ] } },
{ "type": "Feature", "id": "map — lines_572741288", "properties": { "barrier": null, "highway": "path", "man_made": null, "name": "Maximilian-Heinrich-Weg", "osm_id": "572741288", "other_tags": "\"foot\"=>\"yes\",\"surface\"=>\"fine_gravel\"", "source_layer": "map — lines", "aerialway": null, "waterway": null, "z_order": 0 }, "bbox": [ 7.0932601, 50.7255847, 7.0936349, 50.725885 ], "geometry": { "type": "LineString", "coordinates": [ [ 7.0932601, 50.7255847 ], [ 7.0936349, 50.725885 ] ] } },
{ "type": "Feature", "id": "map — lines_572815491", "properties": { "barrier": null, "highway": "service", "man_made": null, "name": null, "osm_id": "572815491", "other_tags": "\"lit\"=>\"yes\",\"service\"=>\"driveway\",\"surface\"=>\"asphalt\"", "source_layer": "map — lines", "aerialway": null, "waterway": null, "z_order": 0 }, "bbox": [ 7.0897235, 50.7246289, 7.0901396, 50.7251198 ], "geometry": { "type": "LineString", "coordinates": [ [ 7.0901396, 50.7251198 ], [ 7.0899005, 50.7249351 ], [ 7.0898897, 50.7249231 ], [ 7.0898534, 50.7248826 ], [ 7.0897429, 50.7247593 ], [ 7.089759, 50.7247266 ], [ 7.0897235, 50.7246289 ] ] } },
{ "type": "Feature", "id": "map — lines_572815492", "properties": { "barrier": "hedge", "highway": null, "man_made": null, "name": null, "osm_id": "572815492", "other_tags": null, "source_layer": "map — lines", "aerialway": null, "waterway": null, "z_order": 0 }, "bbox": [ 7.0902445, 50.7247432, 7.0902894, 50.7247653 ], "geometry": { "type": "LineString", "coordinates": [ [ 7.0902445, 50.7247653 ], [ 7.0902894, 50.7247432 ] ] } },
{ "type": "Feature", "id": "map — lines_572815493", "properties": { "barrier": "hedge", "highway": null, "man_made": null, "name": null, "osm_id": "572815493", "other_tags": null, "source_layer": "map — lines", "aerialway": null, "waterway": null, "z_order": 0 }, "bbox": [ 7.0901547, 50.724666, 7.0901969, 50.7246881 ], "geometry": { "type": "LineString", "coordinates": [ [ 7.0901547, 50.7246881 ], [ 7.0901969, 50.724666 ] ] } },
{ "type": "Feature", "id": "map — lines_572815494", "properties": { "barrier": "hedge", "highway": null, "man_made": null, "name": null, "osm_id": "572815494", "other_tags": null, "source_layer": "map — lines", "aerialway": null, "waterway": null, "z_order": 0 }, "bbox": [ 7.0901764, 50.7246892, 7.0902579, 50.7247463 ], "geometry": { "type": "LineString", "coordinates": [ [ 7.0902002, 50.7246892 ], [ 7.0901764, 50.724702 ], [ 7.0902298, 50.7247463 ], [ 7.0902579, 50.7247335 ] ] } },
{ "type": "Feature", "id": "map — lines_574420468", "properties": { "barrier": null, "highway": "service", "man_made": null, "name": null, "osm_id": "574420468", "other_tags": "\"lit\"=>\"yes\",\"service\"=>\"driveway\",\"surface\"=>\"paving_stones\"", "source_layer": "map — lines", "aerialway": null, "waterway": null, "z_order": 0 }, "bbox": [ 7.0897631, 50.7253193, 7.089797, 50.7253463 ], "geometry": { "type": "LineString", "coordinates": [ [ 7.089797, 50.7253463 ], [ 7.0897631, 50.7253193 ] ] } },
{ "type": "Feature", "id": "map — lines_574420477", "properties": { "barrier": null, "highway": "path", "man_made": null, "name": null, "osm_id": "574420477", "other_tags": "\"access\"=>\"private\",\"surface\"=>\"paving_stones\"", "source_layer": "map — lines", "aerialway": null, "waterway": null, "z_order": 0 }, "bbox": [ 7.0895837, 50.7257461, 7.0897942, 50.7259179 ], "geometry": { "type": "LineString", "coordinates": [ [ 7.0895837, 50.7257461 ], [ 7.0897849, 50.7259104 ], [ 7.0897942, 50.7259179 ] ] } },
{ "type": "Feature", "id": "map — lines_574420485", "properties": { "barrier": null, "highway": "steps", "man_made": null, "name": null, "osm_id": "574420485", "other_tags": "\"access\"=>\"private\",\"handrail:left\"=>\"yes\",\"incline\"=>\"up\",\"ramp\"=>\"no\",\"step_count\"=>\"8\"", "source_layer": "map — lines", "aerialway": null, "waterway": null, "z_order": 0 }, "bbox": [ 7.08977, 50.7259104, 7.0897849, 50.7259175 ], "geometry": { "type": "LineString", "coordinates": [ [ 7.08977, 50.7259175 ], [ 7.0897849, 50.7259104 ] ] } },
{ "type": "Feature", "id": "map — lines_574420489", "properties": { "barrier": null, "highway": "service", "man_made": null, "name": null, "osm_id": "574420489", "other_tags": "\"service\"=>\"driveway\"", "source_layer": "map — lines", "aerialway": null, "waterway": null, "z_order": 0 }, "bbox": [ 7.0899163, 50.7251883, 7.0899515, 50.7252173 ], "geometry": { "type": "LineString", "coordinates": [ [ 7.0899515, 50.7252173 ], [ 7.0899163, 50.7251883 ] ] } },
{ "type": "Feature", "id": "map — lines_574420490", "properties": { "barrier": null, "highway": "service", "man_made": null, "name": null, "osm_id": "574420490", "other_tags": "\"access\"=>\"private\",\"lit\"=>\"yes\",\"service\"=>\"driveway\",\"surface\"=>\"paving_stones\"", "source_layer": "map — lines", "aerialway": null, "waterway": null, "z_order": 0 }, "bbox": [ 7.0895268, 50.7253463, 7.0900451, 50.7257762 ], "geometry": { "type": "LineString", "coordinates": [ [ 7.0895268, 50.7257762 ], [ 7.0895837, 50.7257461 ], [ 7.0900451, 50.725512 ], [ 7.0898808, 50.7253844 ], [ 7.089797, 50.7253463 ] ] } },
{ "type": "Feature", "id": "map — lines_574420497", "properties": { "barrier": null, "highway": "service", "man_made": null, "name": null, "osm_id": "574420497", "other_tags": "\"access\"=>\"private\",\"lit\"=>\"yes\",\"service\"=>\"driveway\",\"surface\"=>\"paving_stones\"", "source_layer": "map — lines", "aerialway": null, "waterway": null, "z_order": 0 }, "bbox": [ 7.0895268, 50.7257768, 7.0896229, 50.7259136 ], "geometry": { "type": "LineString", "coordinates": [ [ 7.0895268, 50.7257768 ], [ 7.0896229, 50.7258681 ], [ 7.089533, 50.7259136 ] ] } },
{ "type": "Feature", "id": "map — lines_574420504", "properties": { "barrier": "hedge", "highway": null, "man_made": null, "name": null, "osm_id": "574420504", "other_tags": null, "source_layer": "map — lines", "aerialway": null, "waterway": null, "z_order": 0 }, "bbox": [ 7.0895381, 50.7253612, 7.0897852, 50.7254973 ], "geometry": { "type": "LineString", "coordinates": [ [ 7.0897852, 50.7253612 ], [ 7.0895381, 50.7254973 ] ] } },
{ "type": "Feature", "id": "map — lines_574420505", "properties": { "barrier": "hedge", "highway": null, "man_made": null, "name": null, "osm_id": "574420505", "other_tags": null, "source_layer": "map — lines", "aerialway": null, "waterway": null, "z_order": 0 }, "bbox": [ 7.0898247, 50.7250532, 7.0903603, 50.7253397 ], "geometry": { "type": "LineString", "coordinates": [ [ 7.0903603, 50.7250532 ], [ 7.0899909, 50.7252499 ], [ 7.0898785, 50.7253096 ], [ 7.0898247, 50.7253397 ] ] } },
{ "type": "Feature", "id": "map — lines_574420506", "properties": { "barrier": null, "highway": "service", "man_made": null, "name": null, "osm_id": "574420506", "other_tags": "\"service\"=>\"driveway\",\"surface\"=>\"paving_stones\"", "source_layer": "map — lines", "aerialway": null, "waterway": null, "z_order": 0 }, "bbox": [ 7.0895621, 50.7249094, 7.0899163, 50.7251883 ], "geometry": { "type": "LineString", "coordinates": [ [ 7.0899163, 50.7251883 ], [ 7.08963, 50.7249656 ], [ 7.0895621, 50.7249094 ] ] } },
{ "type": "Feature", "id": "map — lines_574420510", "properties": { "barrier": null, "highway": null, "man_made": null, "name": null, "osm_id": "574420510", "other_tags": "\"covered\"=>\"yes\"", "source_layer": "map — lines", "aerialway": null, "waterway": null, "z_order": 0 }, "bbox": [ 7.0899059, 50.7247491, 7.0899193, 50.7247564 ], "geometry": { "type": "LineString", "coordinates": [ [ 7.0899193, 50.7247491 ], [ 7.0899059, 50.7247564 ] ] } },
{ "type": "Feature", "id": "map — lines_574420512", "properties": { "barrier": null, "highway": "steps", "man_made": null, "name": null, "osm_id": "574420512", "other_tags": "\"covered\"=>\"yes\",\"handrail\"=>\"no\",\"incline\"=>\"up\",\"lit\"=>\"yes\",\"ramp\"=>\"no\",\"step_count\"=>\"1\",\"surface\"=>\"concrete\",\"tactile_paving\"=>\"no\"", "source_layer": "map — lines", "aerialway": null, "waterway": null, "z_order": 0 }, "bbox": [ 7.0899128, 50.724744, 7.0899193, 50.7247491 ], "geometry": { "type": "LineString", "coordinates": [ [ 7.0899193, 50.7247491 ], [ 7.0899128, 50.724744 ] ] } },
{ "type": "Feature", "id": "map — lines_574420513", "properties": { "barrier": null, "highway": "steps", "man_made": null, "name": null, "osm_id": "574420513", "other_tags": "\"check_date:ramp\"=>\"2023-04-03\",\"covered\"=>\"yes\",\"handrail:left\"=>\"yes\",\"handrail:right\"=>\"yes\",\"incline\"=>\"up\",\"lit\"=>\"yes\",\"ramp\"=>\"no\",\"step_count\"=>\"15\",\"surface\"=>\"concrete\",\"tactile_paving\"=>\"no\"", "source_layer": "map — lines", "aerialway": null, "waterway": null, "z_order": 0 }, "bbox": [ 7.0898663, 50.7247564, 7.0899059, 50.7247912 ], "geometry": { "type": "LineString", "coordinates": [ [ 7.0898717, 50.7247912 ], [ 7.0898663, 50.7247861 ], [ 7.0898683, 50.724775 ], [ 7.0899059, 50.7247564 ] ] } },
{ "type": "Feature", "id": "map — lines_574420515", "properties": { "barrier": null, "highway": "service", "man_made": null, "name": null, "osm_id": "574420515", "other_tags": "\"lit\"=>\"yes\",\"service\"=>\"driveway\",\"surface\"=>\"asphalt\"", "source_layer": "map — lines", "aerialway": null, "waterway": null, "z_order": 0 }, "bbox": [ 7.0898534, 50.7248479, 7.0899246, 50.7248826 ], "geometry": { "type": "LineString", "coordinates": [ [ 7.0898534, 50.7248826 ], [ 7.0899028, 50.724857 ], [ 7.0899246, 50.7248479 ] ] } },
{ "type": "Feature", "id": "map — lines_574420516", "properties": { "barrier": null, "highway": "path", "man_made": null, "name": null, "osm_id": "574420516", "other_tags": "\"lit\"=>\"yes\",\"surface\"=>\"paving_stones\"", "source_layer": "map — lines", "aerialway": null, "waterway": null, "z_order": 0 }, "bbox": [ 7.0899246, 50.7248479, 7.0900232, 50.7248697 ], "geometry": { "type": "LineString", "coordinates": [ [ 7.0899246, 50.7248479 ], [ 7.089989, 50.7248697 ], [ 7.0900232, 50.7248531 ] ] } },
{ "type": "Feature", "id": "map — lines_574420517", "properties": { "barrier": null, "highway": "steps", "man_made": null, "name": null, "osm_id": "574420517", "other_tags": "\"check_date:ramp\"=>\"2023-04-03\",\"handrail:right\"=>\"yes\",\"incline\"=>\"up\",\"lit\"=>\"yes\",\"ramp\"=>\"no\",\"step_count\"=>\"6\",\"surface\"=>\"paving_stones\",\"tactile_paving\"=>\"no\"", "source_layer": "map — lines", "aerialway": null, "waterway": null, "z_order": 0 }, "bbox": [ 7.0900232, 50.7248384, 7.0900521, 50.7248531 ], "geometry": { "type": "LineString", "coordinates": [ [ 7.0900232, 50.7248531 ], [ 7.0900521, 50.7248384 ] ] } },
{ "type": "Feature", "id": "map — lines_574427397", "properties": { "barrier": null, "highway": "path", "man_made": null, "name": null, "osm_id": "574427397", "other_tags": "\"lit\"=>\"yes\",\"surface\"=>\"paving_stones\"", "source_layer": "map — lines", "aerialway": null, "waterway": null, "z_order": 0 }, "bbox": [ 7.0898717, 50.7247912, 7.0899246, 50.7248479 ], "geometry": { "type": "LineString", "coordinates": [ [ 7.0899246, 50.7248479 ], [ 7.0898717, 50.7247912 ] ] } },
{ "type": "Feature", "id": "map — lines_574826763", "properties": { "barrier": null, "highway": "path", "man_made": null, "name": null, "osm_id": "574826763", "other_tags": "\"surface\"=>\"paving_stones\"", "source_layer": "map — lines", "aerialway": null, "waterway": null, "z_order": 0 }, "bbox": [ 7.0897555, 50.7248826, 7.0898534, 50.724902 ], "geometry": { "type": "LineString", "coordinates": [ [ 7.0897555, 50.724902 ], [ 7.0898534, 50.7248826 ] ] } },
{ "type": "Feature", "id": "map — lines_574826765", "properties": { "barrier": "wall", "highway": null, "man_made": null, "name": null, "osm_id": "574826765", "other_tags": null, "source_layer": "map — lines", "aerialway": null, "waterway": null, "z_order": 0 }, "bbox": [ 7.089742, 50.7248915, 7.0898365, 50.7249679 ], "geometry": { "type": "LineString", "coordinates": [ [ 7.0898365, 50.7249679 ], [ 7.0897748, 50.7249176 ], [ 7.0897638, 50.7249089 ], [ 7.0897555, 50.724902 ], [ 7.089742, 50.7248915 ] ] } },
{ "type": "Feature", "id": "map — lines_574826767", "properties": { "barrier": null, "highway": "path", "man_made": null, "name": null, "osm_id": "574826767", "other_tags": "\"access\"=>\"yes\",\"foot\"=>\"designated\",\"surface\"=>\"paving_stones\"", "source_layer": "map — lines", "aerialway": null, "waterway": null, "z_order": 0 }, "bbox": [ 7.0895583, 50.724902, 7.0897555, 50.7250022 ], "geometry": { "type": "LineString", "coordinates": [ [ 7.0895583, 50.7250022 ], [ 7.08963, 50.7249656 ], [ 7.0897555, 50.724902 ] ] } },
{ "type": "Feature", "id": "map — lines_574826779", "properties": { "barrier": "wall", "highway": null, "man_made": null, "name": null, "osm_id": "574826779", "other_tags": null, "source_layer": "map — lines", "aerialway": null, "waterway": null, "z_order": 0 }, "bbox": [ 7.0895753, 50.7245445, 7.0896503, 50.724584 ], "geometry": { "type": "LineString", "coordinates": [ [ 7.0895753, 50.724584 ], [ 7.0896262, 50.7245574 ], [ 7.0896503, 50.7245445 ] ] } },
{ "type": "Feature", "id": "map — lines_574826783", "properties": { "barrier": "wall", "highway": null, "man_made": null, "name": null, "osm_id": "574826783", "other_tags": null, "source_layer": "map — lines", "aerialway": null, "waterway": null, "z_order": 0 }, "bbox": [ 7.0896561, 50.7246234, 7.0897341, 50.7246639 ], "geometry": { "type": "LineString", "coordinates": [ [ 7.0896561, 50.7246639 ], [ 7.0897003, 50.7246409 ], [ 7.0897235, 50.7246289 ], [ 7.0897341, 50.7246234 ] ] } },
{ "type": "Feature", "id": "map — lines_575032876", "properties": { "barrier": null, "highway": "service", "man_made": null, "name": null, "osm_id": "575032876", "other_tags": "\"access\"=>\"private\",\"service\"=>\"driveway\",\"surface\"=>\"paving_stones\"", "source_layer": "map — lines", "aerialway": null, "waterway": null, "z_order": 0 }, "bbox": [ 7.0895434, 50.7253687, 7.0895551, 50.7253784 ], "geometry": { "type": "LineString", "coordinates": [ [ 7.0895551, 50.7253784 ], [ 7.0895434, 50.7253687 ] ] } },
{ "type": "Feature", "id": "map — lines_575032877", "properties": { "barrier": null, "highway": "service", "man_made": null, "name": null, "osm_id": "575032877", "other_tags": "\"lit\"=>\"yes\",\"service\"=>\"driveway\",\"surface\"=>\"asphalt\"", "source_layer": "map — lines", "aerialway": null, "waterway": null, "z_order": 0 }, "bbox": [ 7.0895551, 50.7253784, 7.0895966, 50.7254095 ], "geometry": { "type": "LineString", "coordinates": [ [ 7.0895966, 50.7254095 ], [ 7.0895551, 50.7253784 ] ] } },
{ "type": "Feature", "id": "map — lines_657688487", "properties": { "barrier": "fence", "highway": null, "man_made": null, "name": null, "osm_id": "657688487", "other_tags": null, "source_layer": "map — lines", "aerialway": null, "waterway": null, "z_order": 0 }, "bbox": [ 7.0918185, 50.725732, 7.0920994, 50.7259556 ], "geometry": { "type": "LineString", "coordinates": [ [ 7.0918185, 50.725732 ], [ 7.0920994, 50.7259556 ] ] } },
{ "type": "Feature", "id": "map — lines_667512310", "properties": { "barrier": null, "highway": "footway", "man_made": null, "name": null, "osm_id": "667512310", "other_tags": "\"footway\"=>\"sidewalk\",\"lit\"=>\"yes\",\"smoothness\"=>\"excellent\",\"surface\"=>\"paving_stones\"", "source_layer": "map — lines", "aerialway": null, "waterway": null, "z_order": 0 }, "bbox": [ 7.0902365, 50.7241761, 7.0917689, 50.7257114 ], "geometry": { "type": "LineString", "coordinates": [ [ 7.0902411, 50.7241761 ], [ 7.0902606, 50.7241965 ], [ 7.0902459, 50.7242555 ], [ 7.0902365, 50.72431 ], [ 7.0902452, 50.7243646 ], [ 7.0903136, 50.7244911 ], [ 7.0904102, 50.7246033 ], [ 7.090544, 50.7247285 ], [ 7.0906035, 50.7247765 ], [ 7.0906057, 50.7247782 ], [ 7.0908875, 50.7250047 ], [ 7.0915221, 50.7255116 ], [ 7.0916767, 50.725636 ], [ 7.0917689, 50.7257114 ] ] } },
{ "type": "Feature", "id": "map — lines_667513546", "properties": { "barrier": null, "highway": "footway", "man_made": null, "name": null, "osm_id": "667513546", "other_tags": "\"lit\"=>\"no\",\"surface\"=>\"concrete\",\"tunnel\"=>\"building_passage\"", "source_layer": "map — lines", "aerialway": null, "waterway": null, "z_order": 0 }, "bbox": [ 7.0932778, 50.7254777, 7.0933303, 50.7255034 ], "geometry": { "type": "LineString", "coordinates": [ [ 7.0932778, 50.7255034 ], [ 7.0933303, 50.7254777 ] ] } },
{ "type": "Feature", "id": "map — lines_667514557", "properties": { "barrier": null, "highway": null, "man_made": null, "name": null, "osm_id": "667514557", "other_tags": "\"building:min_level\"=>\"1\",\"building:part\"=>\"yes\"", "source_layer": "map — lines", "aerialway": null, "waterway": null, "z_order": 0 }, "bbox": [ 7.0896814, 50.7243951, 7.0898641, 50.7244721 ], "geometry": { "type": "LineString", "coordinates": [ [ 7.0896814, 50.7244614 ], [ 7.0896889, 50.7244673 ], [ 7.0896951, 50.7244721 ], [ 7.0897468, 50.724446 ], [ 7.0898093, 50.7244144 ], [ 7.0898463, 50.7244437 ], [ 7.0898641, 50.7244341 ], [ 7.0898154, 50.7243951 ], [ 7.0896814, 50.7244614 ] ] } },
{ "type": "Feature", "id": "map — lines_667514604", "properties": { "barrier": "fence", "highway": null, "man_made": null, "name": null, "osm_id": "667514604", "other_tags": null, "source_layer": "map — lines", "aerialway": null, "waterway": null, "z_order": 0 }, "bbox": [ 7.0899579, 50.7244839, 7.0904777, 50.7250648 ], "geometry": { "type": "LineString", "coordinates": [ [ 7.0899579, 50.724508 ], [ 7.0900022, 50.7244839 ], [ 7.0902167, 50.7246616 ], [ 7.090221, 50.7246655 ], [ 7.0902984, 50.7247261 ], [ 7.0903022, 50.7247293 ], [ 7.0904777, 50.7248766 ], [ 7.0904763, 50.7248878 ], [ 7.090422, 50.7249166 ], [ 7.0901428, 50.7250648 ] ] } },
{ "type": "Feature", "id": "map — lines_786203406", "properties": { "barrier": null, "highway": "footway", "man_made": null, "name": null, "osm_id": "786203406", "other_tags": "\"lit\"=>\"no\",\"smoothness\"=>\"good\",\"surface\"=>\"paving_stones\"", "source_layer": "map — lines", "aerialway": null, "waterway": null, "z_order": 0 }, "bbox": [ 7.0895864, 50.7242167, 7.0899088, 50.7243397 ], "geometry": { "type": "LineString", "coordinates": [ [ 7.0895864, 50.7243113 ], [ 7.0896396, 50.7243397 ], [ 7.0899088, 50.7242167 ] ] } },
{ "type": "Feature", "id": "map — lines_885308464", "properties": { "barrier": "hedge", "highway": null, "man_made": null, "name": null, "osm_id": "885308464", "other_tags": null, "source_layer": "map — lines", "aerialway": null, "waterway": null, "z_order": 0 }, "bbox": [ 7.0898785, 50.7253096, 7.0899017, 50.7253267 ], "geometry": { "type": "LineString", "coordinates": [ [ 7.0898785, 50.7253096 ], [ 7.0899017, 50.7253267 ] ] } },
{ "type": "Feature", "id": "map — lines_885308465", "properties": { "barrier": null, "highway": "footway", "man_made": null, "name": null, "osm_id": "885308465", "other_tags": null, "source_layer": "map — lines", "aerialway": null, "waterway": null, "z_order": 0 }, "bbox": [ 7.0895356, 50.7253844, 7.0898808, 50.7255595 ], "geometry": { "type": "LineString", "coordinates": [ [ 7.0898808, 50.7253844 ], [ 7.0895356, 50.7255595 ] ] } },
{ "type": "Feature", "id": "map — lines_885308473", "properties": { "barrier": "fence", "highway": null, "man_made": null, "name": null, "osm_id": "885308473", "other_tags": null, "source_layer": "map — lines", "aerialway": null, "waterway": null, "z_order": 0 }, "bbox": [ 7.0895386, 50.7250415, 7.0903726, 50.7254854 ], "geometry": { "type": "LineString", "coordinates": [ [ 7.0903726, 50.7250415 ], [ 7.0903653, 50.7250453 ], [ 7.0899846, 50.7252451 ], [ 7.0898732, 50.7253055 ], [ 7.089817, 50.7253357 ], [ 7.089797, 50.7253463 ], [ 7.0897736, 50.7253587 ], [ 7.0895386, 50.7254854 ] ] } },
{ "type": "Feature", "id": "map — lines_885330789", "properties": { "barrier": "guard_rail", "highway": null, "man_made": null, "name": null, "osm_id": "885330789", "other_tags": null, "source_layer": "map — lines", "aerialway": null, "waterway": null, "z_order": 0 }, "bbox": [ 7.0899778, 50.7245205, 7.0900578, 50.7245798 ], "geometry": { "type": "LineString", "coordinates": [ [ 7.090045, 50.7245798 ], [ 7.0900578, 50.7245736 ], [ 7.0899893, 50.7245205 ], [ 7.0899778, 50.7245268 ] ] } },
{ "type": "Feature", "id": "map — lines_885330790", "properties": { "barrier": null, "highway": "path", "man_made": null, "name": null, "osm_id": "885330790", "other_tags": "\"access\"=>\"private\",\"lit\"=>\"yes\",\"surface\"=>\"grass\"", "source_layer": "map — lines", "aerialway": null, "waterway": null, "z_order": 0 }, "bbox": [ 7.0902205, 50.7247641, 7.090422, 50.7249166 ], "geometry": { "type": "LineString", "coordinates": [ [ 7.0902205, 50.7247641 ], [ 7.090422, 50.7249166 ] ] } },
{ "type": "Feature", "id": "map — lines_885330791", "properties": { "barrier": "wall", "highway": null, "man_made": null, "name": null, "osm_id": "885330791", "other_tags": null, "source_layer": "map — lines", "aerialway": null, "waterway": null, "z_order": 0 }, "bbox": [ 7.0900603, 50.7250998, 7.0900764, 50.7251084 ], "geometry": { "type": "LineString", "coordinates": [ [ 7.0900764, 50.7250998 ], [ 7.0900603, 50.7251084 ] ] } },
{ "type": "Feature", "id": "map — lines_885330792", "properties": { "barrier": "fence", "highway": null, "man_made": null, "name": null, "osm_id": "885330792", "other_tags": null, "source_layer": "map — lines", "aerialway": null, "waterway": null, "z_order": 0 }, "bbox": [ 7.0895427, 50.7251776, 7.0899648, 50.7253851 ], "geometry": { "type": "LineString", "coordinates": [ [ 7.0899648, 50.7251776 ], [ 7.0899335, 50.725179 ], [ 7.0899163, 50.7251883 ], [ 7.0898946, 50.7251997 ], [ 7.0896967, 50.7253039 ], [ 7.0896853, 50.7253099 ], [ 7.0895551, 50.7253784 ], [ 7.0895427, 50.7253851 ] ] } },
{ "type": "Feature", "id": "map — lines_885330793", "properties": { "barrier": null, "highway": "footway", "man_made": null, "name": null, "osm_id": "885330793", "other_tags": "\"surface\"=>\"concrete:plates\"", "source_layer": "map — lines", "aerialway": null, "waterway": null, "z_order": 0 }, "bbox": [ 7.0895739, 50.7252273, 7.0897255, 50.7253397 ], "geometry": { "type": "LineString", "coordinates": [ [ 7.0897255, 50.7253397 ], [ 7.0896853, 50.7253099 ], [ 7.0895739, 50.7252273 ] ] } },
{ "type": "Feature", "id": "map — lines_885493070", "properties": { "barrier": null, "highway": "footway", "man_made": null, "name": null, "osm_id": "885493070", "other_tags": "\"lit\"=>\"no\",\"smoothness\"=>\"good\",\"surface\"=>\"paving_stones\"", "source_layer": "map — lines", "aerialway": null, "waterway": null, "z_order": 0 }, "bbox": [ 7.091327, 50.7256189, 7.0915587, 50.7257379 ], "geometry": { "type": "LineString", "coordinates": [ [ 7.091327, 50.7257379 ], [ 7.0913374, 50.7257325 ], [ 7.0915019, 50.7256481 ], [ 7.0915587, 50.7256189 ] ] } },
{ "type": "Feature", "id": "map — lines_885493072", "properties": { "barrier": null, "highway": "footway", "man_made": null, "name": null, "osm_id": "885493072", "other_tags": "\"lit\"=>\"no\",\"smoothness\"=>\"good\",\"surface\"=>\"paving_stones\"", "source_layer": "map — lines", "aerialway": null, "waterway": null, "z_order": 0 }, "bbox": [ 7.091136, 50.7255762, 7.0913374, 50.7257325 ], "geometry": { "type": "LineString", "coordinates": [ [ 7.091136, 50.7255762 ], [ 7.0913374, 50.7257325 ] ] } },
{ "type": "Feature", "id": "map — lines_885493073", "properties": { "barrier": null, "highway": "footway", "man_made": null, "name": null, "osm_id": "885493073", "other_tags": "\"lit\"=>\"no\",\"smoothness\"=>\"excellent\",\"surface\"=>\"paving_stones\"", "source_layer": "map — lines", "aerialway": null, "waterway": null, "z_order": 0 }, "bbox": [ 7.0909691, 50.7256624, 7.0911547, 50.7258014 ], "geometry": { "type": "LineString", "coordinates": [ [ 7.0911547, 50.7258014 ], [ 7.091031, 50.7257083 ], [ 7.0909691, 50.7256624 ] ] } },
{ "type": "Feature", "id": "map — lines_885493074", "properties": { "barrier": null, "highway": null, "man_made": null, "name": null, "osm_id": "885493074", "other_tags": "\"building:part\"=>\"yes\"", "source_layer": "map — lines", "aerialway": null, "waterway": null, "z_order": 0 }, "bbox": [ 7.091048, 50.7256761, 7.0911141, 50.7257156 ], "geometry": { "type": "LineString", "coordinates": [ [ 7.091069, 50.7257156 ], [ 7.091048, 50.7256995 ], [ 7.0910933, 50.7256761 ], [ 7.0911141, 50.7256921 ], [ 7.091069, 50.7257156 ] ] } },
{ "type": "Feature", "id": "map — lines_885493075", "properties": { "barrier": "guard_rail", "highway": null, "man_made": null, "name": null, "osm_id": "885493075", "other_tags": null, "source_layer": "map — lines", "aerialway": null, "waterway": null, "z_order": 0 }, "bbox": [ 7.0910489, 50.7257927, 7.0911345, 50.7258262 ], "geometry": { "type": "LineString", "coordinates": [ [ 7.0911345, 50.7258119 ], [ 7.0911113, 50.7257927 ], [ 7.0910489, 50.7258262 ] ] } },
{ "type": "Feature", "id": "map — lines_885493076", "properties": { "barrier": "wall", "highway": null, "man_made": null, "name": null, "osm_id": "885493076", "other_tags": null, "source_layer": "map — lines", "aerialway": null, "waterway": null, "z_order": 0 }, "bbox": [ 7.0906922, 50.7256995, 7.091048, 50.7259336 ], "geometry": { "type": "LineString", "coordinates": [ [ 7.0907566, 50.7259336 ], [ 7.090714, 50.7259004 ], [ 7.0906922, 50.7258834 ], [ 7.0907231, 50.7258675 ], [ 7.0909855, 50.7257318 ], [ 7.091031, 50.7257083 ], [ 7.091048, 50.7256995 ] ] } },
{ "type": "Feature", "id": "map — lines_885493077", "properties": { "barrier": "guard_rail", "highway": null, "man_made": null, "name": null, "osm_id": "885493077", "other_tags": null, "source_layer": "map — lines", "aerialway": null, "waterway": null, "z_order": 0 }, "bbox": [ 7.0909855, 50.7257318, 7.091071, 50.7258162 ], "geometry": { "type": "LineString", "coordinates": [ [ 7.0910353, 50.7258162 ], [ 7.091071, 50.7257975 ], [ 7.0909855, 50.7257318 ] ] } },
{ "type": "Feature", "id": "map — lines_885496091", "properties": { "barrier": "wall", "highway": null, "man_made": null, "name": null, "osm_id": "885496091", "other_tags": null, "source_layer": "map — lines", "aerialway": null, "waterway": null, "z_order": 0 }, "bbox": [ 7.0908579, 50.7255461, 7.0909676, 50.7255998 ], "geometry": { "type": "LineString", "coordinates": [ [ 7.0908579, 50.7255998 ], [ 7.0908885, 50.7255851 ], [ 7.090905, 50.7255772 ], [ 7.0909676, 50.7255461 ] ] } },
{ "type": "Feature", "id": "map — lines_885496092", "properties": { "barrier": null, "highway": "service", "man_made": null, "name": null, "osm_id": "885496092", "other_tags": "\"access\"=>\"permissive\",\"service\"=>\"driveway\",\"surface\"=>\"sett\"", "source_layer": "map — lines", "aerialway": null, "waterway": null, "z_order": 0 }, "bbox": [ 7.0904039, 50.7254456, 7.0908033, 50.7256128 ], "geometry": { "type": "LineString", "coordinates": [ [ 7.0908033, 50.725498 ], [ 7.0907312, 50.7254456 ], [ 7.0904039, 50.7256128 ] ] } },
{ "type": "Feature", "id": "map — lines_885496096", "properties": { "barrier": "wall", "highway": null, "man_made": null, "name": null, "osm_id": "885496096", "other_tags": null, "source_layer": "map — lines", "aerialway": null, "waterway": null, "z_order": 0 }, "bbox": [ 7.0902988, 50.7257852, 7.0904535, 50.725864 ], "geometry": { "type": "LineString", "coordinates": [ [ 7.0904535, 50.7257852 ], [ 7.0904007, 50.7258118 ], [ 7.0903788, 50.725823 ], [ 7.0903134, 50.7258565 ], [ 7.0902988, 50.725864 ] ] } },
{ "type": "Feature", "id": "map — lines_885499797", "properties": { "barrier": "fence", "highway": null, "man_made": null, "name": null, "osm_id": "885499797", "other_tags": null, "source_layer": "map — lines", "aerialway": null, "waterway": null, "z_order": 0 }, "bbox": [ 7.0907801, 50.7251277, 7.090861, 50.7251568 ], "geometry": { "type": "LineString", "coordinates": [ [ 7.0907801, 50.7251477 ], [ 7.0908213, 50.7251277 ], [ 7.0908377, 50.7251397 ], [ 7.090861, 50.7251568 ] ] } },
{ "type": "Feature", "id": "map — lines_885499798", "properties": { "barrier": "fence", "highway": null, "man_made": null, "name": null, "osm_id": "885499798", "other_tags": null, "source_layer": "map — lines", "aerialway": null, "waterway": null, "z_order": 0 }, "bbox": [ 7.0905315, 50.7249384, 7.0908213, 50.7251277 ], "geometry": { "type": "LineString", "coordinates": [ [ 7.0908213, 50.7251277 ], [ 7.0907653, 50.7250843 ], [ 7.090758, 50.7250784 ], [ 7.0907524, 50.7250738 ], [ 7.0906499, 50.7249913 ], [ 7.0906438, 50.7249864 ], [ 7.0906355, 50.7249797 ], [ 7.0905831, 50.7249404 ], [ 7.0905785, 50.7249388 ], [ 7.0905726, 50.7249384 ], [ 7.0905593, 50.7249426 ], [ 7.0905315, 50.7249578 ] ] } },
{ "type": "Feature", "id": "map — lines_885499799", "properties": { "barrier": null, "highway": "footway", "man_made": null, "name": null, "osm_id": "885499799", "other_tags": "\"surface\"=>\"paving_stones\"", "source_layer": "map — lines", "aerialway": null, "waterway": null, "z_order": 0 }, "bbox": [ 7.0906331, 50.7249801, 7.0906549, 50.7250109 ], "geometry": { "type": "LineString", "coordinates": [ [ 7.0906482, 50.7250109 ], [ 7.0906371, 50.7250021 ], [ 7.0906334, 50.7249983 ], [ 7.0906331, 50.7249939 ], [ 7.0906365, 50.7249902 ], [ 7.0906438, 50.7249864 ], [ 7.0906549, 50.7249801 ] ] } },
{ "type": "Feature", "id": "map — lines_885499800", "properties": { "barrier": null, "highway": "footway", "man_made": null, "name": null, "osm_id": "885499800", "other_tags": "\"surface\"=>\"concrete\"", "source_layer": "map — lines", "aerialway": null, "waterway": null, "z_order": 0 }, "bbox": [ 7.0906712, 50.7250291, 7.0906831, 50.725045 ], "geometry": { "type": "LineString", "coordinates": [ [ 7.0906716, 50.725045 ], [ 7.0906831, 50.7250387 ], [ 7.0906712, 50.7250291 ] ] } },
{ "type": "Feature", "id": "map — lines_885499801", "properties": { "barrier": null, "highway": "steps", "man_made": null, "name": null, "osm_id": "885499801", "other_tags": "\"handrail\"=>\"no\",\"incline\"=>\"down\",\"ramp\"=>\"no\",\"step_count\"=>\"10\",\"surface\"=>\"concrete\",\"tactile_paving\"=>\"no\"", "source_layer": "map — lines", "aerialway": null, "waterway": null, "z_order": 0 }, "bbox": [ 7.0906482, 50.7250109, 7.0906712, 50.7250291 ], "geometry": { "type": "LineString", "coordinates": [ [ 7.0906712, 50.7250291 ], [ 7.0906482, 50.7250109 ] ] } },
{ "type": "Feature", "id": "map — lines_885499802", "properties": { "barrier": null, "highway": "steps", "man_made": null, "name": null, "osm_id": "885499802", "other_tags": "\"handrail\"=>\"yes\",\"incline\"=>\"down\",\"ramp\"=>\"no\",\"step_count\"=>\"10\",\"surface\"=>\"concrete\",\"tactile_paving\"=>\"no\"", "source_layer": "map — lines", "aerialway": null, "waterway": null, "z_order": 0 }, "bbox": [ 7.0906962, 50.7250489, 7.090724, 50.7250709 ], "geometry": { "type": "LineString", "coordinates": [ [ 7.0906962, 50.7250489 ], [ 7.090724, 50.7250709 ] ] } },
{ "type": "Feature", "id": "map — lines_885499803", "properties": { "barrier": null, "highway": "footway", "man_made": null, "name": null, "osm_id": "885499803", "other_tags": "\"surface\"=>\"concrete\"", "source_layer": "map — lines", "aerialway": null, "waterway": null, "z_order": 0 }, "bbox": [ 7.0906831, 50.7250387, 7.0906962, 50.7250489 ], "geometry": { "type": "LineString", "coordinates": [ [ 7.0906831, 50.7250387 ], [ 7.0906962, 50.7250489 ] ] } },
{ "type": "Feature", "id": "map — lines_885917794", "properties": { "barrier": "hedge", "highway": null, "man_made": null, "name": null, "osm_id": "885917794", "other_tags": null, "source_layer": "map — lines", "aerialway": null, "waterway": null, "z_order": 0 }, "bbox": [ 7.0914356, 50.7247142, 7.0915865, 50.7247733 ], "geometry": { "type": "LineString", "coordinates": [ [ 7.0915865, 50.7247142 ], [ 7.0914708, 50.7247733 ], [ 7.0914356, 50.7247456 ] ] } },
{ "type": "Feature", "id": "map — lines_885917795", "properties": { "barrier": "hedge", "highway": null, "man_made": null, "name": null, "osm_id": "885917795", "other_tags": null, "source_layer": "map — lines", "aerialway": null, "waterway": null, "z_order": 0 }, "bbox": [ 7.0916736, 50.7245841, 7.0917824, 50.7246699 ], "geometry": { "type": "LineString", "coordinates": [ [ 7.0916736, 50.7246699 ], [ 7.0917824, 50.7246111 ], [ 7.0917468, 50.7245841 ] ] } },
{ "type": "Feature", "id": "map — lines_885917796", "properties": { "barrier": "hedge", "highway": null, "man_made": null, "name": null, "osm_id": "885917796", "other_tags": null, "source_layer": "map — lines", "aerialway": null, "waterway": null, "z_order": 0 }, "bbox": [ 7.0915267, 50.7244981, 7.0916962, 50.7245532 ], "geometry": { "type": "LineString", "coordinates": [ [ 7.0916962, 50.7245467 ], [ 7.0916343, 50.7244981 ], [ 7.0915267, 50.7245532 ] ] } },
{ "type": "Feature", "id": "map — lines_885917797", "properties": { "barrier": "hedge", "highway": null, "man_made": null, "name": null, "osm_id": "885917797", "other_tags": null, "source_layer": "map — lines", "aerialway": null, "waterway": null, "z_order": 0 }, "bbox": [ 7.091324, 50.7245983, 7.0914354, 50.7247063 ], "geometry": { "type": "LineString", "coordinates": [ [ 7.0913861, 50.7247063 ], [ 7.091324, 50.724659 ], [ 7.0914354, 50.7245983 ] ] } },
{ "type": "Feature", "id": "map — lines_885928229", "properties": { "barrier": "fence", "highway": null, "man_made": null, "name": null, "osm_id": "885928229", "other_tags": null, "source_layer": "map — lines", "aerialway": null, "waterway": null, "z_order": 0 }, "bbox": [ 7.0930931, 50.7252412, 7.09319, 50.725289 ], "geometry": { "type": "LineString", "coordinates": [ [ 7.0930931, 50.725289 ], [ 7.0931133, 50.725279 ], [ 7.09319, 50.7252412 ] ] } },
{ "type": "Feature", "id": "map — lines_885931720", "properties": { "barrier": null, "highway": "footway", "man_made": null, "name": null, "osm_id": "885931720", "other_tags": "\"lit\"=>\"no\",\"surface\"=>\"fine_gravel\"", "source_layer": "map — lines", "aerialway": null, "waterway": null, "z_order": 0 }, "bbox": [ 7.0922379, 50.7245624, 7.0923383, 50.7246734 ], "geometry": { "type": "LineString", "coordinates": [ [ 7.0923383, 50.7245624 ], [ 7.0923153, 50.7245874 ], [ 7.0922962, 50.7246145 ], [ 7.0922822, 50.7246412 ], [ 7.0922751, 50.7246517 ], [ 7.092264, 50.7246622 ], [ 7.0922379, 50.7246734 ] ] } },
{ "type": "Feature", "id": "map — lines_886931770", "properties": { "barrier": "retaining_wall", "highway": null, "man_made": null, "name": null, "osm_id": "886931770", "other_tags": null, "source_layer": "map — lines", "aerialway": null, "waterway": null, "z_order": 0 }, "bbox": [ 7.0930357, 50.7252156, 7.0931133, 50.725279 ], "geometry": { "type": "LineString", "coordinates": [ [ 7.0930357, 50.7252156 ], [ 7.0931133, 50.725279 ] ] } },
{ "type": "Feature", "id": "map — lines_886931771", "properties": { "barrier": "retaining_wall", "highway": null, "man_made": null, "name": null, "osm_id": "886931771", "other_tags": null, "source_layer": "map — lines", "aerialway": null, "waterway": null, "z_order": 0 }, "bbox": [ 7.0930879, 50.7251855, 7.0931881, 50.7252371 ], "geometry": { "type": "LineString", "coordinates": [ [ 7.0931881, 50.7252371 ], [ 7.0931676, 50.72522 ], [ 7.0931585, 50.7252242 ], [ 7.0931448, 50.7252133 ], [ 7.0931303, 50.7252018 ], [ 7.0931167, 50.7252081 ], [ 7.0931032, 50.7251967 ], [ 7.0930879, 50.7251855 ] ] } },
{ "type": "Feature", "id": "map — lines_890193443", "properties": { "barrier": "wall", "highway": null, "man_made": null, "name": null, "osm_id": "890193443", "other_tags": null, "source_layer": "map — lines", "aerialway": null, "waterway": null, "z_order": 0 }, "bbox": [ 7.0931028, 50.7245406, 7.0931432, 50.7245597 ], "geometry": { "type": "LineString", "coordinates": [ [ 7.0931028, 50.7245597 ], [ 7.0931216, 50.7245508 ], [ 7.0931432, 50.7245406 ] ] } },
{ "type": "Feature", "id": "map — lines_890193444", "properties": { "barrier": "wall", "highway": null, "man_made": null, "name": null, "osm_id": "890193444", "other_tags": null, "source_layer": "map — lines", "aerialway": null, "waterway": null, "z_order": 0 }, "bbox": [ 7.093134, 50.7244984, 7.0932142, 50.7245498 ], "geometry": { "type": "LineString", "coordinates": [ [ 7.0931432, 50.7245406 ], [ 7.093151, 50.7245452 ], [ 7.0931596, 50.7245483 ], [ 7.0931701, 50.7245498 ], [ 7.0931794, 50.7245495 ], [ 7.0931889, 50.724548 ], [ 7.0931962, 50.724545 ], [ 7.0932054, 50.7245397 ], [ 7.0932118, 50.7245333 ], [ 7.0932142, 50.7245265 ], [ 7.0932134, 50.7245198 ], [ 7.0932104, 50.7245144 ], [ 7.0932062, 50.724509 ], [ 7.0931981, 50.7245038 ], [ 7.0931899, 50.7245001 ], [ 7.0931793, 50.7244984 ], [ 7.0931678, 50.7244985 ], [ 7.0931573, 50.7245008 ], [ 7.0931484, 50.7245047 ], [ 7.093141, 50.7245099 ], [ 7.0931363, 50.7245156 ], [ 7.0931342, 50.7245221 ], [ 7.093134, 50.7245287 ], [ 7.0931376, 50.7245354 ], [ 7.0931432, 50.7245406 ] ] } },
{ "type": "Feature", "id": "map — lines_890193445", "properties": { "barrier": "wall", "highway": null, "man_made": null, "name": null, "osm_id": "890193445", "other_tags": null, "source_layer": "map — lines", "aerialway": null, "waterway": null, "z_order": 0 }, "bbox": [ 7.0931962, 50.724545, 7.0932311, 50.7245689 ], "geometry": { "type": "LineString", "coordinates": [ [ 7.0931962, 50.724545 ], [ 7.0932138, 50.7245571 ], [ 7.0932311, 50.7245689 ] ] } },
{ "type": "Feature", "id": "map — lines_890193446", "properties": { "barrier": "wall", "highway": null, "man_made": null, "name": null, "osm_id": "890193446", "other_tags": null, "source_layer": "map — lines", "aerialway": null, "waterway": null, "z_order": 0 }, "bbox": [ 7.093143, 50.7245483, 7.0931596, 50.7245776 ], "geometry": { "type": "LineString", "coordinates": [ [ 7.093143, 50.7245776 ], [ 7.0931506, 50.7245642 ], [ 7.0931596, 50.7245483 ] ] } },
{ "type": "Feature", "id": "map — lines_890193447", "properties": { "barrier": "wall", "highway": null, "man_made": null, "name": null, "osm_id": "890193447", "other_tags": null, "source_layer": "map — lines", "aerialway": null, "waterway": null, "z_order": 0 }, "bbox": [ 7.0931794, 50.7245495, 7.0931879, 50.7245809 ], "geometry": { "type": "LineString", "coordinates": [ [ 7.0931794, 50.7245495 ], [ 7.0931838, 50.7245658 ], [ 7.0931879, 50.7245809 ] ] } },
{ "type": "Feature", "id": "map — lines_890193448", "properties": { "barrier": "wall", "highway": null, "man_made": null, "name": null, "osm_id": "890193448", "other_tags": null, "source_layer": "map — lines", "aerialway": null, "waterway": null, "z_order": 0 }, "bbox": [ 7.0930844, 50.7245287, 7.093134, 50.7245334 ], "geometry": { "type": "LineString", "coordinates": [ [ 7.093134, 50.7245287 ], [ 7.0931075, 50.7245311 ], [ 7.0930844, 50.7245334 ] ] } },
{ "type": "Feature", "id": "map — lines_890193449", "properties": { "barrier": "wall", "highway": null, "man_made": null, "name": null, "osm_id": "890193449", "other_tags": null, "source_layer": "map — lines", "aerialway": null, "waterway": null, "z_order": 0 }, "bbox": [ 7.09309, 50.7245039, 7.0931363, 50.7245156 ], "geometry": { "type": "LineString", "coordinates": [ [ 7.0931363, 50.7245156 ], [ 7.0931109, 50.7245092 ], [ 7.09309, 50.7245039 ] ] } },
{ "type": "Feature", "id": "map — lines_890193450", "properties": { "barrier": "wall", "highway": null, "man_made": null, "name": null, "osm_id": "890193450", "other_tags": null, "source_layer": "map — lines", "aerialway": null, "waterway": null, "z_order": 0 }, "bbox": [ 7.0931589, 50.724468, 7.0931678, 50.7244985 ], "geometry": { "type": "LineString", "coordinates": [ [ 7.0931678, 50.7244985 ], [ 7.0931634, 50.7244832 ], [ 7.0931589, 50.724468 ] ] } },
{ "type": "Feature", "id": "map — lines_890193451", "properties": { "barrier": "wall", "highway": null, "man_made": null, "name": null, "osm_id": "890193451", "other_tags": null, "source_layer": "map — lines", "aerialway": null, "waterway": null, "z_order": 0 }, "bbox": [ 7.0931899, 50.7244707, 7.0932067, 50.7245001 ], "geometry": { "type": "LineString", "coordinates": [ [ 7.0931899, 50.7245001 ], [ 7.0931982, 50.7244856 ], [ 7.0932067, 50.7244707 ] ] } },
{ "type": "Feature", "id": "map — lines_890193452", "properties": { "barrier": "wall", "highway": null, "man_made": null, "name": null, "osm_id": "890193452", "other_tags": null, "source_layer": "map — lines", "aerialway": null, "waterway": null, "z_order": 0 }, "bbox": [ 7.0932062, 50.7244882, 7.0932435, 50.724509 ], "geometry": { "type": "LineString", "coordinates": [ [ 7.0932062, 50.724509 ], [ 7.0932263, 50.7244978 ], [ 7.0932435, 50.7244882 ] ] } },
{ "type": "Feature", "id": "map — lines_890193453", "properties": { "barrier": "wall", "highway": null, "man_made": null, "name": null, "osm_id": "890193453", "other_tags": null, "source_layer": "map — lines", "aerialway": null, "waterway": null, "z_order": 0 }, "bbox": [ 7.0932118, 50.7245333, 7.0932578, 50.7245452 ], "geometry": { "type": "LineString", "coordinates": [ [ 7.0932118, 50.7245333 ], [ 7.0932357, 50.7245395 ], [ 7.0932578, 50.7245452 ] ] } },
{ "type": "Feature", "id": "map — lines_890193454", "properties": { "barrier": "wall", "highway": null, "man_made": null, "name": null, "osm_id": "890193454", "other_tags": null, "source_layer": "map — lines", "aerialway": null, "waterway": null, "z_order": 0 }, "bbox": [ 7.0932134, 50.7245161, 7.0932614, 50.7245198 ], "geometry": { "type": "LineString", "coordinates": [ [ 7.0932134, 50.7245198 ], [ 7.0932392, 50.7245178 ], [ 7.0932614, 50.7245161 ] ] } },
{ "type": "Feature", "id": "map — lines_890193455", "properties": { "barrier": "wall", "highway": null, "man_made": null, "name": null, "osm_id": "890193455", "other_tags": null, "source_layer": "map — lines", "aerialway": null, "waterway": null, "z_order": 0 }, "bbox": [ 7.0931062, 50.7244822, 7.0932404, 50.7245662 ], "geometry": { "type": "LineString", "coordinates": [ [ 7.0931075, 50.7245311 ], [ 7.0931126, 50.7245425 ], [ 7.0931216, 50.7245508 ], [ 7.0931349, 50.724559 ], [ 7.0931506, 50.7245642 ], [ 7.0931679, 50.7245662 ], [ 7.0931838, 50.7245658 ], [ 7.0931999, 50.7245624 ], [ 7.0932138, 50.7245571 ], [ 7.0932275, 50.7245486 ], [ 7.0932357, 50.7245395 ], [ 7.0932404, 50.7245282 ], [ 7.0932392, 50.7245178 ], [ 7.0932355, 50.7245071 ], [ 7.0932263, 50.7244978 ], [ 7.093214, 50.72449 ], [ 7.0931982, 50.7244856 ], [ 7.0931827, 50.7244822 ], [ 7.0931634, 50.7244832 ], [ 7.0931475, 50.7244853 ], [ 7.0931314, 50.7244918 ], [ 7.0931197, 50.7244995 ], [ 7.0931109, 50.7245092 ], [ 7.0931062, 50.7245188 ], [ 7.0931075, 50.7245311 ] ] } },
{ "type": "Feature", "id": "map — lines_890193456", "properties": { "barrier": "wall", "highway": null, "man_made": null, "name": null, "osm_id": "890193456", "other_tags": null, "source_layer": "map — lines", "aerialway": null, "waterway": null, "z_order": 0 }, "bbox": [ 7.0931225, 50.724559, 7.0931349, 50.7245709 ], "geometry": { "type": "LineString", "coordinates": [ [ 7.0931349, 50.724559 ], [ 7.0931225, 50.7245709 ] ] } },
{ "type": "Feature", "id": "map — lines_890193457", "properties": { "barrier": "wall", "highway": null, "man_made": null, "name": null, "osm_id": "890193457", "other_tags": null, "source_layer": "map — lines", "aerialway": null, "waterway": null, "z_order": 0 }, "bbox": [ 7.0930843, 50.7244675, 7.0932628, 50.7245811 ], "geometry": { "type": "LineString", "coordinates": [ [ 7.0931225, 50.7245709 ], [ 7.093143, 50.7245776 ], [ 7.0931669, 50.7245811 ], [ 7.0931879, 50.7245809 ], [ 7.0932101, 50.7245767 ], [ 7.0932311, 50.7245689 ], [ 7.0932463, 50.7245587 ], [ 7.0932578, 50.7245452 ], [ 7.0932628, 50.7245299 ], [ 7.0932614, 50.7245161 ], [ 7.0932558, 50.7245016 ], [ 7.0932435, 50.7244882 ], [ 7.0932266, 50.7244777 ], [ 7.0932067, 50.7244707 ], [ 7.0931835, 50.7244675 ], [ 7.0931589, 50.724468 ], [ 7.0931355, 50.724472 ], [ 7.0931163, 50.7244804 ], [ 7.093102, 50.7244906 ], [ 7.09309, 50.7245039 ], [ 7.0930843, 50.7245176 ], [ 7.0930844, 50.7245334 ], [ 7.0930915, 50.7245479 ], [ 7.0931028, 50.7245597 ], [ 7.0931225, 50.7245709 ] ] } },
{ "type": "Feature", "id": "map — lines_890193458", "properties": { "barrier": "wall", "highway": null, "man_made": null, "name": null, "osm_id": "890193458", "other_tags": null, "source_layer": "map — lines", "aerialway": null, "waterway": null, "z_order": 0 }, "bbox": [ 7.0931163, 50.7244804, 7.0931484, 50.7245047 ], "geometry": { "type": "LineString", "coordinates": [ [ 7.0931163, 50.7244804 ], [ 7.0931314, 50.7244918 ], [ 7.0931484, 50.7245047 ] ] } },
{ "type": "Feature", "id": "map — lines_890193459", "properties": { "barrier": "wall", "highway": null, "man_made": null, "name": null, "osm_id": "890193459", "other_tags": null, "source_layer": "map — lines", "aerialway": null, "waterway": null, "z_order": 0 }, "bbox": [ 7.093102, 50.7244906, 7.0931197, 50.7244995 ], "geometry": { "type": "LineString", "coordinates": [ [ 7.093102, 50.7244906 ], [ 7.0931197, 50.7244995 ] ] } },
{ "type": "Feature", "id": "map — lines_890193460", "properties": { "barrier": "wall", "highway": null, "man_made": null, "name": null, "osm_id": "890193460", "other_tags": null, "source_layer": "map — lines", "aerialway": null, "waterway": null, "z_order": 0 }, "bbox": [ 7.0930843, 50.7245176, 7.0931062, 50.7245188 ], "geometry": { "type": "LineString", "coordinates": [ [ 7.0930843, 50.7245176 ], [ 7.0931062, 50.7245188 ] ] } },
{ "type": "Feature", "id": "map — lines_890193461", "properties": { "barrier": "wall", "highway": null, "man_made": null, "name": null, "osm_id": "890193461", "other_tags": null, "source_layer": "map — lines", "aerialway": null, "waterway": null, "z_order": 0 }, "bbox": [ 7.0931355, 50.724472, 7.0931475, 50.7244853 ], "geometry": { "type": "LineString", "coordinates": [ [ 7.0931355, 50.724472 ], [ 7.0931475, 50.7244853 ] ] } },
{ "type": "Feature", "id": "map — lines_890193462", "properties": { "barrier": "wall", "highway": null, "man_made": null, "name": null, "osm_id": "890193462", "other_tags": null, "source_layer": "map — lines", "aerialway": null, "waterway": null, "z_order": 0 }, "bbox": [ 7.0931999, 50.7245624, 7.0932101, 50.7245767 ], "geometry": { "type": "LineString", "coordinates": [ [ 7.0932101, 50.7245767 ], [ 7.0931999, 50.7245624 ] ] } },
{ "type": "Feature", "id": "map — lines_890193463", "properties": { "barrier": "wall", "highway": null, "man_made": null, "name": null, "osm_id": "890193463", "other_tags": null, "source_layer": "map — lines", "aerialway": null, "waterway": null, "z_order": 0 }, "bbox": [ 7.0932275, 50.7245486, 7.0932463, 50.7245587 ], "geometry": { "type": "LineString", "coordinates": [ [ 7.0932275, 50.7245486 ], [ 7.0932463, 50.7245587 ] ] } },
{ "type": "Feature", "id": "map — lines_890193464", "properties": { "barrier": "wall", "highway": null, "man_made": null, "name": null, "osm_id": "890193464", "other_tags": null, "source_layer": "map — lines", "aerialway": null, "waterway": null, "z_order": 0 }, "bbox": [ 7.0932404, 50.7245282, 7.0932628, 50.7245299 ], "geometry": { "type": "LineString", "coordinates": [ [ 7.0932404, 50.7245282 ], [ 7.0932628, 50.7245299 ] ] } },
{ "type": "Feature", "id": "map — lines_890193465", "properties": { "barrier": "wall", "highway": null, "man_made": null, "name": null, "osm_id": "890193465", "other_tags": null, "source_layer": "map — lines", "aerialway": null, "waterway": null, "z_order": 0 }, "bbox": [ 7.0932355, 50.7245016, 7.0932558, 50.7245071 ], "geometry": { "type": "LineString", "coordinates": [ [ 7.0932355, 50.7245071 ], [ 7.0932558, 50.7245016 ] ] } },
{ "type": "Feature", "id": "map — lines_890193466", "properties": { "barrier": "wall", "highway": null, "man_made": null, "name": null, "osm_id": "890193466", "other_tags": null, "source_layer": "map — lines", "aerialway": null, "waterway": null, "z_order": 0 }, "bbox": [ 7.093214, 50.7244777, 7.0932266, 50.72449 ], "geometry": { "type": "LineString", "coordinates": [ [ 7.093214, 50.72449 ], [ 7.0932266, 50.7244777 ] ] } },
{ "type": "Feature", "id": "map — lines_890193467", "properties": { "barrier": "wall", "highway": null, "man_made": null, "name": null, "osm_id": "890193467", "other_tags": null, "source_layer": "map — lines", "aerialway": null, "waterway": null, "z_order": 0 }, "bbox": [ 7.0931827, 50.7244675, 7.0931835, 50.7244822 ], "geometry": { "type": "LineString", "coordinates": [ [ 7.0931835, 50.7244675 ], [ 7.0931827, 50.7244822 ] ] } },
{ "type": "Feature", "id": "map — lines_890193468", "properties": { "barrier": "wall", "highway": null, "man_made": null, "name": null, "osm_id": "890193468", "other_tags": null, "source_layer": "map — lines", "aerialway": null, "waterway": null, "z_order": 0 }, "bbox": [ 7.0931669, 50.7245662, 7.0931679, 50.7245811 ], "geometry": { "type": "LineString", "coordinates": [ [ 7.0931669, 50.7245811 ], [ 7.0931679, 50.7245662 ] ] } },
{ "type": "Feature", "id": "map — lines_892751679", "properties": { "barrier": null, "highway": "path", "man_made": null, "name": null, "osm_id": "892751679", "other_tags": "\"informal\"=>\"yes\",\"smoothness\"=>\"good\",\"surface\"=>\"compacted\"", "source_layer": "map — lines", "aerialway": null, "waterway": null, "z_order": 0 }, "bbox": [ 7.0925857, 50.7257557, 7.0927907, 50.7258587 ], "geometry": { "type": "LineString", "coordinates": [ [ 7.0927907, 50.7257557 ], [ 7.0925857, 50.7258587 ] ] } },
{ "type": "Feature", "id": "map — lines_997194294", "properties": { "barrier": null, "highway": "path", "man_made": null, "name": null, "osm_id": "997194294", "other_tags": "\"surface\"=>\"grass\"", "source_layer": "map — lines", "aerialway": null, "waterway": null, "z_order": 0 }, "bbox": [ 7.0906035, 50.7246457, 7.0908679, 50.7247765 ], "geometry": { "type": "LineString", "coordinates": [ [ 7.0906035, 50.7247765 ], [ 7.0906165, 50.7247701 ], [ 7.0908679, 50.7246457 ] ] } },
{ "type": "Feature", "id": "map — lines_1063586993", "properties": { "barrier": null, "highway": "service", "man_made": null, "name": null, "osm_id": "1063586993", "other_tags": "\"access\"=>\"permissive\",\"service\"=>\"driveway\",\"surface\"=>\"concrete:plates\"", "source_layer": "map — lines", "aerialway": null, "waterway": null, "z_order": 0 }, "bbox": [ 7.0902268, 50.7256128, 7.0904899, 50.72591 ], "geometry": { "type": "LineString", "coordinates": [ [ 7.0904039, 50.7256128 ], [ 7.0902268, 50.7257018 ], [ 7.0903788, 50.725823 ], [ 7.0904899, 50.72591 ] ] } },
{ "type": "Feature", "id": "map — lines_1063592843", "properties": { "barrier": null, "highway": "footway", "man_made": null, "name": null, "osm_id": "1063592843", "other_tags": "\"handrail\"=>\"both\",\"surface\"=>\"woodchips\",\"width\"=>\"1.5\"", "source_layer": "map — lines", "aerialway": null, "waterway": null, "z_order": 0 }, "bbox": [ 7.0920564, 50.7242987, 7.0925948, 50.7244251 ], "geometry": { "type": "LineString", "coordinates": [ [ 7.0925948, 50.7244251 ], [ 7.0925739, 50.7244124 ], [ 7.0925597, 50.7244064 ], [ 7.0925369, 50.7244059 ], [ 7.0925228, 50.7244119 ], [ 7.092507, 50.7244159 ], [ 7.0924945, 50.7244139 ], [ 7.0924834, 50.7244074 ], [ 7.0924795, 50.7244009 ], [ 7.092474, 50.724387 ], [ 7.0924716, 50.7243765 ], [ 7.0924709, 50.7243666 ], [ 7.0924693, 50.7243586 ], [ 7.0924669, 50.7243452 ], [ 7.0924591, 50.7243372 ], [ 7.0924512, 50.7243327 ], [ 7.0924378, 50.7243317 ], [ 7.0924276, 50.7243327 ], [ 7.0924127, 50.7243352 ], [ 7.0924017, 50.7243462 ], [ 7.0923969, 50.7243526 ], [ 7.0923914, 50.7243591 ], [ 7.0923859, 50.7243621 ], [ 7.0923726, 50.7243681 ], [ 7.0923576, 50.7243676 ], [ 7.0923403, 50.7243651 ], [ 7.0923309, 50.7243611 ], [ 7.0923144, 50.7243536 ], [ 7.0923104, 50.7243477 ], [ 7.0922994, 50.7243387 ], [ 7.0922876, 50.7243332 ], [ 7.0922711, 50.7243297 ], [ 7.0922546, 50.7243283 ], [ 7.0922436, 50.7243283 ], [ 7.0922278, 50.7243278 ], [ 7.0922035, 50.7243278 ], [ 7.0921862, 50.7243297 ], [ 7.0921728, 50.7243317 ], [ 7.0921579, 50.7243322 ], [ 7.0921468, 50.7243312 ], [ 7.0921327, 50.7243307 ], [ 7.0921177, 50.7243273 ], [ 7.0921059, 50.7243243 ], [ 7.0920886, 50.7243193 ], [ 7.0920564, 50.7242987 ] ] } },
{ "type": "Feature", "id": "map — lines_1093040384", "properties": { "barrier": null, "highway": "service", "man_made": null, "name": null, "osm_id": "1093040384", "other_tags": "\"access\"=>\"permissive\",\"service\"=>\"driveway\",\"surface\"=>\"sett\"", "source_layer": "map — lines", "aerialway": null, "waterway": null, "z_order": 0 }, "bbox": [ 7.0908287, 50.7255185, 7.0909981, 50.7256476 ], "geometry": { "type": "LineString", "coordinates": [ [ 7.0909981, 50.7256476 ], [ 7.090905, 50.7255772 ], [ 7.0908287, 50.7255185 ] ] } },
{ "type": "Feature", "id": "map — lines_1093040385", "properties": { "barrier": null, "highway": "service", "man_made": null, "name": null, "osm_id": "1093040385", "other_tags": "\"access\"=>\"permissive\",\"covered\"=>\"yes\",\"maxheight\"=>\"3\",\"service\"=>\"driveway\",\"surface\"=>\"sett\"", "source_layer": "map — lines", "aerialway": null, "waterway": null, "z_order": 0 }, "bbox": [ 7.0908033, 50.725498, 7.0908287, 50.7255185 ], "geometry": { "type": "LineString", "coordinates": [ [ 7.0908287, 50.7255185 ], [ 7.0908033, 50.725498 ] ] } },
{ "type": "Feature", "id": "map — lines_1105865288", "properties": { "barrier": null, "highway": "tertiary", "man_made": null, "name": "Meckenheimer Allee", "osm_id": "1105865288", "other_tags": "\"cycleway:left\"=>\"share_busway\",\"cycleway:right\"=>\"lane\",\"cycleway:right:lane\"=>\"advisory\",\"lanes\"=>\"2\",\"lit\"=>\"yes\",\"maxspeed\"=>\"50\",\"name:etymology:wikidata\"=>\"Q12464\",\"parking:both:restriction\"=>\"no_stopping\",\"ref\"=>\"K 1\",\"sidewalk:both\"=>\"separate\",\"sidewalk:left:sloped_curb\"=>\"0.1\",\"sidewalk:left:sloped_curb:end\"=>\"0.1\",\"sidewalk:left:smoothness\"=>\"good\",\"sidewalk:left:surface\"=>\"paving_stones\",\"sidewalk:left:width\"=>\"1.5\",\"sidewalk:right:sloped_curb\"=>\"0.1\",\"sidewalk:right:smoothness\"=>\"good\",\"sidewalk:right:surface\"=>\"paving_stones\",\"sidewalk:right:width\"=>\"2\",\"smoothness\"=>\"good\",\"source:maxspeed\"=>\"DE:urban\",\"surface\"=>\"asphalt\"", "source_layer": "map — lines", "aerialway": null, "waterway": null, "z_order": 4 }, "bbox": [ 7.09003, 50.7242372, 7.0902757, 50.7245426 ], "geometry": { "type": "LineString", "coordinates": [ [ 7.09003, 50.7242372 ], [ 7.0901745, 50.7244172 ], [ 7.0902757, 50.7245426 ] ] } },
{ "type": "Feature", "id": "map — lines_1143885098", "properties": { "barrier": null, "highway": "tertiary", "man_made": null, "name": "Meckenheimer Allee", "osm_id": "1143885098", "other_tags": "\"cycleway:both\"=>\"lane\",\"cycleway:both:lane\"=>\"advisory\",\"lanes\"=>\"2\",\"lit\"=>\"yes\",\"maxspeed\"=>\"50\",\"name:etymology:wikidata\"=>\"Q12464\",\"parking:right:markings\"=>\"yes\",\"parking:right:restriction\"=>\"no_stopping\",\"ref\"=>\"K 1\",\"sidewalk:both\"=>\"separate\",\"sidewalk:left:sloped_curb\"=>\"0.1\",\"sidewalk:left:sloped_curb:end\"=>\"0.1\",\"sidewalk:left:smoothness\"=>\"good\",\"sidewalk:left:surface\"=>\"paving_stones\",\"sidewalk:left:width\"=>\"1.5\",\"sidewalk:right:sloped_curb\"=>\"0.1\",\"sidewalk:right:smoothness\"=>\"good\",\"sidewalk:right:surface\"=>\"paving_stones\",\"sidewalk:right:width\"=>\"2\",\"smoothness\"=>\"good\",\"source:maxspeed\"=>\"DE:urban\",\"surface\"=>\"asphalt\"", "source_layer": "map — lines", "aerialway": null, "waterway": null, "z_order": 4 }, "bbox": [ 7.0909565, 50.7251373, 7.0913607, 50.7254601 ], "geometry": { "type": "LineString", "coordinates": [ [ 7.0909565, 50.7251373 ], [ 7.0913607, 50.7254601 ] ] } },
{ "type": "Feature", "id": "map — lines_1152411631", "properties": { "barrier": null, "highway": "residential", "man_made": null, "name": "Katzenburgweg", "osm_id": "1152411631", "other_tags": "\"lit\"=>\"yes\",\"maxspeed\"=>\"30\",\"oneway\"=>\"yes\",\"oneway:bicycle\"=>\"no\",\"parking:both\"=>\"no\",\"parking:both:restriction\"=>\"no_stopping\",\"sidewalk\"=>\"left\",\"sidewalk:left:surface\"=>\"paving_stones\",\"smoothness\"=>\"intermediate\",\"source:maxspeed\"=>\"DE:zone30\",\"surface\"=>\"asphalt\",\"width\"=>\"7\"", "source_layer": "map — lines", "aerialway": null, "waterway": null, "z_order": 3 }, "bbox": [ 7.090366, 50.7248734, 7.0906169, 50.7250027 ], "geometry": { "type": "LineString", "coordinates": [ [ 7.0906169, 50.7248734 ], [ 7.0905497, 50.7249081 ], [ 7.090516, 50.7249254 ], [ 7.090366, 50.7250027 ] ] } },
{ "type": "Feature", "id": "map — lines_1152460377", "properties": { "barrier": null, "highway": "residential", "man_made": null, "name": "Nußallee", "osm_id": "1152460377", "other_tags": "\"cycleway:both\"=>\"no\",\"lit\"=>\"yes\",\"maxspeed\"=>\"30\",\"maxweight\"=>\"3.5\",\"oneway\"=>\"no\",\"parking:both\"=>\"on_kerb\",\"parking:both:fee\"=>\"yes\",\"parking:both:orientation\"=>\"parallel\",\"parking:both:zone\"=>\"Universität Bonn\",\"sidewalk\"=>\"both\",\"sidewalk:right:smoothness\"=>\"good\",\"sidewalk:right:surface\"=>\"paving_stones\",\"sidewalk:right:width\"=>\"1.8\",\"smoothness\"=>\"good\",\"surface\"=>\"asphalt\",\"width\"=>\"7\"", "source_layer": "map — lines", "aerialway": null, "waterway": null, "z_order": 3 }, "bbox": [ 7.0904899, 50.7254601, 7.0913607, 50.72591 ], "geometry": { "type": "LineString", "coordinates": [ [ 7.0904899, 50.72591 ], [ 7.0909691, 50.7256624 ], [ 7.0909981, 50.7256476 ], [ 7.091136, 50.7255762 ], [ 7.0912727, 50.7255056 ], [ 7.091311, 50.7254858 ], [ 7.0913607, 50.7254601 ] ] } },
{ "type": "Feature", "id": "map — lines_1152460378", "properties": { "barrier": null, "highway": "residential", "man_made": null, "name": "Nußallee", "osm_id": "1152460378", "other_tags": "\"cycleway:both\"=>\"no\",\"lit\"=>\"yes\",\"maxspeed\"=>\"30\",\"maxweight\"=>\"3.5\",\"oneway\"=>\"no\",\"parking:both\"=>\"separate\",\"sidewalk\"=>\"both\",\"sidewalk:right:smoothness\"=>\"good\",\"sidewalk:right:surface\"=>\"paving_stones\",\"sidewalk:right:width\"=>\"1.8\",\"smoothness\"=>\"good\",\"surface\"=>\"asphalt\",\"width\"=>\"7\"", "source_layer": "map — lines", "aerialway": null, "waterway": null, "z_order": 3 }, "bbox": [ 7.0904538, 50.72591, 7.0904899, 50.7259287 ], "geometry": { "type": "LineString", "coordinates": [ [ 7.0904538, 50.7259287 ], [ 7.0904899, 50.72591 ] ] } },
{ "type": "Feature", "id": "map — lines_1156942134", "properties": { "barrier": null, "highway": "footway", "man_made": null, "name": null, "osm_id": "1156942134", "other_tags": "\"surface\"=>\"concrete\"", "source_layer": "map — lines", "aerialway": null, "waterway": null, "z_order": 0 }, "bbox": [ 7.090724, 50.7250709, 7.0907703, 50.7250825 ], "geometry": { "type": "LineString", "coordinates": [ [ 7.090724, 50.7250709 ], [ 7.0907353, 50.7250802 ], [ 7.0907403, 50.7250821 ], [ 7.0907456, 50.7250825 ], [ 7.0907502, 50.7250819 ], [ 7.090758, 50.7250784 ], [ 7.0907703, 50.7250717 ] ] } },
{ "type": "Feature", "id": "map — lines_1157354000", "properties": { "barrier": null, "highway": "service", "man_made": null, "name": null, "osm_id": "1157354000", "other_tags": "\"service\"=>\"driveway\"", "source_layer": "map — lines", "aerialway": null, "waterway": null, "z_order": 0 }, "bbox": [ 7.0914953, 50.7257137, 7.091677, 50.7258121 ], "geometry": { "type": "LineString", "coordinates": [ [ 7.091677, 50.7257137 ], [ 7.0916199, 50.7257446 ], [ 7.0914953, 50.7258121 ] ] } },
{ "type": "Feature", "id": "map — lines_1157604663", "properties": { "barrier": null, "highway": "tertiary", "man_made": null, "name": "Meckenheimer Allee", "osm_id": "1157604663", "other_tags": "\"cycleway:both\"=>\"lane\",\"cycleway:both:lane\"=>\"advisory\",\"lanes\"=>\"2\",\"lit\"=>\"yes\",\"maxspeed\"=>\"50\",\"name:etymology:wikidata\"=>\"Q12464\",\"parking:right:markings\"=>\"yes\",\"parking:right:restriction\"=>\"no_stopping\",\"ref\"=>\"K 1\",\"sidewalk:both\"=>\"separate\",\"sidewalk:left:sloped_curb\"=>\"0.1\",\"sidewalk:left:sloped_curb:end\"=>\"0.1\",\"sidewalk:left:smoothness\"=>\"good\",\"sidewalk:left:surface\"=>\"paving_stones\",\"sidewalk:left:width\"=>\"1.5\",\"sidewalk:right:sloped_curb\"=>\"0.1\",\"sidewalk:right:smoothness\"=>\"good\",\"sidewalk:right:surface\"=>\"paving_stones\",\"sidewalk:right:width\"=>\"2\",\"smoothness\"=>\"good\",\"source:maxspeed\"=>\"DE:urban\",\"surface\"=>\"asphalt\"", "source_layer": "map — lines", "aerialway": null, "waterway": null, "z_order": 4 }, "bbox": [ 7.0906169, 50.7248734, 7.0907185, 50.7249472 ], "geometry": { "type": "LineString", "coordinates": [ [ 7.0906169, 50.7248734 ], [ 7.0906832, 50.7249217 ], [ 7.0907185, 50.7249472 ] ] } },
{ "type": "Feature", "id": "map — lines_1184445244", "properties": { "barrier": null, "highway": "service", "man_made": null, "name": "Ferdinand-Weg", "osm_id": "1184445244", "other_tags": "\"surface\"=>\"fine_gravel\",\"width\"=>\"2.5\"", "source_layer": "map — lines", "aerialway": null, "waterway": null, "z_order": 0 }, "bbox": [ 7.0910838, 50.7248147, 7.0911064, 50.7248881 ], "geometry": { "type": "LineString", "coordinates": [ [ 7.0910838, 50.7248147 ], [ 7.0910916, 50.7248505 ], [ 7.0911064, 50.7248881 ] ] } },
{ "type": "Feature", "id": "map — lines_1184445383", "properties": { "barrier": null, "highway": "footway", "man_made": null, "name": null, "osm_id": "1184445383", "other_tags": "\"lit\"=>\"no\",\"surface\"=>\"paving_stones\",\"width\"=>\"2.5\"", "source_layer": "map — lines", "aerialway": null, "waterway": null, "z_order": 0 }, "bbox": [ 7.0913954, 50.7247114, 7.091437, 50.7247328 ], "geometry": { "type": "LineString", "coordinates": [ [ 7.0913954, 50.7247328 ], [ 7.091437, 50.7247114 ] ] } },
{ "type": "Feature", "id": "map — lines_1184447977", "properties": { "barrier": null, "highway": "footway", "man_made": null, "name": "Karsten-Schenk-Weg", "osm_id": "1184447977", "other_tags": "\"lit\"=>\"no\",\"surface\"=>\"fine_gravel\",\"width\"=>\"2.5\"", "source_layer": "map — lines", "aerialway": null, "waterway": null, "z_order": 0 }, "bbox": [ 7.0937648, 50.7249941, 7.093809, 50.7250032 ], "geometry": { "type": "LineString", "coordinates": [ [ 7.093809, 50.7250032 ], [ 7.0938023, 50.7250029 ], [ 7.0937648, 50.7249941 ] ] } },
{ "type": "Feature", "id": "map — lines_1184448598", "properties": { "barrier": null, "highway": "footway", "man_made": null, "name": "Karsten-Schenk-Weg", "osm_id": "1184448598", "other_tags": "\"lit\"=>\"no\",\"surface\"=>\"woodchips\",\"width\"=>\"2.5\"", "source_layer": "map — lines", "aerialway": null, "waterway": null, "z_order": 0 }, "bbox": [ 7.0937648, 50.7249941, 7.0938081, 50.7250244 ], "geometry": { "type": "LineString", "coordinates": [ [ 7.0937648, 50.7249941 ], [ 7.0938081, 50.7250244 ] ] } },
{ "type": "Feature", "id": "map — lines_1185590136", "properties": { "barrier": null, "highway": "footway", "man_made": null, "name": null, "osm_id": "1185590136", "other_tags": "\"lit\"=>\"no\",\"surface\"=>\"fine_gravel\",\"width\"=>\"2.5\"", "source_layer": "map — lines", "aerialway": null, "waterway": null, "z_order": 0 }, "bbox": [ 7.0920084, 50.7245457, 7.0920536, 50.7245673 ], "geometry": { "type": "LineString", "coordinates": [ [ 7.0920536, 50.7245457 ], [ 7.0920084, 50.7245673 ] ] } },
{ "type": "Feature", "id": "map — lines_1185590137", "properties": { "barrier": null, "highway": "steps", "man_made": null, "name": null, "osm_id": "1185590137", "other_tags": "\"handrail\"=>\"no\",\"incline\"=>\"up\",\"lit\"=>\"no\",\"ramp\"=>\"no\",\"step_count\"=>\"4\",\"surface\"=>\"sett\",\"tactile_paving\"=>\"no\",\"width\"=>\"2.5\"", "source_layer": "map — lines", "aerialway": null, "waterway": null, "z_order": 0 }, "bbox": [ 7.0920536, 50.7245372, 7.0920714, 50.7245457 ], "geometry": { "type": "LineString", "coordinates": [ [ 7.0920714, 50.7245372 ], [ 7.0920536, 50.7245457 ] ] } },
{ "type": "Feature", "id": "map — lines_1266443140", "properties": { "barrier": null, "highway": "platform", "man_made": null, "name": "Am Botanischen Garten", "osm_id": "1266443140", "other_tags": "\"bench\"=>\"yes\",\"bin\"=>\"yes\",\"bus\"=>\"yes\",\"lit\"=>\"yes\",\"local_ref\"=>\"B\",\"passenger_information_display\"=>\"yes\",\"public_transport\"=>\"platform\",\"ref\"=>\"B\",\"shelter\"=>\"yes\",\"surface\"=>\"paving_stones\",\"tactile_paving\"=>\"yes\",\"wheelchair\"=>\"yes\"", "source_layer": "map — lines", "aerialway": null, "waterway": null, "z_order": 0 }, "bbox": [ 7.0900831, 50.7244472, 7.0902151, 50.7246016 ], "geometry": { "type": "LineString", "coordinates": [ [ 7.0900831, 50.7244472 ], [ 7.0901375, 50.7245109 ], [ 7.0902151, 50.7246016 ] ] } },
{ "type": "Feature", "id": "map — lines_1286891585", "properties": { "barrier": null, "highway": null, "man_made": "embankment", "name": null, "osm_id": "1286891585", "other_tags": "\"material\"=>\"rock\"", "source_layer": "map — lines", "aerialway": null, "waterway": null, "z_order": 0 }, "bbox": [ 7.0936918, 50.7247013, 7.0938212, 50.7248619 ], "geometry": { "type": "LineString", "coordinates": [ [ 7.0938212, 50.7247013 ], [ 7.0938042, 50.724707 ], [ 7.0937655, 50.7247183 ], [ 7.0937302, 50.7247329 ], [ 7.0937135, 50.724745 ], [ 7.0936918, 50.7247737 ], [ 7.0936918, 50.7248 ], [ 7.093719, 50.7248247 ], [ 7.0937556, 50.7248384 ], [ 7.0938147, 50.7248619 ] ] } },
{ "type": "Feature", "id": "map — lines_1286891586", "properties": { "barrier": null, "highway": null, "man_made": "embankment", "name": null, "osm_id": "1286891586", "other_tags": "\"material\"=>\"rock\"", "source_layer": "map — lines", "aerialway": null, "waterway": null, "z_order": 0 }, "bbox": [ 7.0937286, 50.7247267, 7.0938202, 50.7248365 ], "geometry": { "type": "LineString", "coordinates": [ [ 7.0938158, 50.7248365 ], [ 7.0937812, 50.7248234 ], [ 7.0937535, 50.7248112 ], [ 7.0937347, 50.7247997 ], [ 7.0937286, 50.7247843 ], [ 7.0937342, 50.7247714 ], [ 7.0937444, 50.7247607 ], [ 7.0937557, 50.72475 ], [ 7.0937725, 50.724741 ], [ 7.0938202, 50.7247267 ] ] } },
{ "type": "Feature", "id": "map — lines_1333168535", "properties": { "barrier": null, "highway": "tertiary", "man_made": null, "name": "Meckenheimer Allee", "osm_id": "1333168535", "other_tags": "\"cycleway:left\"=>\"share_busway\",\"cycleway:right\"=>\"lane\",\"cycleway:right:lane\"=>\"advisory\",\"lanes\"=>\"2\",\"lit\"=>\"yes\",\"maxspeed\"=>\"50\",\"name:etymology:wikidata\"=>\"Q12464\",\"parking:both:restriction\"=>\"no_stopping\",\"ref\"=>\"K 1\",\"sidewalk:left\"=>\"yes\",\"sidewalk:left:sloped_curb\"=>\"0.1\",\"sidewalk:left:sloped_curb:end\"=>\"0.1\",\"sidewalk:left:smoothness\"=>\"good\",\"sidewalk:left:surface\"=>\"paving_stones\",\"sidewalk:left:width\"=>\"1.5\",\"sidewalk:right\"=>\"separate\",\"sidewalk:right:sloped_curb\"=>\"0.1\",\"sidewalk:right:smoothness\"=>\"good\",\"sidewalk:right:surface\"=>\"paving_stones\",\"sidewalk:right:width\"=>\"2\",\"smoothness\"=>\"good\",\"source:maxspeed\"=>\"DE:urban\",\"surface\"=>\"asphalt\"", "source_layer": "map — lines", "aerialway": null, "waterway": null, "z_order": 4 }, "bbox": [ 7.0902757, 50.7245426, 7.0903321, 50.7246125 ], "geometry": { "type": "LineString", "coordinates": [ [ 7.0902757, 50.7245426 ], [ 7.0903321, 50.7246125 ] ] } },
{ "type": "Feature", "id": "map — lines_1351011810", "properties": { "barrier": null, "highway": "footway", "man_made": null, "name": null, "osm_id": "1351011810", "other_tags": "\"footway\"=>\"sidewalk\",\"lit\"=>\"yes\",\"smoothness\"=>\"excellent\",\"surface\"=>\"paving_stones\"", "source_layer": "map — lines", "aerialway": null, "waterway": null, "z_order": 0 }, "bbox": [ 7.0917689, 50.7257114, 7.0920726, 50.7259552 ], "geometry": { "type": "LineString", "coordinates": [ [ 7.0920726, 50.7259552 ], [ 7.0917689, 50.7257114 ] ] } },
{ "type": "Feature", "id": "map — lines_1351011822", "properties": { "barrier": null, "highway": "footway", "man_made": null, "name": null, "osm_id": "1351011822", "other_tags": "\"footway\"=>\"sidewalk\",\"lit\"=>\"yes\",\"smoothness\"=>\"good\",\"surface\"=>\"paving_stones\"", "source_layer": "map — lines", "aerialway": null, "waterway": null, "z_order": 0 }, "bbox": [ 7.0916632, 50.725636, 7.0916767, 50.7256421 ], "geometry": { "type": "LineString", "coordinates": [ [ 7.0916767, 50.725636 ], [ 7.0916632, 50.7256421 ] ] } },
{ "type": "Feature", "id": "map — lines_1351011823", "properties": { "barrier": null, "highway": "footway", "man_made": null, "name": null, "osm_id": "1351011823", "other_tags": "\"crossing\"=>\"uncontrolled\",\"crossing:island\"=>\"no\",\"crossing:markings\"=>\"zebra\",\"footway\"=>\"crossing\",\"lit\"=>\"yes\",\"smoothness\"=>\"excellent\",\"surface\"=>\"asphalt\"", "source_layer": "map — lines", "aerialway": null, "waterway": null, "z_order": 0 }, "bbox": [ 7.0915753, 50.7256421, 7.0916632, 50.725686 ], "geometry": { "type": "LineString", "coordinates": [ [ 7.0916632, 50.7256421 ], [ 7.0916182, 50.7256662 ], [ 7.0915753, 50.725686 ] ] } },
{ "type": "Feature", "id": "map — lines_1351011824", "properties": { "barrier": null, "highway": "footway", "man_made": null, "name": null, "osm_id": "1351011824", "other_tags": "\"footway\"=>\"sidewalk\",\"lit\"=>\"yes\",\"surface\"=>\"paving_stones\"", "source_layer": "map — lines", "aerialway": null, "waterway": null, "z_order": 0 }, "bbox": [ 7.091558, 50.725686, 7.091874, 50.7259519 ], "geometry": { "type": "LineString", "coordinates": [ [ 7.091874, 50.7259519 ], [ 7.0918142, 50.7259002 ], [ 7.0916199, 50.7257446 ], [ 7.091558, 50.7256939 ], [ 7.0915753, 50.725686 ] ] } },
{ "type": "Feature", "id": "map — lines_1351011825", "properties": { "barrier": null, "highway": "footway", "man_made": null, "name": null, "osm_id": "1351011825", "other_tags": "\"footway\"=>\"sidewalk\",\"lit\"=>\"yes\",\"smoothness\"=>\"good\",\"surface\"=>\"paving_stones\"", "source_layer": "map — lines", "aerialway": null, "waterway": null, "z_order": 0 }, "bbox": [ 7.0915019, 50.7256481, 7.091558, 50.7256939 ], "geometry": { "type": "LineString", "coordinates": [ [ 7.091558, 50.7256939 ], [ 7.0915019, 50.7256481 ] ] } },
{ "type": "Feature", "id": "map — lines_1351015759", "properties": { "barrier": null, "highway": "tertiary", "man_made": null, "name": "Meckenheimer Allee", "osm_id": "1351015759", "other_tags": "\"cycleway:both\"=>\"lane\",\"cycleway:both:lane\"=>\"advisory\",\"lane_markings\"=>\"no\",\"lit\"=>\"yes\",\"maxspeed\"=>\"50\",\"name:etymology:wikidata\"=>\"Q12464\",\"parking:both\"=>\"no\",\"parking:right:restriction\"=>\"no_stopping\",\"ref\"=>\"K 1\",\"sidewalk:both\"=>\"separate\",\"sidewalk:left:smoothness\"=>\"good\",\"sidewalk:left:surface\"=>\"paving_stones\",\"sidewalk:left:width\"=>\"1.5\",\"sidewalk:right:smoothness\"=>\"good\",\"sidewalk:right:surface\"=>\"paving_stones\",\"sidewalk:right:width\"=>\"2\",\"smoothness\"=>\"good\",\"surface\"=>\"asphalt\"", "source_layer": "map — lines", "aerialway": null, "waterway": null, "z_order": 4 }, "bbox": [ 7.0913607, 50.7254601, 7.0915587, 50.7256189 ], "geometry": { "type": "LineString", "coordinates": [ [ 7.0913607, 50.7254601 ], [ 7.0915587, 50.7256189 ] ] } },
{ "type": "Feature", "id": "map — lines_1355429663", "properties": { "barrier": null, "highway": null, "man_made": null, "name": "Farnhaus", "osm_id": "1355429663", "other_tags": "\"building:part\"=>\"yes\"", "source_layer": "map — lines", "aerialway": null, "waterway": null, "z_order": 0 }, "bbox": [ 7.0908566, 50.724409, 7.0910675, 50.7245453 ], "geometry": { "type": "LineString", "coordinates": [ [ 7.0910675, 50.7244896 ], [ 7.090985, 50.7245323 ], [ 7.09096, 50.7245453 ], [ 7.0908566, 50.7244643 ], [ 7.0908843, 50.7244501 ], [ 7.0909641, 50.724409 ], [ 7.0910675, 50.7244896 ] ] } },
{ "type": "Feature", "id": "map — lines_1362283480", "properties": { "barrier": null, "highway": "footway", "man_made": null, "name": null, "osm_id": "1362283480", "other_tags": "\"footway\"=>\"sidewalk\",\"lit\"=>\"yes\",\"surface\"=>\"paving_stones\"", "source_layer": "map — lines", "aerialway": null, "waterway": null, "z_order": 0 }, "bbox": [ 7.0902151, 50.7246016, 7.091311, 50.7254858 ], "geometry": { "type": "LineString", "coordinates": [ [ 7.091311, 50.7254858 ], [ 7.0910237, 50.7252786 ], [ 7.0908233, 50.7251138 ], [ 7.0907703, 50.7250717 ], [ 7.0906549, 50.7249801 ], [ 7.0905778, 50.7249227 ], [ 7.0905497, 50.7249081 ], [ 7.0904944, 50.7248823 ], [ 7.0903132, 50.7247192 ], [ 7.0902385, 50.7246558 ], [ 7.0902151, 50.7246016 ] ] } },
{ "type": "Feature", "id": "map — lines_1362283481", "properties": { "barrier": null, "highway": "path", "man_made": null, "name": null, "osm_id": "1362283481", "other_tags": "\"foot\"=>\"yes\",\"surface\"=>\"paving_stones\"", "source_layer": "map — lines", "aerialway": null, "waterway": null, "z_order": 0 }, "bbox": [ 7.0902385, 50.7246125, 7.0903321, 50.7246558 ], "geometry": { "type": "LineString", "coordinates": [ [ 7.0902385, 50.7246558 ], [ 7.0903321, 50.7246125 ] ] } },
{ "type": "Feature", "id": "map — lines_1362283482", "properties": { "barrier": null, "highway": "footway", "man_made": null, "name": null, "osm_id": "1362283482", "other_tags": "\"footway\"=>\"sidewalk\",\"lit\"=>\"yes\",\"surface\"=>\"paving_stones\"", "source_layer": "map — lines", "aerialway": null, "waterway": null, "z_order": 0 }, "bbox": [ 7.0899614, 50.7242682, 7.0900831, 50.7244472 ], "geometry": { "type": "LineString", "coordinates": [ [ 7.0900831, 50.7244472 ], [ 7.0899614, 50.7242962 ], [ 7.0899663, 50.7242682 ] ] } },
{ "type": "Feature", "id": "map — lines_1368399643", "properties": { "barrier": null, "highway": "footway", "man_made": null, "name": null, "osm_id": "1368399643", "other_tags": "\"footway\"=>\"sidewalk\",\"lit\"=>\"yes\",\"smoothness\"=>\"good\",\"surface\"=>\"paving_stones\"", "source_layer": "map — lines", "aerialway": null, "waterway": null, "z_order": 0 }, "bbox": [ 7.091311, 50.7254858, 7.0915019, 50.7256481 ], "geometry": { "type": "LineString", "coordinates": [ [ 7.0915019, 50.7256481 ], [ 7.0913557, 50.7255339 ], [ 7.091311, 50.7254858 ] ] } },
{ "type": "Feature", "id": "map — lines_1368399646", "properties": { "barrier": null, "highway": "tertiary", "man_made": null, "name": "Meckenheimer Allee", "osm_id": "1368399646", "other_tags": "\"cycleway:both\"=>\"lane\",\"cycleway:both:lane\"=>\"advisory\",\"lanes\"=>\"2\",\"lit\"=>\"yes\",\"maxspeed\"=>\"50\",\"name:etymology:wikidata\"=>\"Q12464\",\"parking:left\"=>\"on_kerb\",\"parking:left:orientation\"=>\"parallel\",\"parking:right\"=>\"no\",\"parking:right:markings\"=>\"yes\",\"parking:right:restriction\"=>\"no_stopping\",\"ref\"=>\"K 1\",\"sidewalk:both\"=>\"separate\",\"sidewalk:left:sloped_curb\"=>\"0.1\",\"sidewalk:left:sloped_curb:end\"=>\"0.1\",\"sidewalk:left:smoothness\"=>\"good\",\"sidewalk:left:surface\"=>\"paving_stones\",\"sidewalk:left:width\"=>\"1.5\",\"sidewalk:right:sloped_curb\"=>\"0.1\",\"sidewalk:right:smoothness\"=>\"good\",\"sidewalk:right:surface\"=>\"paving_stones\",\"sidewalk:right:width\"=>\"2\",\"smoothness\"=>\"good\",\"source:maxspeed\"=>\"DE:urban\",\"surface\"=>\"asphalt\"", "source_layer": "map — lines", "aerialway": null, "waterway": null, "z_order": 4 }, "bbox": [ 7.0907185, 50.7249472, 7.0909565, 50.7251373 ], "geometry": { "type": "LineString", "coordinates": [ [ 7.0907185, 50.7249472 ], [ 7.0909565, 50.7251373 ] ] } },
{ "type": "Feature", "id": "map — lines_1395930672", "properties": { "barrier": null, "highway": "footway", "man_made": null, "name": null, "osm_id": "1395930672", "other_tags": "\"lit\"=>\"no\",\"smoothness\"=>\"intermediate\",\"surface\"=>\"paving_stones\",\"width\"=>\"2.5\"", "source_layer": "map — lines", "aerialway": null, "waterway": null, "z_order": 0 }, "bbox": [ 7.0914659, 50.7245684, 7.0914986, 50.7245951 ], "geometry": { "type": "LineString", "coordinates": [ [ 7.0914986, 50.7245951 ], [ 7.091489, 50.7245872 ], [ 7.0914659, 50.7245684 ] ] } },
{ "type": "Feature", "id": "map — lines_1395930673", "properties": { "barrier": null, "highway": "footway", "man_made": null, "name": null, "osm_id": "1395930673", "other_tags": "\"access\"=>\"permissive\",\"lit\"=>\"no\",\"smoothness\"=>\"intermediate\",\"surface\"=>\"paving_stones\",\"width\"=>\"2.5\"", "source_layer": "map — lines", "aerialway": null, "waterway": null, "z_order": 0 }, "bbox": [ 7.0916956, 50.7245588, 7.0917407, 50.724581 ], "geometry": { "type": "LineString", "coordinates": [ [ 7.0916956, 50.724581 ], [ 7.0917086, 50.7245746 ], [ 7.0917407, 50.7245588 ] ] } },
{ "type": "Feature", "id": "map — lines_1395930674", "properties": { "barrier": null, "highway": "footway", "man_made": null, "name": null, "osm_id": "1395930674", "other_tags": "\"lit\"=>\"no\",\"surface\"=>\"compacted\",\"width\"=>\"2.5\"", "source_layer": "map — lines", "aerialway": null, "waterway": null, "z_order": 0 }, "bbox": [ 7.0913765, 50.7247328, 7.0913954, 50.7247426 ], "geometry": { "type": "LineString", "coordinates": [ [ 7.0913765, 50.7247426 ], [ 7.0913954, 50.7247328 ] ] } },
{ "type": "Feature", "id": "map — lines_1395930675", "properties": { "barrier": null, "highway": "footway", "man_made": null, "name": null, "osm_id": "1395930675", "other_tags": "\"lit\"=>\"no\",\"surface\"=>\"compacted\",\"width\"=>\"2.5\"", "source_layer": "map — lines", "aerialway": null, "waterway": null, "z_order": 0 }, "bbox": [ 7.0916372, 50.7247026, 7.0916463, 50.7247102 ], "geometry": { "type": "LineString", "coordinates": [ [ 7.0916463, 50.7247102 ], [ 7.0916372, 50.7247026 ] ] } },
{ "type": "Feature", "id": "map — lines_1395930676", "properties": { "barrier": null, "highway": "footway", "man_made": null, "name": "Ferdinand-Weg", "osm_id": "1395930676", "other_tags": "\"access\"=>\"permissive\",\"bicycle\"=>\"no\",\"surface\"=>\"compacted\",\"width\"=>\"3.5\"", "source_layer": "map — lines", "aerialway": null, "waterway": null, "z_order": 0 }, "bbox": [ 7.0910236, 50.7248881, 7.0911064, 50.7249277 ], "geometry": { "type": "LineString", "coordinates": [ [ 7.0911064, 50.7248881 ], [ 7.0910236, 50.7249277 ] ] } },
{ "type": "Feature", "id": "map — lines_1395930677", "properties": { "barrier": null, "highway": "path", "man_made": null, "name": null, "osm_id": "1395930677", "other_tags": "\"access\"=>\"permissive\",\"bicycle\"=>\"no\",\"motor_vehicle\"=>\"no\",\"sac_scale\"=>\"strolling\",\"surface\"=>\"asphalt\"", "source_layer": "map — lines", "aerialway": null, "waterway": null, "z_order": 0 }, "bbox": [ 7.0933303, 50.7254303, 7.0934281, 50.7254777 ], "geometry": { "type": "LineString", "coordinates": [ [ 7.0934281, 50.7254303 ], [ 7.0933303, 50.7254777 ] ] } },
{ "type": "Feature", "id": "map — lines_1395930678", "properties": { "barrier": null, "highway": "footway", "man_made": null, "name": "Ferdinand-Weg", "osm_id": "1395930678", "other_tags": "\"access\"=>\"permissive\",\"bicycle\"=>\"no\",\"surface\"=>\"paving_stones\",\"width\"=>\"3.5\"", "source_layer": "map — lines", "aerialway": null, "waterway": null, "z_order": 0 }, "bbox": [ 7.0908875, 50.7249928, 7.0909085, 50.7250047 ], "geometry": { "type": "LineString", "coordinates": [ [ 7.0909085, 50.7249928 ], [ 7.0908875, 50.7250047 ] ] } },
{ "type": "Feature", "id": "map — lines_1557193049", "properties": { "barrier": null, "highway": "path", "man_made": null, "name": null, "osm_id": "1557193049", "other_tags": null, "source_layer": "map — lines", "aerialway": null, "waterway": null, "z_order": 0 }, "bbox": [ 7.0912926, 50.7247268, 7.0916752, 50.7249963 ], "geometry": { "type": "LineString", "coordinates": [ [ 7.0916699, 50.7247268 ], [ 7.0916752, 50.7247304 ], [ 7.0916543, 50.7247428 ], [ 7.0916469, 50.7247497 ], [ 7.0916491, 50.7247589 ], [ 7.0916559, 50.7247703 ], [ 7.0916635, 50.7247883 ], [ 7.0916649, 50.7247984 ], [ 7.0916483, 50.7248006 ], [ 7.0916233, 50.7248067 ], [ 7.0915997, 50.7248155 ], [ 7.0915776, 50.7248291 ], [ 7.0915568, 50.7248423 ], [ 7.0915304, 50.7248607 ], [ 7.0914922, 50.7248858 ], [ 7.0914694, 50.7248954 ], [ 7.0914458, 50.7249085 ], [ 7.0914188, 50.7249151 ], [ 7.0913744, 50.7249279 ], [ 7.091355, 50.7249366 ], [ 7.0913301, 50.7249516 ], [ 7.091312, 50.7249739 ], [ 7.0912926, 50.7249963 ] ] } },
{ "type": "Feature", "id": "map — lines_1557193050", "properties": { "barrier": null, "highway": "path", "man_made": null, "name": null, "osm_id": "1557193050", "other_tags": null, "source_layer": "map — lines", "aerialway": null, "waterway": null, "z_order": 0 }, "bbox": [ 7.0912588, 50.7250021, 7.0912802, 50.725012 ], "geometry": { "type": "LineString", "coordinates": [ [ 7.0912802, 50.7250021 ], [ 7.0912588, 50.725012 ] ] } },
{ "type": "Feature", "id": "map — lines_1557193051", "properties": { "barrier": null, "highway": "steps", "man_made": null, "name": null, "osm_id": "1557193051", "other_tags": null, "source_layer": "map — lines", "aerialway": null, "waterway": null, "z_order": 0 }, "bbox": [ 7.0912802, 50.7249963, 7.0912926, 50.7250021 ], "geometry": { "type": "LineString", "coordinates": [ [ 7.0912926, 50.7249963 ], [ 7.0912802, 50.7250021 ] ] } },
{ "type": "Feature", "id": "map — lines_1557193052", "properties": { "barrier": null, "highway": "steps", "man_made": null, "name": null, "osm_id": "1557193052", "other_tags": null, "source_layer": "map — lines", "aerialway": null, "waterway": null, "z_order": 0 }, "bbox": [ 7.0916463, 50.7247102, 7.0916699, 50.7247268 ], "geometry": { "type": "LineString", "coordinates": [ [ 7.0916463, 50.7247102 ], [ 7.0916699, 50.7247268 ] ] } },
{ "type": "Feature", "id": "map — lines_1557193053", "properties": { "barrier": null, "highway": "path", "man_made": null, "name": null, "osm_id": "1557193053", "other_tags": null, "source_layer": "map — lines", "aerialway": null, "waterway": null, "z_order": 0 }, "bbox": [ 7.0916649, 50.7247141, 7.0918095, 50.7248317 ], "geometry": { "type": "LineString", "coordinates": [ [ 7.0916752, 50.7247304 ], [ 7.091701, 50.7247172 ], [ 7.0917162, 50.7247141 ], [ 7.091744, 50.7247211 ], [ 7.0917835, 50.7247438 ], [ 7.0918095, 50.7247699 ], [ 7.0918049, 50.7247863 ], [ 7.0917592, 50.7248173 ], [ 7.0917266, 50.7248317 ], [ 7.0917093, 50.7248295 ], [ 7.0916649, 50.7247984 ] ] } },
{ "type": "Feature", "id": "map — lines_1557193054", "properties": { "barrier": null, "highway": "path", "man_made": null, "name": null, "osm_id": "1557193054", "other_tags": null, "source_layer": "map — lines", "aerialway": null, "waterway": null, "z_order": 0 }, "bbox": [ 7.0914458, 50.7248295, 7.0917093, 50.7249479 ], "geometry": { "type": "LineString", "coordinates": [ [ 7.0917093, 50.7248295 ], [ 7.0916816, 50.7248392 ], [ 7.091642, 50.7248589 ], [ 7.0915623, 50.7249015 ], [ 7.0914892, 50.7249462 ], [ 7.0914708, 50.7249479 ], [ 7.0914542, 50.7249393 ], [ 7.0914458, 50.7249085 ] ] } },
{ "type": "Feature", "id": "map — lines_1557193055", "properties": { "barrier": null, "highway": "path", "man_made": null, "name": null, "osm_id": "1557193055", "other_tags": null, "source_layer": "map — lines", "aerialway": null, "waterway": null, "z_order": 0 }, "bbox": [ 7.0914535, 50.7248822, 7.0914694, 50.7248954 ], "geometry": { "type": "LineString", "coordinates": [ [ 7.0914694, 50.7248954 ], [ 7.0914535, 50.7248822 ] ] } },
{ "type": "Feature", "id": "map — lines_1557193056", "properties": { "barrier": null, "highway": "steps", "man_made": null, "name": null, "osm_id": "1557193056", "other_tags": null, "source_layer": "map — lines", "aerialway": null, "waterway": null, "z_order": 0 }, "bbox": [ 7.0914357, 50.7248687, 7.0914535, 50.7248822 ], "geometry": { "type": "LineString", "coordinates": [ [ 7.0914535, 50.7248822 ], [ 7.0914357, 50.7248687 ] ] } },
{ "type": "Feature", "id": "map — lines_1557193057", "properties": { "barrier": null, "highway": "path", "man_made": null, "name": null, "osm_id": "1557193057", "other_tags": null, "source_layer": "map — lines", "aerialway": null, "waterway": null, "z_order": 0 }, "bbox": [ 7.0915377, 50.7247589, 7.0916491, 50.7248423 ], "geometry": { "type": "LineString", "coordinates": [ [ 7.0915568, 50.7248423 ], [ 7.0915457, 50.7248319 ], [ 7.0915387, 50.724819 ], [ 7.0915377, 50.7248067 ], [ 7.0915507, 50.7247934 ], [ 7.0915726, 50.7247805 ], [ 7.091596, 50.7247701 ], [ 7.0916279, 50.7247616 ], [ 7.0916491, 50.7247589 ] ] } },
{ "type": "Feature", "id": "map — lines_1557193058", "properties": { "barrier": null, "highway": "path", "man_made": null, "name": null, "osm_id": "1557193058", "other_tags": null, "source_layer": "map — lines", "aerialway": null, "waterway": null, "z_order": 0 }, "bbox": [ 7.091744, 50.724659, 7.0918537, 50.7247438 ], "geometry": { "type": "LineString", "coordinates": [ [ 7.091744, 50.7247211 ], [ 7.091751, 50.7247035 ], [ 7.091761, 50.7246839 ], [ 7.0917705, 50.7246749 ], [ 7.0917879, 50.7246672 ], [ 7.0918176, 50.724659 ], [ 7.0918343, 50.7246596 ], [ 7.0918457, 50.7246666 ], [ 7.0918537, 50.7246745 ], [ 7.0918383, 50.7246858 ], [ 7.0918228, 50.7247038 ], [ 7.0918044, 50.7247259 ], [ 7.0917835, 50.7247438 ] ] } },
{ "type": "Feature", "id": "map — lines_1557193059", "properties": { "barrier": null, "highway": "path", "man_made": null, "name": null, "osm_id": "1557193059", "other_tags": null, "source_layer": "map — lines", "aerialway": null, "waterway": null, "z_order": 0 }, "bbox": [ 7.0918095, 50.7246312, 7.0920437, 50.7247699 ], "geometry": { "type": "LineString", "coordinates": [ [ 7.0918095, 50.7247699 ], [ 7.0918346, 50.7247578 ], [ 7.0918775, 50.7247329 ], [ 7.0918944, 50.7247209 ], [ 7.0919159, 50.7247101 ], [ 7.0919832, 50.7246838 ], [ 7.0920369, 50.7246621 ], [ 7.0920437, 50.7246498 ], [ 7.0920278, 50.7246316 ], [ 7.0919995, 50.7246312 ], [ 7.0919488, 50.7246461 ], [ 7.0919054, 50.7246593 ], [ 7.0918537, 50.7246745 ] ] } },
{ "type": "Feature", "id": "map — multipolygons_1934665", "properties": { "barrier": null, "man_made": null, "name": "Poppelsdorfer Schloss", "osm_id": "1934665", "other_tags": "\"addr:city\"=>\"Bonn\",\"addr:country\"=>\"DE\",\"addr:housenumber\"=>\"169\",\"addr:postcode\"=>\"53115\",\"addr:street\"=>\"Meckenheimer Allee\",\"architect\"=>\"Robert de Cotte\",\"architect:wikidata\"=>\"Q568839\",\"building:architecture\"=>\"baroque\",\"building:colour\"=>\"yellow\",\"building:levels\"=>\"2\",\"castle_type\"=>\"stately\",\"height\"=>\"14.5\",\"heritage\"=>\"8\",\"heritage:operator\"=>\"UntereDenkmalbehörde\",\"heritage:ref\"=>\"A 472\",\"loc_name\"=>\"Poppelsdorfer Schloss\",\"name:de\"=>\"Poppelsdorfer Schloss\",\"name:en\"=>\"Poppelsdorf Palace\",\"name:tr\"=>\"Poppelsdorf Köşkü\",\"old_name\"=>\"Schloss Clemensruhe\",\"roof:colour\"=>\"black\",\"roof:levels\"=>\"1\",\"roof:shape\"=>\"mansard\",\"start_date\"=>\"1715 / 1740\",\"wheelchair\"=>\"limited\",\"wikidata\"=>\"Q884433\",\"wikimedia_commons\"=>\"Category:Poppelsdorfer Schloss\",\"wikipedia\"=>\"de:Poppelsdorfer Schloss\"", "place": null, "source_layer": "map — multipolygons", "type": "multipolygon", "admin_level": null, "aeroway": null, "amenity": null, "boundary": null, "building": "yes", "craft": null, "geological": null, "historic": "yes", "land_area": null, "landuse": null, "leisure": null, "military": null, "natural": null, "office": null, "osm_way_id": null, "shop": null, "sport": null, "tourism": "attraction" }, "bbox": [ 7.0914079, 50.7246288, 7.0928044, 50.7255162 ], "geometry": { "type": "Polygon", "coordinates": [ [ [ 7.0915254, 50.7251183 ], [ 7.0914079, 50.725026 ], [ 7.091554, 50.724951 ], [ 7.0915609, 50.7249564 ], [ 7.0917188, 50.7248736 ], [ 7.0918748, 50.7247953 ], [ 7.0920427, 50.7247091 ], [ 7.0920348, 50.7247029 ], [ 7.0921792, 50.7246288 ], [ 7.0922379, 50.7246734 ], [ 7.0922965, 50.724721 ], [ 7.0922877, 50.7247255 ], [ 7.092423, 50.7248318 ], [ 7.0924316, 50.7248274 ], [ 7.0924375, 50.7248319 ], [ 7.0924457, 50.7248277 ], [ 7.0924552, 50.7248353 ], [ 7.0924471, 50.7248395 ], [ 7.0924709, 50.7248582 ], [ 7.092479, 50.7248541 ], [ 7.0924885, 50.7248615 ], [ 7.0924804, 50.7248657 ], [ 7.0925045, 50.7248847 ], [ 7.0925126, 50.7248806 ], [ 7.0925236, 50.7248892 ], [ 7.0925156, 50.7248934 ], [ 7.0925399, 50.7249125 ], [ 7.0925479, 50.7249084 ], [ 7.0925569, 50.7249155 ], [ 7.0925489, 50.7249196 ], [ 7.0925551, 50.7249245 ], [ 7.0925458, 50.7249293 ], [ 7.0926798, 50.7250346 ], [ 7.092689, 50.7250299 ], [ 7.0928044, 50.7251207 ], [ 7.0926594, 50.7251952 ], [ 7.0926539, 50.7251907 ], [ 7.0924886, 50.7252755 ], [ 7.0924942, 50.72528 ], [ 7.0924871, 50.7252835 ], [ 7.0924926, 50.7252879 ], [ 7.0924811, 50.7252937 ], [ 7.0924757, 50.7252895 ], [ 7.0924537, 50.7253007 ], [ 7.0924591, 50.7253051 ], [ 7.0924471, 50.7253112 ], [ 7.0924417, 50.7253069 ], [ 7.0924201, 50.7253173 ], [ 7.092395, 50.7253308 ], [ 7.0924005, 50.7253352 ], [ 7.0923879, 50.7253417 ], [ 7.0923824, 50.7253373 ], [ 7.0923633, 50.7253471 ], [ 7.0923688, 50.7253515 ], [ 7.0923562, 50.725358 ], [ 7.0923507, 50.7253536 ], [ 7.0923425, 50.7253578 ], [ 7.0923368, 50.7253533 ], [ 7.0921706, 50.7254386 ], [ 7.0921763, 50.7254431 ], [ 7.0920326, 50.7255162 ], [ 7.091919, 50.7254269 ], [ 7.0919266, 50.7254229 ], [ 7.0919195, 50.7254173 ], [ 7.0919243, 50.7254148 ], [ 7.0919033, 50.7253983 ], [ 7.0918983, 50.7254008 ], [ 7.0918875, 50.7253923 ], [ 7.0918923, 50.7253898 ], [ 7.0918701, 50.7253723 ], [ 7.0918651, 50.7253748 ], [ 7.0918534, 50.7253657 ], [ 7.0918583, 50.7253632 ], [ 7.0918366, 50.7253461 ], [ 7.0918317, 50.7253487 ], [ 7.0918195, 50.7253391 ], [ 7.0918243, 50.7253366 ], [ 7.0918025, 50.7253194 ], [ 7.0917975, 50.7253219 ], [ 7.0917893, 50.7253155 ], [ 7.0917818, 50.7253194 ], [ 7.0917755, 50.7253145 ], [ 7.0917701, 50.7253171 ], [ 7.0917599, 50.7253092 ], [ 7.0917653, 50.7253064 ], [ 7.0917427, 50.7252887 ], [ 7.0917371, 50.7252916 ], [ 7.091728, 50.7252845 ], [ 7.0917335, 50.7252816 ], [ 7.0917093, 50.7252625 ], [ 7.0917033, 50.7252656 ], [ 7.0916934, 50.7252578 ], [ 7.0916994, 50.7252547 ], [ 7.0916769, 50.7252371 ], [ 7.0916705, 50.7252403 ], [ 7.0916609, 50.7252327 ], [ 7.0916671, 50.7252295 ], [ 7.0916612, 50.7252248 ], [ 7.0916684, 50.7252211 ], [ 7.0916599, 50.7252144 ], [ 7.0916649, 50.7252118 ], [ 7.0916455, 50.7251965 ], [ 7.0916404, 50.7251992 ], [ 7.0916276, 50.7251891 ], [ 7.0916326, 50.7251865 ], [ 7.0916116, 50.72517 ], [ 7.0916064, 50.7251726 ], [ 7.0915949, 50.7251636 ], [ 7.0915999, 50.7251609 ], [ 7.0915793, 50.7251448 ], [ 7.0915741, 50.7251474 ], [ 7.0915623, 50.7251381 ], [ 7.0915673, 50.7251354 ], [ 7.0915467, 50.7251193 ], [ 7.0915416, 50.7251219 ], [ 7.0915324, 50.7251147 ], [ 7.0915254, 50.7251183 ] ], [ [ 7.092432, 50.7250925 ], [ 7.0924272, 50.7251171 ], [ 7.0924694, 50.7251499 ], [ 7.092517, 50.7251253 ], [ 7.0924432, 50.7250681 ], [ 7.0924326, 50.7250736 ], [ 7.092432, 50.7250925 ] ], [ [ 7.0920245, 50.7248535 ], [ 7.0920456, 50.7248702 ], [ 7.0920631, 50.7248682 ], [ 7.0920829, 50.7248669 ], [ 7.0921059, 50.7248666 ], [ 7.0921302, 50.7248667 ], [ 7.0921544, 50.724869 ], [ 7.092175, 50.7248715 ], [ 7.0921861, 50.7248659 ], [ 7.0921137, 50.7248085 ], [ 7.0920245, 50.7248535 ] ], [ [ 7.0917667, 50.7250832 ], [ 7.0917807, 50.7250761 ], [ 7.0917813, 50.7250654 ], [ 7.0917832, 50.7250476 ], [ 7.0917873, 50.7250296 ], [ 7.0917478, 50.7249982 ], [ 7.091694, 50.7250254 ], [ 7.0917667, 50.7250832 ] ], [ [ 7.0920564, 50.7252784 ], [ 7.0920387, 50.7252752 ], [ 7.0920237, 50.7252829 ], [ 7.0920985, 50.725341 ], [ 7.0921513, 50.7253138 ], [ 7.0921088, 50.7252807 ], [ 7.0920859, 50.7252803 ], [ 7.0920564, 50.7252784 ] ], [ [ 7.092236, 50.7252088 ], [ 7.0922658, 50.7251955 ], [ 7.0922853, 50.7251841 ], [ 7.0922814, 50.7251817 ], [ 7.092298, 50.7251696 ], [ 7.0923023, 50.7251718 ], [ 7.0923243, 50.7251512 ], [ 7.0923437, 50.7251235 ], [ 7.092354, 50.7250956 ], [ 7.0923565, 50.7250752 ], [ 7.0923531, 50.7250477 ], [ 7.0923463, 50.725029 ], [ 7.092329, 50.7250016 ], [ 7.0923213, 50.7250044 ], [ 7.0923058, 50.7249883 ], [ 7.0923133, 50.7249848 ], [ 7.0922867, 50.724964 ], [ 7.0922816, 50.7249679 ], [ 7.0922613, 50.7249558 ], [ 7.0922666, 50.7249522 ], [ 7.0922427, 50.7249411 ], [ 7.0922191, 50.7249325 ], [ 7.0921862, 50.7249238 ], [ 7.0921593, 50.7249195 ], [ 7.092134, 50.7249166 ], [ 7.0920927, 50.7249159 ], [ 7.0920651, 50.7249179 ], [ 7.0920216, 50.7249252 ], [ 7.0919915, 50.7249336 ], [ 7.0919949, 50.7249374 ], [ 7.0919707, 50.7249464 ], [ 7.0919669, 50.7249429 ], [ 7.091942, 50.7249551 ], [ 7.091932, 50.724961 ], [ 7.0919373, 50.7249645 ], [ 7.09192, 50.7249762 ], [ 7.0919143, 50.7249732 ], [ 7.0918932, 50.7249921 ], [ 7.0918829, 50.7250037 ], [ 7.0918757, 50.7250143 ], [ 7.0918691, 50.7250259 ], [ 7.0918644, 50.7250367 ], [ 7.0918598, 50.7250542 ], [ 7.0918576, 50.7250694 ], [ 7.0918581, 50.7250851 ], [ 7.0918599, 50.7250956 ], [ 7.0918644, 50.7251102 ], [ 7.0918695, 50.725122 ], [ 7.0918783, 50.7251361 ], [ 7.0918866, 50.7251476 ], [ 7.0918936, 50.7251449 ], [ 7.0919074, 50.7251597 ], [ 7.091901, 50.7251628 ], [ 7.0919159, 50.7251752 ], [ 7.0919278, 50.7251835 ], [ 7.0919336, 50.7251797 ], [ 7.0919554, 50.7251927 ], [ 7.0919505, 50.7251967 ], [ 7.091985, 50.7252114 ], [ 7.0920082, 50.7252187 ], [ 7.0920282, 50.7252235 ], [ 7.0920682, 50.7252296 ], [ 7.0920945, 50.7252314 ], [ 7.0921179, 50.7252314 ], [ 7.0921457, 50.7252296 ], [ 7.0921662, 50.725227 ], [ 7.092192, 50.7252221 ], [ 7.0922118, 50.7252169 ], [ 7.0922091, 50.7252143 ], [ 7.0922327, 50.7252058 ], [ 7.092236, 50.7252088 ] ] ] } },
{ "type": "Feature", "id": "map — multipolygons_12027513", "properties": { "barrier": null, "man_made": null, "name": null, "osm_id": "12027513", "other_tags": "\"access\"=>\"private\",\"parking\"=>\"street_side\"", "place": null, "source_layer": "map — multipolygons", "type": "multipolygon", "admin_level": null, "aeroway": null, "amenity": "parking", "boundary": null, "building": null, "craft": null, "geological": null, "historic": null, "land_area": null, "landuse": null, "leisure": null, "military": null, "natural": null, "office": null, "osm_way_id": null, "shop": null, "sport": null, "tourism": null }, "bbox": [ 7.090213, 50.7258766, 7.0903546, 50.7259266 ], "geometry": { "type": "Polygon", "coordinates": [ [ [ 7.0903277, 50.7259266 ], [ 7.090213, 50.7259247 ], [ 7.0903078, 50.7258766 ], [ 7.0903546, 50.7259137 ], [ 7.0903277, 50.7259266 ] ] ] } },
{ "type": "Feature", "id": "map — multipolygons_25066698", "properties": { "barrier": null, "man_made": null, "name": "Institut für Geodäsie und Geoinformation", "osm_id": null, "other_tags": "\"addr:city\"=>\"Bonn\",\"addr:country\"=>\"DE\",\"addr:housenumber\"=>\"172\",\"addr:postcode\"=>\"53115\",\"addr:street\"=>\"Meckenheimer Allee\",\"building:levels\"=>\"3.5\",\"heritage\"=>\"8\",\"heritage:operator\"=>\"UntereDenkmalbehörde\",\"heritage:ref\"=>\"A 167\",\"operator\"=>\"Universität Bonn\",\"short_name\"=>\"IGG\",\"wheelchair\"=>\"no\"", "place": null, "source_layer": "map — multipolygons", "type": null, "admin_level": null, "aeroway": null, "amenity": null, "boundary": null, "building": "university", "craft": null, "geological": null, "historic": null, "land_area": null, "landuse": null, "leisure": null, "military": null, "natural": null, "office": null, "osm_way_id": "25066698", "shop": null, "sport": null, "tourism": null }, "bbox": [ 7.0907219, 50.7251568, 7.0912306, 50.7255688 ], "geometry": { "type": "Polygon", "coordinates": [ [ [ 7.0908122, 50.7254236 ], [ 7.0907858, 50.7254028 ], [ 7.0908113, 50.7253899 ], [ 7.0907867, 50.7253705 ], [ 7.0908575, 50.7253345 ], [ 7.0908037, 50.7252921 ], [ 7.090802, 50.725293 ], [ 7.0907219, 50.7252298 ], [ 7.0907299, 50.7252257 ], [ 7.0908147, 50.7251824 ], [ 7.090861, 50.7251568 ], [ 7.0909401, 50.7252191 ], [ 7.090937, 50.7252207 ], [ 7.0910489, 50.7253089 ], [ 7.091145, 50.7253846 ], [ 7.0911485, 50.7253828 ], [ 7.0912306, 50.7254475 ], [ 7.0909964, 50.7255688 ], [ 7.0909676, 50.7255461 ], [ 7.0908917, 50.7254863 ], [ 7.0908659, 50.725466 ], [ 7.0908122, 50.7254236 ] ] ] } },
{ "type": "Feature", "id": "map — multipolygons_50171998", "properties": { "barrier": null, "man_made": null, "name": null, "osm_id": null, "other_tags": "\"addr:city\"=>\"Bonn\",\"addr:country\"=>\"DE\",\"addr:housenumber\"=>\"178\",\"addr:postcode\"=>\"53115\",\"addr:street\"=>\"Meckenheimer Allee\",\"building:levels\"=>\"3\",\"heritage\"=>\"8\",\"heritage:operator\"=>\"UntereDenkmalbehörde\",\"heritage:ref\"=>\"A 1073\",\"roof:levels\"=>\"1\",\"roof:shape\"=>\"gambrel\"", "place": null, "source_layer": "map — multipolygons", "type": null, "admin_level": null, "aeroway": null, "amenity": null, "boundary": null, "building": "apartments", "craft": null, "geological": null, "historic": null, "land_area": null, "landuse": null, "leisure": null, "military": null, "natural": null, "office": null, "osm_way_id": "50171998", "shop": null, "sport": null, "tourism": null }, "bbox": [ 7.0897322, 50.7244341, 7.0899579, 50.7245752 ], "geometry": { "type": "Polygon", "coordinates": [ [ [ 7.0899579, 50.724508 ], [ 7.0898265, 50.7245752 ], [ 7.0897596, 50.7245229 ], [ 7.0897573, 50.724521 ], [ 7.0897322, 50.7245014 ], [ 7.0898463, 50.7244437 ], [ 7.0898641, 50.7244341 ], [ 7.0899579, 50.724508 ] ] ] } },
{ "type": "Feature", "id": "map — multipolygons_50171999", "properties": { "barrier": null, "man_made": null, "name": "Geozentrum", "osm_id": null, "other_tags": "\"addr:city\"=>\"Bonn\",\"addr:country\"=>\"DE\",\"addr:housenumber\"=>\"176\",\"addr:postcode\"=>\"53115\",\"addr:street\"=>\"Meckenheimer Allee\",\"building:levels\"=>\"4\",\"old_name\"=>\"Naturwissenschaftliches Lehrgebäude der Landwirtschaftlichen Akademie\",\"operator\"=>\"Universität Bonn\",\"roof:levels\"=>\"1\",\"roof:shape\"=>\"double_saltbox\",\"wheelchair\"=>\"no\",\"wikidata\"=>\"Q52891744\",\"wikimedia_commons\"=>\"Category:Meckenheimer Allee 176\"", "place": null, "source_layer": "map — multipolygons", "type": null, "admin_level": null, "aeroway": null, "amenity": null, "boundary": null, "building": "university", "craft": null, "geological": null, "historic": null, "land_area": null, "landuse": null, "leisure": null, "military": null, "natural": null, "office": null, "osm_way_id": "50171999", "shop": null, "sport": null, "tourism": null }, "bbox": [ 7.0897341, 50.724508, 7.0903296, 50.7250047 ], "geometry": { "type": "Polygon", "coordinates": [ [ [ 7.0903296, 50.7248676 ], [ 7.0900636, 50.7250047 ], [ 7.0899396, 50.7249136 ], [ 7.0900619, 50.7248472 ], [ 7.0900521, 50.7248384 ], [ 7.0900411, 50.7248284 ], [ 7.0900394, 50.7248288 ], [ 7.089926, 50.7247374 ], [ 7.0899128, 50.724744 ], [ 7.089842, 50.7247796 ], [ 7.0897841, 50.7247338 ], [ 7.0898161, 50.7247175 ], [ 7.0898372, 50.7247067 ], [ 7.0898294, 50.7247004 ], [ 7.0897341, 50.7246234 ], [ 7.0897367, 50.724622 ], [ 7.0898265, 50.7245752 ], [ 7.0899579, 50.724508 ], [ 7.0899727, 50.7245193 ], [ 7.0899701, 50.7245207 ], [ 7.0899778, 50.7245268 ], [ 7.090045, 50.7245798 ], [ 7.0900497, 50.7245835 ], [ 7.0900524, 50.7245822 ], [ 7.0900677, 50.7245942 ], [ 7.0900649, 50.7245957 ], [ 7.0900673, 50.7245975 ], [ 7.0900558, 50.7246034 ], [ 7.0900483, 50.7246072 ], [ 7.0900471, 50.7246063 ], [ 7.0900172, 50.7246216 ], [ 7.0901273, 50.7247083 ], [ 7.090133, 50.7247053 ], [ 7.0901757, 50.7247389 ], [ 7.0902187, 50.7247728 ], [ 7.0902129, 50.7247757 ], [ 7.0903296, 50.7248676 ] ] ] } },
{ "type": "Feature", "id": "map — multipolygons_53785575", "properties": { "barrier": null, "man_made": null, "name": null, "osm_id": null, "other_tags": "\"bicycle_parking\"=>\"stands\",\"capacity\"=>\"30\",\"covered\"=>\"no\",\"surface\"=>\"gravel\"", "place": null, "source_layer": "map — multipolygons", "type": null, "admin_level": null, "aeroway": null, "amenity": "bicycle_parking", "boundary": null, "building": null, "craft": null, "geological": null, "historic": null, "land_area": null, "landuse": null, "leisure": null, "military": null, "natural": null, "office": null, "osm_way_id": "53785575", "shop": null, "sport": null, "tourism": null }, "bbox": [ 7.0908271, 50.724871, 7.0909695, 50.7249602 ], "geometry": { "type": "Polygon", "coordinates": [ [ [ 7.0909176, 50.7249443 ], [ 7.0908872, 50.7249602 ], [ 7.0908271, 50.7249141 ], [ 7.0909095, 50.724871 ], [ 7.0909695, 50.7249172 ], [ 7.0909402, 50.7249325 ], [ 7.0909176, 50.7249443 ] ] ] } },
{ "type": "Feature", "id": "map — multipolygons_54135360", "properties": { "barrier": null, "man_made": null, "name": "Institut für Landtechnik", "osm_id": null, "other_tags": "\"addr:city\"=>\"Bonn\",\"addr:country\"=>\"DE\",\"addr:housenumber\"=>\"5\",\"addr:postcode\"=>\"53115\",\"addr:street\"=>\"Nußallee\",\"building:levels\"=>\"3\",\"building:material\"=>\"brick\",\"heritage\"=>\"8\",\"heritage:operator\"=>\"UntereDenkmalbehörde\",\"heritage:ref\"=>\"A 331\",\"monument\"=>\"yes\",\"name:en\"=>\"Institute of Agricultural Engineering\",\"operator\"=>\"Universität Bonn\",\"roof:levels\"=>\"1\",\"roof:shape\"=>\"hipped\",\"short_name\"=>\"ILT\",\"university\"=>\"institute\",\"website\"=>\"https://www.landtechnik.uni-bonn.de\",\"wheelchair\"=>\"no\"", "place": null, "source_layer": "map — multipolygons", "type": null, "admin_level": null, "aeroway": null, "amenity": null, "boundary": null, "building": "university", "craft": null, "geological": null, "historic": null, "land_area": null, "landuse": null, "leisure": null, "military": null, "natural": null, "office": null, "osm_way_id": "54135360", "shop": null, "sport": null, "tourism": null }, "bbox": [ 7.0898968, 50.7257552, 7.0903031, 50.7259244 ], "geometry": { "type": "Polygon", "coordinates": [ [ [ 7.0901915, 50.7259244 ], [ 7.0898968, 50.7259195 ], [ 7.0899743, 50.7258799 ], [ 7.0899525, 50.7258626 ], [ 7.0900438, 50.7258161 ], [ 7.0900648, 50.7258327 ], [ 7.0902166, 50.7257552 ], [ 7.0903021, 50.7258226 ], [ 7.0902682, 50.7258399 ], [ 7.0902988, 50.725864 ], [ 7.0903031, 50.7258674 ], [ 7.0901915, 50.7259244 ] ] ] } },
{ "type": "Feature", "id": "map — multipolygons_54135361", "properties": { "barrier": null, "man_made": null, "name": null, "osm_id": null, "other_tags": "\"addr:city\"=>\"Bonn\",\"addr:country\"=>\"DE\",\"addr:housenumber\"=>\"1\",\"addr:postcode\"=>\"53115\",\"addr:street\"=>\"Katzenburgweg\",\"building:colour\"=>\"white\",\"building:levels\"=>\"3\",\"roof:colour\"=>\"black\",\"roof:material\"=>\"roof_tiles\",\"roof:shape\"=>\"gabled\"", "place": null, "source_layer": "map — multipolygons", "type": null, "admin_level": null, "aeroway": null, "amenity": null, "boundary": null, "building": "university", "craft": null, "geological": null, "historic": null, "land_area": null, "landuse": null, "leisure": null, "military": null, "natural": null, "office": null, "osm_way_id": "54135361", "shop": null, "sport": null, "tourism": null }, "bbox": [ 7.0897538, 50.7249535, 7.0900766, 50.7251776 ], "geometry": { "type": "Polygon", "coordinates": [ [ [ 7.0899648, 50.7251776 ], [ 7.0897538, 50.7250099 ], [ 7.0898365, 50.7249679 ], [ 7.0898659, 50.7249535 ], [ 7.0899194, 50.7249963 ], [ 7.0900603, 50.7251084 ], [ 7.0900766, 50.7251213 ], [ 7.0900189, 50.7251504 ], [ 7.0899648, 50.7251776 ] ] ] } },
{ "type": "Feature", "id": "map — multipolygons_54135363", "properties": { "barrier": null, "man_made": null, "name": null, "osm_id": null, "other_tags": "\"addr:city\"=>\"Bonn\",\"addr:country\"=>\"DE\",\"addr:housenumber\"=>\"3\",\"addr:postcode\"=>\"53115\",\"addr:street\"=>\"Katzenburgweg\",\"building:levels\"=>\"3\",\"roof:colour\"=>\"black\",\"roof:material\"=>\"roof_tiles\",\"roof:shape\"=>\"gabled\"", "place": null, "source_layer": "map — multipolygons", "type": null, "admin_level": null, "aeroway": null, "amenity": null, "boundary": null, "building": "university", "craft": null, "geological": null, "historic": null, "land_area": null, "landuse": null, "leisure": null, "military": null, "natural": null, "office": null, "osm_way_id": "54135363", "shop": null, "sport": null, "tourism": null }, "bbox": [ 7.0895488, 50.7251113, 7.0896545, 50.7252378 ], "geometry": { "type": "Polygon", "coordinates": [ [ [ 7.0895488, 50.7252341 ], [ 7.0895537, 50.7251143 ], [ 7.0895596, 50.7251113 ], [ 7.0896545, 50.7251863 ], [ 7.0895866, 50.7252208 ], [ 7.0895739, 50.7252273 ], [ 7.0895535, 50.7252378 ], [ 7.0895488, 50.7252341 ] ] ] } },
{ "type": "Feature", "id": "map — multipolygons_95067144", "properties": { "barrier": null, "man_made": null, "name": null, "osm_id": null, "other_tags": "\"addr:city\"=>\"Bonn\",\"addr:country\"=>\"DE\",\"addr:housenumber\"=>\"4\",\"addr:postcode\"=>\"53115\",\"addr:street\"=>\"Nußallee\",\"building:levels\"=>\"2\",\"operator\"=>\"Universität Bonn\",\"roof:levels\"=>\"0\"", "place": null, "source_layer": "map — multipolygons", "type": null, "admin_level": null, "aeroway": null, "amenity": null, "boundary": null, "building": "university", "craft": null, "geological": null, "historic": null, "land_area": null, "landuse": null, "leisure": null, "military": null, "natural": null, "office": null, "osm_way_id": "95067144", "shop": null, "sport": null, "tourism": null }, "bbox": [ 7.0908955, 50.7257937, 7.0912195, 50.7259394 ], "geometry": { "type": "Polygon", "coordinates": [ [ [ 7.0911101, 50.7259394 ], [ 7.0908955, 50.7259359 ], [ 7.0910551, 50.7258531 ], [ 7.0911345, 50.7258119 ], [ 7.0911547, 50.7258014 ], [ 7.0911696, 50.7257937 ], [ 7.0911928, 50.7258116 ], [ 7.0911641, 50.7258264 ], [ 7.0912195, 50.7258696 ], [ 7.0911422, 50.7259098 ], [ 7.0911, 50.7259316 ], [ 7.0911101, 50.7259394 ] ] ] } },
{ "type": "Feature", "id": "map — multipolygons_141254466", "properties": { "barrier": null, "man_made": null, "name": null, "osm_id": null, "other_tags": "\"website\"=>\"https://www.landtechnik.uni-bonn.de\"", "place": null, "source_layer": "map — multipolygons", "type": null, "admin_level": null, "aeroway": null, "amenity": null, "boundary": null, "building": "university", "craft": null, "geological": null, "historic": null, "land_area": null, "landuse": null, "leisure": null, "military": null, "natural": null, "office": null, "osm_way_id": "141254466", "shop": null, "sport": null, "tourism": null }, "bbox": [ 7.0901771, 50.7252494, 7.0907457, 50.725577 ], "geometry": { "type": "Polygon", "coordinates": [ [ [ 7.0907457, 50.7253464 ], [ 7.0903032, 50.725577 ], [ 7.0902701, 50.7255516 ], [ 7.0901771, 50.72548 ], [ 7.0902447, 50.7254449 ], [ 7.0906194, 50.7252494 ], [ 7.0907457, 50.7253464 ] ] ] } },
{ "type": "Feature", "id": "map — multipolygons_141254467", "properties": { "barrier": null, "man_made": null, "name": "Hörsaal Institut für Landtechnik", "osm_id": null, "other_tags": "\"addr:city\"=>\"Bonn\",\"addr:housenumber\"=>\"7\",\"addr:postcode\"=>\"53115\",\"addr:street\"=>\"Nußallee\",\"building:levels\"=>\"3\",\"building:material\"=>\"brick\",\"operator\"=>\"Universität Bonn\",\"roof:levels\"=>\"1\",\"roof:shape\"=>\"gabled\",\"short_name\"=>\"Hörsaal ILT\",\"wheelchair\"=>\"limited\",\"wheelchair:description\"=>\"Ein großer Lastenaufzug ist vorhanden, Schlüssel erforderlich\"", "place": null, "source_layer": "map — multipolygons", "type": null, "admin_level": null, "aeroway": null, "amenity": null, "boundary": null, "building": "university", "craft": null, "geological": null, "historic": null, "land_area": null, "landuse": null, "leisure": null, "military": null, "natural": null, "office": null, "osm_way_id": "141254467", "shop": null, "sport": null, "tourism": null }, "bbox": [ 7.0896302, 50.72548, 7.0902701, 50.7259195 ], "geometry": { "type": "Polygon", "coordinates": [ [ [ 7.0898968, 50.7259195 ], [ 7.089827, 50.7259184 ], [ 7.0896302, 50.7257631 ], [ 7.0901771, 50.72548 ], [ 7.0902701, 50.7255516 ], [ 7.0898869, 50.7257469 ], [ 7.0899301, 50.725781 ], [ 7.0898808, 50.7258062 ], [ 7.0899525, 50.7258626 ], [ 7.0899743, 50.7258799 ], [ 7.0898968, 50.7259195 ] ] ] } },
{ "type": "Feature", "id": "map — multipolygons_141255347", "properties": { "barrier": null, "man_made": null, "name": "Städtebau", "osm_id": null, "other_tags": "\"addr:city\"=>\"Bonn\",\"addr:housenumber\"=>\"1\",\"addr:postcode\"=>\"53115\",\"addr:street\"=>\"Nußallee\",\"building:levels\"=>\"5\",\"heritage\"=>\"8\",\"heritage:operator\"=>\"UntereDenkmalbehörde\",\"heritage:ref\"=>\"A 166\",\"operator\"=>\"Universität Bonn\",\"roof:levels\"=>\"2\",\"roof:shape\"=>\"mansard\",\"wheelchair\"=>\"no\"", "place": null, "source_layer": "map — multipolygons", "type": null, "admin_level": null, "aeroway": null, "amenity": null, "boundary": null, "building": "university", "craft": null, "geological": null, "historic": "yes", "land_area": null, "landuse": null, "leisure": null, "military": null, "natural": null, "office": null, "osm_way_id": "141255347", "shop": null, "sport": null, "tourism": null }, "bbox": [ 7.0903395, 50.7255126, 7.0908622, 50.7258103 ], "geometry": { "type": "Polygon", "coordinates": [ [ [ 7.0906079, 50.7257487 ], [ 7.090485, 50.7258103 ], [ 7.0904535, 50.7257852 ], [ 7.0904397, 50.7257742 ], [ 7.0904145, 50.7257868 ], [ 7.0903665, 50.7257485 ], [ 7.0903885, 50.7257374 ], [ 7.0903395, 50.7256983 ], [ 7.0904675, 50.725634 ], [ 7.0904826, 50.7256461 ], [ 7.0907486, 50.7255126 ], [ 7.0907588, 50.7255207 ], [ 7.0907844, 50.7255411 ], [ 7.0908579, 50.7255998 ], [ 7.0908622, 50.7256091 ], [ 7.0908585, 50.7256168 ], [ 7.0908562, 50.7256215 ], [ 7.0908512, 50.7256248 ], [ 7.0908452, 50.7256287 ], [ 7.0908364, 50.7256312 ], [ 7.0908268, 50.7256323 ], [ 7.0908184, 50.7256311 ], [ 7.0908105, 50.72563 ], [ 7.0908022, 50.7256264 ], [ 7.0905887, 50.7257334 ], [ 7.0906079, 50.7257487 ] ] ] } },
{ "type": "Feature", "id": "map — multipolygons_142937230", "properties": { "barrier": null, "man_made": null, "name": "Dekanat der Landwirtschaftlichen Fakultät", "osm_id": null, "other_tags": "\"addr:city\"=>\"Bonn\",\"addr:country\"=>\"DE\",\"addr:housenumber\"=>\"174\",\"addr:postcode\"=>\"53115\",\"addr:street\"=>\"Meckenheimer Allee\",\"architect\"=>\"Karl Friedrich Schubert\",\"building:architecture\"=>\"classicism\",\"building:levels\"=>\"5\",\"heritage\"=>\"8\",\"heritage:operator\"=>\"UntereDenkmalbehörde\",\"heritage:ref\"=>\"A 169\",\"operator\"=>\"Universität Bonn\",\"roof:levels\"=>\"1\",\"roof:shape\"=>\"half-hipped\",\"start_date\"=>\"1852\",\"wheelchair\"=>\"no\",\"wikidata\"=>\"Q52891728\",\"wikimedia_commons\"=>\"Category:Meckenheimer Allee 174\"", "place": null, "source_layer": "map — multipolygons", "type": null, "admin_level": null, "aeroway": null, "amenity": null, "boundary": null, "building": "university", "craft": null, "geological": null, "historic": null, "land_area": null, "landuse": null, "leisure": null, "military": null, "natural": null, "office": null, "osm_way_id": "142937230", "shop": null, "sport": null, "tourism": null }, "bbox": [ 7.0903726, 50.7249578, 7.0907801, 50.7252309 ], "geometry": { "type": "Polygon", "coordinates": [ [ [ 7.0906193, 50.7252309 ], [ 7.0905427, 50.7251726 ], [ 7.0905241, 50.7251824 ], [ 7.0904186, 50.7251021 ], [ 7.0904385, 50.7250916 ], [ 7.0903726, 50.7250415 ], [ 7.0905315, 50.7249578 ], [ 7.0905909, 50.725003 ], [ 7.0905982, 50.7250086 ], [ 7.0906136, 50.7250005 ], [ 7.0906716, 50.725045 ], [ 7.0907225, 50.7250834 ], [ 7.0907056, 50.7250923 ], [ 7.0907227, 50.7251053 ], [ 7.0907801, 50.7251477 ], [ 7.0907741, 50.7251509 ], [ 7.0906893, 50.725194 ], [ 7.0906193, 50.7252309 ] ] ] } },
{ "type": "Feature", "id": "map — multipolygons_142945671", "properties": { "barrier": null, "man_made": null, "name": "Kranichbecken", "osm_id": null, "other_tags": "\"water\"=>\"basin\"", "place": null, "source_layer": "map — multipolygons", "type": null, "admin_level": null, "aeroway": null, "amenity": null, "boundary": null, "building": null, "craft": null, "geological": null, "historic": null, "land_area": null, "landuse": null, "leisure": null, "military": null, "natural": "water", "office": null, "osm_way_id": "142945671", "shop": null, "sport": null, "tourism": null }, "bbox": [ 7.0930843, 50.7244675, 7.0932628, 50.7245811 ], "geometry": { "type": "Polygon", "coordinates": [ [ [ 7.0932101, 50.7245767 ], [ 7.0931879, 50.7245809 ], [ 7.0931669, 50.7245811 ], [ 7.093143, 50.7245776 ], [ 7.0931225, 50.7245709 ], [ 7.0931028, 50.7245597 ], [ 7.0930915, 50.7245479 ], [ 7.0930844, 50.7245334 ], [ 7.0930843, 50.7245176 ], [ 7.09309, 50.7245039 ], [ 7.093102, 50.7244906 ], [ 7.0931163, 50.7244804 ], [ 7.0931355, 50.724472 ], [ 7.0931589, 50.724468 ], [ 7.0931835, 50.7244675 ], [ 7.0932067, 50.7244707 ], [ 7.0932266, 50.7244777 ], [ 7.0932435, 50.7244882 ], [ 7.0932558, 50.7245016 ], [ 7.0932614, 50.7245161 ], [ 7.0932628, 50.7245299 ], [ 7.0932578, 50.7245452 ], [ 7.0932463, 50.7245587 ], [ 7.0932311, 50.7245689 ], [ 7.0932101, 50.7245767 ] ] ] } },
{ "type": "Feature", "id": "map — multipolygons_142945675", "properties": { "barrier": null, "man_made": null, "name": "Lyrabecken", "osm_id": null, "other_tags": "\"water\"=>\"basin\"", "place": null, "source_layer": "map — multipolygons", "type": null, "admin_level": null, "aeroway": null, "amenity": null, "boundary": null, "building": null, "craft": null, "geological": null, "historic": null, "land_area": null, "landuse": null, "leisure": null, "military": null, "natural": "water", "office": null, "osm_way_id": "142945675", "shop": null, "sport": null, "tourism": null }, "bbox": [ 7.0914018, 50.724548, 7.0917055, 50.7247227 ], "geometry": { "type": "Polygon", "coordinates": [ [ [ 7.0915063, 50.7247052 ], [ 7.0914724, 50.7247227 ], [ 7.0914018, 50.7246682 ], [ 7.0914363, 50.7246502 ], [ 7.0914263, 50.7246425 ], [ 7.0915903, 50.7245574 ], [ 7.091601, 50.7245657 ], [ 7.0916352, 50.724548 ], [ 7.0917055, 50.7246023 ], [ 7.0916718, 50.7246198 ], [ 7.0916814, 50.7246272 ], [ 7.0915162, 50.7247129 ], [ 7.0915063, 50.7247052 ] ] ] } },
{ "type": "Feature", "id": "map — multipolygons_142945753", "properties": { "barrier": null, "man_made": null, "name": "Verwaltung der Botanischen Gärten Bonn", "osm_id": null, "other_tags": "\"addr:city\"=>\"Bonn\",\"addr:country\"=>\"DE\",\"addr:housenumber\"=>\"171\",\"addr:postcode\"=>\"53115\",\"addr:street\"=>\"Meckenheimer Allee\",\"building:colour\"=>\"white\",\"building:levels\"=>\"3\",\"roof:shape\"=>\"hipped\"", "place": null, "source_layer": "map — multipolygons", "type": null, "admin_level": null, "aeroway": null, "amenity": null, "boundary": null, "building": "university", "craft": null, "geological": null, "historic": null, "land_area": null, "landuse": null, "leisure": null, "military": null, "natural": null, "office": null, "osm_way_id": "142945753", "shop": null, "sport": null, "tourism": null }, "bbox": [ 7.0908552, 50.72455, 7.0910415, 50.7246698 ], "geometry": { "type": "Polygon", "coordinates": [ [ [ 7.0909094, 50.7246414 ], [ 7.0908552, 50.7245994 ], [ 7.0909505, 50.72455 ], [ 7.0910415, 50.7246209 ], [ 7.0909519, 50.7246667 ], [ 7.0909457, 50.7246698 ], [ 7.0909094, 50.7246414 ] ] ] } },
{ "type": "Feature", "id": "map — multipolygons_142947395", "properties": { "barrier": null, "man_made": null, "name": null, "osm_id": null, "other_tags": null, "place": null, "source_layer": "map — multipolygons", "type": null, "admin_level": null, "aeroway": null, "amenity": null, "boundary": null, "building": null, "craft": null, "geological": null, "historic": null, "land_area": null, "landuse": null, "leisure": null, "military": null, "natural": "water", "office": null, "osm_way_id": "142947395", "shop": null, "sport": null, "tourism": null }, "bbox": [ 7.0925171, 50.7246375, 7.0925637, 50.7246671 ], "geometry": { "type": "Polygon", "coordinates": [ [ [ 7.0925508, 50.7246657 ], [ 7.0925428, 50.7246671 ], [ 7.0925338, 50.7246666 ], [ 7.0925266, 50.7246644 ], [ 7.0925209, 50.7246606 ], [ 7.0925171, 50.7246538 ], [ 7.0925174, 50.7246495 ], [ 7.0925209, 50.7246441 ], [ 7.0925241, 50.7246417 ], [ 7.0925319, 50.7246385 ], [ 7.0925392, 50.7246375 ], [ 7.0925467, 50.724638 ], [ 7.0925548, 50.7246406 ], [ 7.0925608, 50.724645 ], [ 7.0925637, 50.7246502 ], [ 7.0925633, 50.7246556 ], [ 7.0925608, 50.7246597 ], [ 7.092558, 50.7246622 ], [ 7.0925508, 50.7246657 ] ] ] } },
{ "type": "Feature", "id": "map — multipolygons_142947396", "properties": { "barrier": null, "man_made": null, "name": null, "osm_id": null, "other_tags": null, "place": null, "source_layer": "map — multipolygons", "type": null, "admin_level": null, "aeroway": null, "amenity": null, "boundary": null, "building": null, "craft": null, "geological": null, "historic": null, "land_area": null, "landuse": null, "leisure": null, "military": null, "natural": "water", "office": null, "osm_way_id": "142947396", "shop": null, "sport": null, "tourism": null }, "bbox": [ 7.092819, 50.7248792, 7.0928652, 50.7249087 ], "geometry": { "type": "Polygon", "coordinates": [ [ [ 7.0928523, 50.7249073 ], [ 7.0928446, 50.7249087 ], [ 7.092835, 50.7249081 ], [ 7.0928284, 50.724906 ], [ 7.0928224, 50.7249019 ], [ 7.092819, 50.7248963 ], [ 7.0928192, 50.724891 ], [ 7.0928223, 50.724886 ], [ 7.0928256, 50.7248834 ], [ 7.0928319, 50.7248806 ], [ 7.0928401, 50.7248792 ], [ 7.0928493, 50.7248798 ], [ 7.0928571, 50.7248825 ], [ 7.0928623, 50.7248865 ], [ 7.0928652, 50.7248914 ], [ 7.092865, 50.7248971 ], [ 7.0928625, 50.7249013 ], [ 7.0928587, 50.7249044 ], [ 7.0928523, 50.7249073 ] ] ] } },
{ "type": "Feature", "id": "map — multipolygons_142948149", "properties": { "barrier": null, "man_made": null, "name": "Melbweiher", "osm_id": null, "other_tags": "\"intermittent\"=>\"no\",\"water\"=>\"pond\"", "place": null, "source_layer": "map — multipolygons", "type": null, "admin_level": null, "aeroway": null, "amenity": null, "boundary": null, "building": null, "craft": null, "geological": null, "historic": null, "land_area": null, "landuse": null, "leisure": null, "military": null, "natural": "water", "office": null, "osm_way_id": "142948149", "shop": null, "sport": null, "tourism": null }, "bbox": [ 7.0928787, 50.7232816, 7.0938737, 50.7259829 ], "geometry": { "type": "MultiPolygon", "coordinates": [ [ [ [ 7.0935763, 50.7232816 ], [ 7.093759, 50.7232846 ], [ 7.0937713, 50.7232893 ], [ 7.0937925, 50.7233044 ], [ 7.0938069, 50.7233206 ], [ 7.0938231, 50.7233624 ], [ 7.093838, 50.7233919 ], [ 7.0938541, 50.7234069 ], [ 7.0938737, 50.7234081 ], [ 7.0938733, 50.7234176 ], [ 7.0938659, 50.7234176 ], [ 7.0938408, 50.7234316 ], [ 7.0938066, 50.7234523 ], [ 7.0937729, 50.7234774 ], [ 7.0937363, 50.7234896 ], [ 7.0937081, 50.7234926 ], [ 7.0936813, 50.7234855 ], [ 7.0936498, 50.7234668 ], [ 7.0936327, 50.7234346 ], [ 7.0936296, 50.7234115 ], [ 7.0936343, 50.7233811 ], [ 7.0936227, 50.7233651 ], [ 7.0936032, 50.7233549 ], [ 7.0935817, 50.7233504 ], [ 7.093551, 50.7233537 ], [ 7.0935015, 50.7233733 ], [ 7.0934386, 50.7234065 ], [ 7.0933973, 50.7234206 ], [ 7.0932405, 50.7234483 ], [ 7.0931559, 50.7234539 ], [ 7.0930626, 50.7234389 ], [ 7.0929995, 50.7234198 ], [ 7.0929664, 50.7234084 ], [ 7.0929486, 50.7233991 ], [ 7.0929295, 50.7233889 ], [ 7.0928787, 50.723358 ], [ 7.0929341, 50.723326 ], [ 7.0929914, 50.7233546 ], [ 7.0930111, 50.7233648 ], [ 7.0930739, 50.7233864 ], [ 7.093122, 50.7233989 ], [ 7.093174, 50.7234059 ], [ 7.0932376, 50.7234077 ], [ 7.0933071, 50.7234064 ], [ 7.0933806, 50.7233969 ], [ 7.0934243, 50.7233862 ], [ 7.0934605, 50.7233729 ], [ 7.0934808, 50.7233527 ], [ 7.0935112, 50.7233187 ], [ 7.0935464, 50.7232935 ], [ 7.0935763, 50.7232816 ] ] ], [ [ [ 7.0938596, 50.7237551 ], [ 7.0938471, 50.7240641 ], [ 7.0938087, 50.7239955 ], [ 7.0937319, 50.7238906 ], [ 7.0936868, 50.7238676 ], [ 7.0936007, 50.7238471 ], [ 7.0935605, 50.7238003 ], [ 7.0934372, 50.7237444 ], [ 7.0933896, 50.7237156 ], [ 7.0933589, 50.7236856 ], [ 7.0933411, 50.7236494 ], [ 7.0933159, 50.7236355 ], [ 7.0932966, 50.7236204 ], [ 7.0932908, 50.7236029 ], [ 7.0932838, 50.7235966 ], [ 7.0932624, 50.7235846 ], [ 7.0932522, 50.7235703 ], [ 7.0932568, 50.7235559 ], [ 7.0932688, 50.7235432 ], [ 7.0933024, 50.7235301 ], [ 7.0933454, 50.7235252 ], [ 7.0933857, 50.7235294 ], [ 7.0934213, 50.7235442 ], [ 7.093447, 50.7235601 ], [ 7.0935288, 50.7235901 ], [ 7.0935569, 50.7236106 ], [ 7.0936364, 50.7237002 ], [ 7.0936552, 50.7237121 ], [ 7.0936828, 50.7237203 ], [ 7.0937555, 50.7237227 ], [ 7.093839, 50.7237461 ], [ 7.0938596, 50.7237551 ] ] ], [ [ [ 7.0937692, 50.7259829 ], [ 7.0936257, 50.7259806 ], [ 7.0937724, 50.7259056 ], [ 7.0937692, 50.7259829 ] ] ] ] } },
{ "type": "Feature", "id": "map — multipolygons_149556476", "properties": { "barrier": null, "man_made": null, "name": "Nees-Institut für Biodiversität der Pflanzen", "osm_id": null, "other_tags": "\"addr:city\"=>\"Bonn\",\"addr:country\"=>\"DE\",\"addr:housenumber\"=>\"170\",\"addr:postcode\"=>\"53115\",\"addr:street\"=>\"Meckenheimer Allee\",\"building:levels\"=>\"3\",\"name:de\"=>\"Nees-Institut für Biodiversität der Pflanzen\",\"name:en\"=>\"Nees Institute for Biodiversity of Plants\",\"operator\"=>\"Universität Bonn\",\"roof:levels\"=>\"0\",\"roof:shape\"=>\"hipped\",\"university\"=>\"institute\",\"wheelchair\"=>\"no\"", "place": null, "source_layer": "map — multipolygons", "type": null, "admin_level": null, "aeroway": null, "amenity": null, "boundary": null, "building": "university", "craft": null, "geological": null, "historic": null, "land_area": null, "landuse": null, "leisure": null, "military": null, "natural": null, "office": null, "osm_way_id": "149556476", "shop": null, "sport": null, "tourism": null }, "bbox": [ 7.091069, 50.7256438, 7.0914077, 50.7258729 ], "geometry": { "type": "Polygon", "coordinates": [ [ [ 7.0911696, 50.7257937 ], [ 7.091069, 50.7257156 ], [ 7.0911141, 50.7256921 ], [ 7.0910933, 50.7256761 ], [ 7.0911512, 50.7256461 ], [ 7.0911714, 50.7256618 ], [ 7.0912061, 50.7256438 ], [ 7.0912173, 50.7256525 ], [ 7.091327, 50.7257379 ], [ 7.0913355, 50.7257445 ], [ 7.0913567, 50.725733 ], [ 7.0914077, 50.725775 ], [ 7.0913625, 50.7257985 ], [ 7.0913723, 50.7258061 ], [ 7.091281, 50.7258536 ], [ 7.0912739, 50.7258469 ], [ 7.0912239, 50.7258729 ], [ 7.0912195, 50.7258696 ], [ 7.0911641, 50.7258264 ], [ 7.0911928, 50.7258116 ], [ 7.0911696, 50.7257937 ] ] ] } },
{ "type": "Feature", "id": "map — multipolygons_249209514", "properties": { "barrier": null, "man_made": null, "name": "Nees", "osm_id": null, "other_tags": "\"addr:city\"=>\"Bonn\",\"addr:country\"=>\"DE\",\"addr:housenumber\"=>\"169\",\"addr:postcode\"=>\"53115\",\"addr:street\"=>\"Meckenheimer Allee\",\"bar\"=>\"yes\",\"brunch\"=>\"Su 10:00-14:00\",\"building:colour\"=>\"yellow\",\"building:levels\"=>\"1\",\"cafe\"=>\"yes\",\"changing_table\"=>\"yes\",\"changing_table:count\"=>\"1\",\"changing_table:location\"=>\"unisex_toilet\",\"check_date\"=>\"2026-09-07\",\"check_date:opening_hours\"=>\"2026-09-07\",\"description\"=>\"Ehemalige Remise, heute Restaurant und Haupteingang zum Botanischen Garten.\",\"indoor_seating\"=>\"yes\",\"old_name\"=>\"Remise\",\"opening_hours\"=>\"Tu-Sa 12:00-22:00; Su 12:00-21:00; Mo off\",\"outdoor_seating\"=>\"yes\",\"phone\"=>\"+49 228 97662600\",\"roof:colour\"=>\"black\",\"roof:shape\"=>\"hipped\",\"toilets:wheelchair\"=>\"yes\",\"website\"=>\"https://www.nees-bonn.de/\",\"wheelchair\"=>\"yes\"", "place": null, "source_layer": "map — multipolygons", "type": null, "admin_level": null, "aeroway": null, "amenity": "restaurant", "boundary": null, "building": "stable", "craft": null, "geological": null, "historic": null, "land_area": null, "landuse": null, "leisure": null, "military": null, "natural": null, "office": null, "osm_way_id": "249209514", "shop": null, "sport": null, "tourism": null }, "bbox": [ 7.0930742, 50.7253181, 7.093529, 50.7256619 ], "geometry": { "type": "Polygon", "coordinates": [ [ [ 7.0932945, 50.7255279 ], [ 7.0933031, 50.7255236 ], [ 7.0932924, 50.7255151 ], [ 7.0932778, 50.7255034 ], [ 7.0932627, 50.7254913 ], [ 7.0932519, 50.7254826 ], [ 7.0932428, 50.7254871 ], [ 7.0930742, 50.7253519 ], [ 7.0931344, 50.7253218 ], [ 7.0931418, 50.7253181 ], [ 7.0933122, 50.7254548 ], [ 7.0933058, 50.725458 ], [ 7.0933303, 50.7254777 ], [ 7.0933546, 50.7254971 ], [ 7.0933612, 50.7254938 ], [ 7.093529, 50.7256282 ], [ 7.0935167, 50.7256343 ], [ 7.0934616, 50.7256619 ], [ 7.0932945, 50.7255279 ] ] ] } },
{ "type": "Feature", "id": "map — multipolygons_249309191", "properties": { "barrier": null, "man_made": null, "name": null, "osm_id": null, "other_tags": "\"addr:housenumber\"=>\"170\",\"addr:street\"=>\"Meckenheimer Allee\"", "place": null, "source_layer": "map — multipolygons", "type": null, "admin_level": null, "aeroway": null, "amenity": null, "boundary": null, "building": "university", "craft": null, "geological": null, "historic": null, "land_area": null, "landuse": null, "leisure": null, "military": null, "natural": null, "office": null, "osm_way_id": "249309191", "shop": null, "sport": null, "tourism": null }, "bbox": [ 7.0911422, 50.7258061, 7.0914571, 50.7259428 ], "geometry": { "type": "Polygon", "coordinates": [ [ [ 7.0913172, 50.7259428 ], [ 7.091175, 50.7259405 ], [ 7.0911655, 50.7259331 ], [ 7.0911695, 50.725931 ], [ 7.0911422, 50.7259098 ], [ 7.0912195, 50.7258696 ], [ 7.0912239, 50.7258729 ], [ 7.0912739, 50.7258469 ], [ 7.091281, 50.7258536 ], [ 7.0913723, 50.7258061 ], [ 7.0914571, 50.7258719 ], [ 7.0913172, 50.7259428 ] ] ] } },
{ "type": "Feature", "id": "map — multipolygons_249309239", "properties": { "barrier": null, "man_made": null, "name": null, "osm_id": null, "other_tags": "\"addr:housenumber\"=>\"171\",\"addr:street\"=>\"Meckenheimer Allee\",\"building:colour\"=>\"silver\",\"building:levels\"=>\"2\",\"roof:shape\"=>\"hipped\"", "place": null, "source_layer": "map — multipolygons", "type": null, "admin_level": null, "aeroway": null, "amenity": null, "boundary": null, "building": "university", "craft": null, "geological": null, "historic": null, "land_area": null, "landuse": null, "leisure": null, "military": null, "natural": null, "office": null, "osm_way_id": "249309239", "shop": null, "sport": null, "tourism": null }, "bbox": [ 7.0906206, 50.7243686, 7.0909505, 50.7245994 ], "geometry": { "type": "Polygon", "coordinates": [ [ [ 7.0909505, 50.72455 ], [ 7.0908552, 50.7245994 ], [ 7.0906604, 50.7244489 ], [ 7.0906206, 50.7244181 ], [ 7.0907159, 50.7243686 ], [ 7.0909505, 50.72455 ] ] ] } },
{ "type": "Feature", "id": "map — multipolygons_249309326", "properties": { "barrier": null, "man_made": null, "name": null, "osm_id": null, "other_tags": "\"building:levels\"=>\"1\",\"roof:shape\"=>\"gabled\"", "place": null, "source_layer": "map — multipolygons", "type": null, "admin_level": null, "aeroway": null, "amenity": null, "boundary": null, "building": "greenhouse", "craft": null, "geological": null, "historic": null, "land_area": null, "landuse": null, "leisure": null, "military": null, "natural": null, "office": null, "osm_way_id": "249309326", "shop": null, "sport": null, "tourism": null }, "bbox": [ 7.089556, 50.7250235, 7.0895838, 50.7250584 ], "geometry": { "type": "Polygon", "coordinates": [ [ [ 7.089556, 50.7250584 ], [ 7.0895574, 50.7250235 ], [ 7.0895838, 50.7250433 ], [ 7.089556, 50.7250584 ] ] ] } },
{ "type": "Feature", "id": "map — multipolygons_249309332", "properties": { "barrier": null, "man_made": null, "name": null, "osm_id": null, "other_tags": null, "place": null, "source_layer": "map — multipolygons", "type": null, "admin_level": null, "aeroway": null, "amenity": null, "boundary": null, "building": "greenhouse", "craft": null, "geological": null, "historic": null, "land_area": null, "landuse": null, "leisure": null, "military": null, "natural": null, "office": null, "osm_way_id": "249309332", "shop": null, "sport": null, "tourism": null }, "bbox": [ 7.0895285, 50.7254012, 7.0900051, 50.725748 ], "geometry": { "type": "Polygon", "coordinates": [ [ [ 7.0895285, 50.7257354 ], [ 7.0895349, 50.7255768 ], [ 7.089868, 50.7254012 ], [ 7.0900051, 50.7255054 ], [ 7.089545, 50.725748 ], [ 7.0895285, 50.7257354 ] ] ] } },
{ "type": "Feature", "id": "map — multipolygons_249309343", "properties": { "barrier": null, "man_made": null, "name": null, "osm_id": null, "other_tags": null, "place": null, "source_layer": "map — multipolygons", "type": null, "admin_level": null, "aeroway": null, "amenity": null, "boundary": null, "building": "university", "craft": null, "geological": null, "historic": null, "land_area": null, "landuse": null, "leisure": null, "military": null, "natural": null, "office": null, "osm_way_id": "249309343", "shop": null, "sport": null, "tourism": null }, "bbox": [ 7.0911, 50.7259098, 7.0911695, 50.7259401 ], "geometry": { "type": "Polygon", "coordinates": [ [ [ 7.0911519, 50.7259401 ], [ 7.0911101, 50.7259394 ], [ 7.0911, 50.7259316 ], [ 7.0911422, 50.7259098 ], [ 7.0911695, 50.725931 ], [ 7.0911655, 50.7259331 ], [ 7.0911519, 50.7259401 ] ] ] } },
{ "type": "Feature", "id": "map — multipolygons_249309418", "properties": { "barrier": null, "man_made": null, "name": null, "osm_id": null, "other_tags": "\"building:levels\"=>\"1\",\"roof:colour\"=>\"black\",\"roof:material\"=>\"slate\",\"roof:shape\"=>\"hipped\"", "place": null, "source_layer": "map — multipolygons", "type": null, "admin_level": null, "aeroway": null, "amenity": null, "boundary": null, "building": "university", "craft": null, "geological": null, "historic": null, "land_area": null, "landuse": null, "leisure": null, "military": null, "natural": null, "office": null, "osm_way_id": "249309418", "shop": null, "sport": null, "tourism": null }, "bbox": [ 7.0895594, 50.7249389, 7.0895887, 50.7249757 ], "geometry": { "type": "Polygon", "coordinates": [ [ [ 7.0895594, 50.7249757 ], [ 7.0895609, 50.7249389 ], [ 7.0895887, 50.7249606 ], [ 7.0895594, 50.7249757 ] ] ] } },
{ "type": "Feature", "id": "map — multipolygons_249309419", "properties": { "barrier": null, "man_made": null, "name": null, "osm_id": null, "other_tags": null, "place": null, "source_layer": "map — multipolygons", "type": null, "admin_level": null, "aeroway": null, "amenity": null, "boundary": null, "building": "yes", "craft": null, "geological": null, "historic": null, "land_area": null, "landuse": null, "leisure": null, "military": null, "natural": null, "office": null, "osm_way_id": "249309419", "shop": null, "sport": null, "tourism": null }, "bbox": [ 7.0896686, 50.7245229, 7.0898265, 50.724622 ], "geometry": { "type": "Polygon", "coordinates": [ [ [ 7.0898265, 50.7245752 ], [ 7.0897367, 50.724622 ], [ 7.0896686, 50.7245694 ], [ 7.0896706, 50.7245682 ], [ 7.0896698, 50.7245673 ], [ 7.0897596, 50.7245229 ], [ 7.0898265, 50.7245752 ] ] ] } },
{ "type": "Feature", "id": "map — multipolygons_249309427", "properties": { "barrier": null, "man_made": null, "name": null, "osm_id": null, "other_tags": "\"building:levels\"=>\"1\",\"nohousenumber\"=>\"yes\",\"roof:colour\"=>\"red\",\"roof:material\"=>\"roof_tiles\",\"roof:shape\"=>\"gabled\"", "place": null, "source_layer": "map — multipolygons", "type": null, "admin_level": null, "aeroway": null, "amenity": null, "boundary": null, "building": "university", "craft": null, "geological": null, "historic": null, "land_area": null, "landuse": null, "leisure": null, "military": null, "natural": null, "office": null, "osm_way_id": "249309427", "shop": null, "sport": null, "tourism": null }, "bbox": [ 7.0895633, 50.7247573, 7.089742, 50.7249418 ], "geometry": { "type": "Polygon", "coordinates": [ [ [ 7.0895633, 50.7248786 ], [ 7.0895682, 50.7247573 ], [ 7.0895979, 50.7247802 ], [ 7.089742, 50.7248915 ], [ 7.0896451, 50.7249418 ], [ 7.0895633, 50.7248786 ] ] ] } },
{ "type": "Feature", "id": "map — multipolygons_249309442", "properties": { "barrier": null, "man_made": null, "name": null, "osm_id": null, "other_tags": null, "place": null, "source_layer": "map — multipolygons", "type": null, "admin_level": null, "aeroway": null, "amenity": null, "boundary": null, "building": "garage", "craft": null, "geological": null, "historic": null, "land_area": null, "landuse": null, "leisure": null, "military": null, "natural": null, "office": null, "osm_way_id": "249309442", "shop": null, "sport": null, "tourism": null }, "bbox": [ 7.0895981, 50.7244737, 7.0897084, 50.7245445 ], "geometry": { "type": "Polygon", "coordinates": [ [ [ 7.0897084, 50.7245143 ], [ 7.0896503, 50.7245445 ], [ 7.0895981, 50.7245032 ], [ 7.0896571, 50.7244737 ], [ 7.0896812, 50.7244928 ], [ 7.0897084, 50.7245143 ] ] ] } },
{ "type": "Feature", "id": "map — multipolygons_249309471", "properties": { "barrier": null, "man_made": null, "name": null, "osm_id": null, "other_tags": "\"building:levels\"=>\"2\",\"roof:shape\"=>\"flat\"", "place": null, "source_layer": "map — multipolygons", "type": null, "admin_level": null, "aeroway": null, "amenity": null, "boundary": null, "building": "greenhouse", "craft": null, "geological": null, "historic": null, "land_area": null, "landuse": null, "leisure": null, "military": null, "natural": null, "office": null, "osm_way_id": "249309471", "shop": null, "sport": null, "tourism": null }, "bbox": [ 7.0909519, 50.7246136, 7.0911519, 50.7247527 ], "geometry": { "type": "Polygon", "coordinates": [ [ [ 7.0909887, 50.7246955 ], [ 7.0909519, 50.7246667 ], [ 7.0910415, 50.7246209 ], [ 7.0910558, 50.7246136 ], [ 7.0911067, 50.7246536 ], [ 7.0910931, 50.7246605 ], [ 7.0911519, 50.7247065 ], [ 7.0910617, 50.7247527 ], [ 7.0909887, 50.7246955 ] ] ] } },
{ "type": "Feature", "id": "map — multipolygons_249309492", "properties": { "barrier": null, "man_made": null, "name": null, "osm_id": null, "other_tags": "\"addr:city\"=>\"Bonn\",\"addr:country\"=>\"DE\",\"addr:housenumber\"=>\"2\",\"addr:postcode\"=>\"53115\",\"addr:street\"=>\"Katzenburgweg\"", "place": null, "source_layer": "map — multipolygons", "type": null, "admin_level": null, "aeroway": null, "amenity": null, "boundary": null, "building": "university", "craft": null, "geological": null, "historic": null, "land_area": null, "landuse": null, "leisure": null, "military": null, "natural": null, "office": null, "osm_way_id": "249309492", "shop": null, "sport": null, "tourism": null }, "bbox": [ 7.0899017, 50.7252679, 7.0902045, 50.7254726 ], "geometry": { "type": "Polygon", "coordinates": [ [ [ 7.090092, 50.7254726 ], [ 7.0899017, 50.7253267 ], [ 7.0900142, 50.7252679 ], [ 7.0902045, 50.7254139 ], [ 7.090092, 50.7254726 ] ] ] } },
{ "type": "Feature", "id": "map — multipolygons_249309496", "properties": { "barrier": null, "man_made": null, "name": null, "osm_id": null, "other_tags": "\"addr:city\"=>\"Bonn\",\"addr:country\"=>\"DE\",\"addr:housenumber\"=>\"180\",\"addr:postcode\"=>\"53115\",\"addr:street\"=>\"Meckenheimer Allee\",\"building:levels\"=>\"4\",\"roof:levels\"=>\"1\",\"roof:shape\"=>\"flat\"", "place": null, "source_layer": "map — multipolygons", "type": null, "admin_level": null, "aeroway": null, "amenity": null, "boundary": null, "building": "apartments", "craft": null, "geological": null, "historic": null, "land_area": null, "landuse": null, "leisure": null, "military": null, "natural": null, "office": null, "osm_way_id": "249309496", "shop": null, "sport": null, "tourism": null }, "bbox": [ 7.0896571, 50.7244144, 7.0898463, 50.7245019 ], "geometry": { "type": "Polygon", "coordinates": [ [ [ 7.0897322, 50.7245014 ], [ 7.0897313, 50.7245019 ], [ 7.0897048, 50.7244808 ], [ 7.0896812, 50.7244928 ], [ 7.0896571, 50.7244737 ], [ 7.0896814, 50.7244614 ], [ 7.0896889, 50.7244673 ], [ 7.0896951, 50.7244721 ], [ 7.0897468, 50.724446 ], [ 7.0898093, 50.7244144 ], [ 7.0898463, 50.7244437 ], [ 7.0897322, 50.7245014 ] ] ] } },
{ "type": "Feature", "id": "map — multipolygons_249309524", "properties": { "barrier": null, "man_made": null, "name": "Schaugewächshäuser", "osm_id": null, "other_tags": "\"opening_hours\"=>\"Mo-Fr 10:00-12:00,14:00-16:00; Apr-Oct Su,PH 10:00-17:30; Sa off\",\"wheelchair\"=>\"no\"", "place": null, "source_layer": "map — multipolygons", "type": null, "admin_level": null, "aeroway": null, "amenity": null, "boundary": null, "building": "greenhouse", "craft": null, "geological": null, "historic": null, "land_area": null, "landuse": null, "leisure": null, "military": null, "natural": null, "office": null, "osm_way_id": "249309524", "shop": null, "sport": null, "tourism": "attraction" }, "bbox": [ 7.0906727, 50.7240196, 7.0916473, 50.7246209 ], "geometry": { "type": "Polygon", "coordinates": [ [ [ 7.0910558, 50.7246136 ], [ 7.0910415, 50.7246209 ], [ 7.0909505, 50.72455 ], [ 7.09096, 50.7245453 ], [ 7.0908566, 50.7244643 ], [ 7.0908027, 50.7244223 ], [ 7.0906727, 50.7243183 ], [ 7.0908861, 50.7242106 ], [ 7.0909238, 50.7241914 ], [ 7.090903, 50.7241751 ], [ 7.0909858, 50.7241328 ], [ 7.0910078, 50.7241501 ], [ 7.0910413, 50.724133 ], [ 7.09116, 50.7240725 ], [ 7.091264, 50.7240196 ], [ 7.0915456, 50.7242417 ], [ 7.0915545, 50.7242382 ], [ 7.0916473, 50.724312 ], [ 7.0914537, 50.7244118 ], [ 7.0914123, 50.7244304 ], [ 7.0914278, 50.7244422 ], [ 7.0914172, 50.7244476 ], [ 7.0914257, 50.7244548 ], [ 7.0914508, 50.7244745 ], [ 7.0913904, 50.7245053 ], [ 7.0913194, 50.7245414 ], [ 7.0912933, 50.7245209 ], [ 7.0912878, 50.7245165 ], [ 7.0912811, 50.72452 ], [ 7.0912648, 50.7245071 ], [ 7.0912237, 50.7245281 ], [ 7.0910558, 50.7246136 ] ] ] } },
{ "type": "Feature", "id": "map — multipolygons_440366453", "properties": { "barrier": null, "man_made": null, "name": null, "osm_id": null, "other_tags": null, "place": null, "source_layer": "map — multipolygons", "type": null, "admin_level": null, "aeroway": null, "amenity": null, "boundary": null, "building": null, "craft": null, "geological": null, "historic": null, "land_area": null, "landuse": "residential", "leisure": null, "military": null, "natural": null, "office": null, "osm_way_id": "440366453", "shop": null, "sport": null, "tourism": null }, "bbox": [ 7.0895848, 50.7242138, 7.0896634, 50.7243499 ], "geometry": { "type": "Polygon", "coordinates": [ [ [ 7.0895848, 50.7243499 ], [ 7.0895904, 50.7242138 ], [ 7.0896634, 50.7243105 ], [ 7.0895848, 50.7243499 ] ] ] } },
{ "type": "Feature", "id": "map — multipolygons_455037711", "properties": { "barrier": null, "man_made": null, "name": null, "osm_id": null, "other_tags": "\"access\"=>\"yes\",\"fee\"=>\"yes\",\"parking\"=>\"street_side\"", "place": null, "source_layer": "map — multipolygons", "type": null, "admin_level": null, "aeroway": null, "amenity": "parking", "boundary": null, "building": null, "craft": null, "geological": null, "historic": null, "land_area": null, "landuse": null, "leisure": null, "military": null, "natural": null, "office": null, "osm_way_id": "455037711", "shop": null, "sport": null, "tourism": null }, "bbox": [ 7.089576, 50.7245658, 7.0895765, 50.7245665 ], "geometry": { "type": "Polygon", "coordinates": [ [ [ 7.089576, 50.7245665 ], [ 7.089576, 50.7245658 ], [ 7.0895765, 50.7245662 ], [ 7.089576, 50.7245665 ] ] ] } },
{ "type": "Feature", "id": "map — multipolygons_472218090", "properties": { "barrier": null, "man_made": null, "name": null, "osm_id": null, "other_tags": "\"ref\"=>\"3\"", "place": null, "source_layer": "map — multipolygons", "type": null, "admin_level": null, "aeroway": null, "amenity": null, "boundary": null, "building": "greenhouse", "craft": null, "geological": null, "historic": null, "land_area": null, "landuse": null, "leisure": null, "military": null, "natural": null, "office": null, "osm_way_id": "472218090", "shop": null, "sport": null, "tourism": null }, "bbox": [ 7.0895219, 50.7258279, 7.0895782, 50.7258977 ], "geometry": { "type": "Polygon", "coordinates": [ [ [ 7.0895219, 50.7258977 ], [ 7.0895247, 50.7258279 ], [ 7.0895782, 50.7258698 ], [ 7.0895219, 50.7258977 ] ] ] } },
{ "type": "Feature", "id": "map — multipolygons_572718201", "properties": { "barrier": null, "man_made": null, "name": null, "osm_id": null, "other_tags": null, "place": null, "source_layer": "map — multipolygons", "type": null, "admin_level": null, "aeroway": null, "amenity": null, "boundary": null, "building": null, "craft": null, "geological": null, "historic": null, "land_area": null, "landuse": "grass", "leisure": null, "military": null, "natural": null, "office": null, "osm_way_id": "572718201", "shop": null, "sport": null, "tourism": null }, "bbox": [ 7.0929876, 50.72556, 7.0936089, 50.725977 ], "geometry": { "type": "Polygon", "coordinates": [ [ [ 7.0934058, 50.725977 ], [ 7.0933645, 50.7259763 ], [ 7.0933546, 50.725974 ], [ 7.093335, 50.7259721 ], [ 7.0933164, 50.7259728 ], [ 7.0933073, 50.7259719 ], [ 7.0932987, 50.7259697 ], [ 7.0932908, 50.7259655 ], [ 7.0930016, 50.7257387 ], [ 7.0929923, 50.7257306 ], [ 7.0929876, 50.7257219 ], [ 7.0929903, 50.7257125 ], [ 7.0929948, 50.7257054 ], [ 7.092996, 50.725694 ], [ 7.0929914, 50.7256844 ], [ 7.0929914, 50.7256756 ], [ 7.0929953, 50.7256674 ], [ 7.0930042, 50.7256635 ], [ 7.0932104, 50.72556 ], [ 7.0936089, 50.7258813 ], [ 7.0934058, 50.725977 ] ] ] } },
{ "type": "Feature", "id": "map — multipolygons_572718202", "properties": { "barrier": null, "man_made": null, "name": null, "osm_id": null, "other_tags": null, "place": null, "source_layer": "map — multipolygons", "type": null, "admin_level": null, "aeroway": null, "amenity": null, "boundary": null, "building": null, "craft": null, "geological": null, "historic": null, "land_area": null, "landuse": "grass", "leisure": null, "military": null, "natural": null, "office": null, "osm_way_id": "572718202", "shop": null, "sport": null, "tourism": null }, "bbox": [ 7.0925752, 50.7252251, 7.0931818, 50.7256464 ], "geometry": { "type": "Polygon", "coordinates": [ [ [ 7.0928009, 50.7252251 ], [ 7.0931818, 50.7255336 ], [ 7.0929668, 50.7256432 ], [ 7.0929605, 50.7256458 ], [ 7.0929517, 50.7256464 ], [ 7.0929403, 50.7256442 ], [ 7.0929258, 50.7256409 ], [ 7.0929066, 50.7256399 ], [ 7.0928931, 50.7256403 ], [ 7.0928854, 50.7256404 ], [ 7.0928775, 50.7256398 ], [ 7.0928705, 50.7256365 ], [ 7.092864, 50.7256325 ], [ 7.0926089, 50.7254321 ], [ 7.0926068, 50.7254259 ], [ 7.0926079, 50.7254197 ], [ 7.0926108, 50.7254146 ], [ 7.0926139, 50.7253999 ], [ 7.0926118, 50.7253832 ], [ 7.0926061, 50.7253683 ], [ 7.092598, 50.7253569 ], [ 7.0925752, 50.7253394 ], [ 7.0928009, 50.7252251 ] ] ] } },
{ "type": "Feature", "id": "map — multipolygons_572718203", "properties": { "barrier": null, "man_made": null, "name": null, "osm_id": null, "other_tags": null, "place": null, "source_layer": "map — multipolygons", "type": null, "admin_level": null, "aeroway": null, "amenity": null, "boundary": null, "building": null, "craft": null, "geological": null, "historic": null, "land_area": null, "landuse": "grass", "leisure": null, "military": null, "natural": null, "office": null, "osm_way_id": "572718203", "shop": null, "sport": null, "tourism": null }, "bbox": [ 7.0922006, 50.7254217, 7.0932058, 50.7259737 ], "geometry": { "type": "Polygon", "coordinates": [ [ [ 7.0932058, 50.7259737 ], [ 7.0927438, 50.7259662 ], [ 7.0922006, 50.7255352 ], [ 7.0924217, 50.7254217 ], [ 7.0924401, 50.7254358 ], [ 7.0924564, 50.7254431 ], [ 7.0924752, 50.7254498 ], [ 7.0925, 50.7254549 ], [ 7.0925239, 50.7254554 ], [ 7.0925351, 50.7254553 ], [ 7.0925444, 50.7254565 ], [ 7.0925505, 50.7254608 ], [ 7.0928055, 50.7256583 ], [ 7.0928121, 50.7256639 ], [ 7.0928132, 50.7256684 ], [ 7.0928127, 50.7256732 ], [ 7.0928076, 50.7256814 ], [ 7.0928025, 50.7256954 ], [ 7.0928012, 50.7257084 ], [ 7.0928041, 50.7257167 ], [ 7.092804, 50.725725 ], [ 7.0927988, 50.7257326 ], [ 7.0927898, 50.7257394 ], [ 7.0927852, 50.7257452 ], [ 7.0927866, 50.7257526 ], [ 7.0927907, 50.7257557 ], [ 7.0927979, 50.7257584 ], [ 7.0928054, 50.7257598 ], [ 7.0928153, 50.7257577 ], [ 7.0928432, 50.7257508 ], [ 7.0928636, 50.7257539 ], [ 7.0928899, 50.7257572 ], [ 7.0929165, 50.7257564 ], [ 7.0929336, 50.7257594 ], [ 7.092944, 50.7257668 ], [ 7.0932058, 50.7259737 ] ] ] } },
{ "type": "Feature", "id": "map — multipolygons_572718204", "properties": { "barrier": null, "man_made": null, "name": null, "osm_id": null, "other_tags": null, "place": null, "source_layer": "map — multipolygons", "type": null, "admin_level": null, "aeroway": null, "amenity": null, "boundary": null, "building": null, "craft": null, "geological": null, "historic": null, "land_area": null, "landuse": "grass", "leisure": null, "military": null, "natural": null, "office": null, "osm_way_id": "572718204", "shop": null, "sport": null, "tourism": null }, "bbox": [ 7.0920447, 50.7255569, 7.0926929, 50.7259653 ], "geometry": { "type": "Polygon", "coordinates": [ [ [ 7.0926929, 50.7259653 ], [ 7.092482, 50.7259619 ], [ 7.0920447, 50.7256179 ], [ 7.0921659, 50.7255569 ], [ 7.0926929, 50.7259653 ] ] ] } },
{ "type": "Feature", "id": "map — multipolygons_572718205", "properties": { "barrier": null, "man_made": null, "name": null, "osm_id": null, "other_tags": null, "place": null, "source_layer": "map — multipolygons", "type": null, "admin_level": null, "aeroway": null, "amenity": null, "boundary": null, "building": null, "craft": null, "geological": null, "historic": null, "land_area": null, "landuse": "grass", "leisure": null, "military": null, "natural": null, "office": null, "osm_way_id": "572718205", "shop": null, "sport": null, "tourism": null }, "bbox": [ 7.0918185, 50.7256338, 7.0924424, 50.7259612 ], "geometry": { "type": "Polygon", "coordinates": [ [ [ 7.0924424, 50.7259612 ], [ 7.0920994, 50.7259556 ], [ 7.0918185, 50.725732 ], [ 7.0920193, 50.7256338 ], [ 7.0924424, 50.7259612 ] ] ] } },
{ "type": "Feature", "id": "map — multipolygons_574420481", "properties": { "barrier": null, "man_made": null, "name": null, "osm_id": null, "other_tags": "\"access\"=>\"private\",\"lit\"=>\"yes\",\"parking\"=>\"surface\",\"surface\"=>\"paving_stones\"", "place": null, "source_layer": "map — multipolygons", "type": null, "admin_level": null, "aeroway": null, "amenity": "parking", "boundary": null, "building": null, "craft": null, "geological": null, "historic": null, "land_area": null, "landuse": null, "leisure": null, "military": null, "natural": null, "office": null, "osm_way_id": "574420481", "shop": null, "sport": null, "tourism": null }, "bbox": [ 7.0896134, 50.7258922, 7.0896887, 50.7259161 ], "geometry": { "type": "Polygon", "coordinates": [ [ [ 7.0896887, 50.7259161 ], [ 7.0896134, 50.7259149 ], [ 7.0896589, 50.7258922 ], [ 7.0896887, 50.7259161 ] ] ] } },
{ "type": "Feature", "id": "map — multipolygons_574420508", "properties": { "barrier": null, "man_made": null, "name": "Nutzpflanzengarten", "osm_id": null, "other_tags": "\"access\"=>\"yes\",\"garden:type\"=>\"botanical\",\"operator\"=>\"Universität Bonn\",\"website\"=>\"https://www.botgart.uni-bonn.de/de/die-gaerten/nutzpflanzengarten\"", "place": null, "source_layer": "map — multipolygons", "type": null, "admin_level": null, "aeroway": null, "amenity": null, "boundary": null, "building": null, "craft": null, "geological": null, "historic": null, "land_area": null, "landuse": null, "leisure": "garden", "military": null, "natural": null, "office": null, "osm_way_id": "574420508", "shop": null, "sport": null, "tourism": null }, "bbox": [ 7.0895586, 50.7249315, 7.0896149, 50.7249932 ], "geometry": { "type": "Polygon", "coordinates": [ [ [ 7.0895586, 50.7249932 ], [ 7.0895612, 50.7249315 ], [ 7.0896149, 50.7249614 ], [ 7.0895586, 50.7249932 ] ] ] } },
{ "type": "Feature", "id": "map — multipolygons_574420518", "properties": { "barrier": null, "man_made": null, "name": null, "osm_id": null, "other_tags": "\"building:levels\"=>\"1\",\"capacity\"=>\"4\",\"roof:colour\"=>\"red\",\"roof:material\"=>\"roof_tiles\",\"roof:shape\"=>\"hipped\"", "place": null, "source_layer": "map — multipolygons", "type": null, "admin_level": null, "aeroway": null, "amenity": null, "boundary": null, "building": "garages", "craft": null, "geological": null, "historic": null, "land_area": null, "landuse": null, "leisure": null, "military": null, "natural": null, "office": null, "osm_way_id": "574420518", "shop": null, "sport": null, "tourism": null }, "bbox": [ 7.0895682, 50.7246639, 7.0897228, 50.7247802 ], "geometry": { "type": "Polygon", "coordinates": [ [ [ 7.0895682, 50.7247573 ], [ 7.0895702, 50.7247084 ], [ 7.0896561, 50.7246639 ], [ 7.0897228, 50.7247155 ], [ 7.0896509, 50.7247527 ], [ 7.0895979, 50.7247802 ], [ 7.0895682, 50.7247573 ] ] ] } },
{ "type": "Feature", "id": "map — multipolygons_574826764", "properties": { "barrier": null, "man_made": null, "name": null, "osm_id": null, "other_tags": "\"building:levels\"=>\"1\",\"material\"=>\"metal\",\"roof:shape\"=>\"flat\"", "place": null, "source_layer": "map — multipolygons", "type": null, "admin_level": null, "aeroway": null, "amenity": null, "boundary": null, "building": "roof", "craft": null, "geological": null, "historic": null, "land_area": null, "landuse": null, "leisure": null, "military": null, "natural": null, "office": null, "osm_way_id": "574826764", "shop": null, "sport": null, "tourism": null }, "bbox": [ 7.0897748, 50.7249032, 7.0898659, 50.7249679 ], "geometry": { "type": "Polygon", "coordinates": [ [ [ 7.0898365, 50.7249679 ], [ 7.0897748, 50.7249176 ], [ 7.0898042, 50.7249032 ], [ 7.0898659, 50.7249535 ], [ 7.0898365, 50.7249679 ] ] ] } },
{ "type": "Feature", "id": "map — multipolygons_574826766", "properties": { "barrier": null, "man_made": null, "name": null, "osm_id": null, "other_tags": "\"access\"=>\"private\",\"parking\"=>\"surface\"", "place": null, "source_layer": "map — multipolygons", "type": null, "admin_level": null, "aeroway": null, "amenity": "parking", "boundary": null, "building": null, "craft": null, "geological": null, "historic": null, "land_area": null, "landuse": null, "leisure": null, "military": null, "natural": null, "office": null, "osm_way_id": "574826766", "shop": null, "sport": null, "tourism": null }, "bbox": [ 7.0895979, 50.7247527, 7.0897933, 50.7248915 ], "geometry": { "type": "Polygon", "coordinates": [ [ [ 7.0897933, 50.7248643 ], [ 7.089742, 50.7248915 ], [ 7.0895979, 50.7247802 ], [ 7.0896509, 50.7247527 ], [ 7.0897933, 50.7248643 ] ] ] } },
{ "type": "Feature", "id": "map — multipolygons_575140588", "properties": { "barrier": null, "man_made": null, "name": null, "osm_id": null, "other_tags": "\"building:levels\"=>\"2\",\"building:min_level\"=>\"1\",\"layer\"=>\"2\",\"roof:shape\"=>\"gabled\"", "place": null, "source_layer": "map — multipolygons", "type": null, "admin_level": null, "aeroway": null, "amenity": null, "boundary": null, "building": "bridge", "craft": null, "geological": null, "historic": null, "land_area": null, "landuse": null, "leisure": null, "military": null, "natural": null, "office": null, "osm_way_id": "575140588", "shop": null, "sport": null, "tourism": null }, "bbox": [ 7.0907588, 50.725466, 7.0908917, 50.7255411 ], "geometry": { "type": "Polygon", "coordinates": [ [ [ 7.0908287, 50.7255185 ], [ 7.0907844, 50.7255411 ], [ 7.0907588, 50.7255207 ], [ 7.0908033, 50.725498 ], [ 7.0908659, 50.725466 ], [ 7.0908917, 50.7254863 ], [ 7.0908287, 50.7255185 ] ] ] } },
{ "type": "Feature", "id": "map — multipolygons_575140590", "properties": { "barrier": null, "man_made": null, "name": null, "osm_id": null, "other_tags": null, "place": null, "source_layer": "map — multipolygons", "type": null, "admin_level": null, "aeroway": null, "amenity": null, "boundary": null, "building": "bridge", "craft": null, "geological": null, "historic": null, "land_area": null, "landuse": null, "leisure": null, "military": null, "natural": null, "office": null, "osm_way_id": "575140590", "shop": null, "sport": null, "tourism": null }, "bbox": [ 7.0906893, 50.7251509, 7.0908147, 50.7252257 ], "geometry": { "type": "Polygon", "coordinates": [ [ [ 7.0908147, 50.7251824 ], [ 7.0907299, 50.7252257 ], [ 7.0906893, 50.725194 ], [ 7.0907741, 50.7251509 ], [ 7.0908147, 50.7251824 ] ] ] } },
{ "type": "Feature", "id": "map — multipolygons_690757091", "properties": { "barrier": null, "man_made": null, "name": null, "osm_id": null, "other_tags": "\"operator\"=>\"Nees\",\"outdoor_seating\"=>\"terrace\",\"weather_protection\"=>\"parasol\"", "place": null, "source_layer": "map — multipolygons", "type": null, "admin_level": null, "aeroway": null, "amenity": null, "boundary": null, "building": null, "craft": null, "geological": null, "historic": null, "land_area": null, "landuse": null, "leisure": "outdoor_seating", "military": null, "natural": null, "office": null, "osm_way_id": "690757091", "shop": null, "sport": null, "tourism": null }, "bbox": [ 7.0931287, 50.7252657, 7.0933966, 50.7254548 ], "geometry": { "type": "Polygon", "coordinates": [ [ [ 7.0932136, 50.7252657 ], [ 7.0933966, 50.7254124 ], [ 7.0933122, 50.7254548 ], [ 7.0931418, 50.7253181 ], [ 7.0931287, 50.7253081 ], [ 7.0932136, 50.7252657 ] ] ] } },
{ "type": "Feature", "id": "map — multipolygons_786331315", "properties": { "barrier": null, "man_made": null, "name": null, "osm_id": null, "other_tags": "\"access\"=>\"yes\",\"fee\"=>\"yes\",\"operator\"=>\"Grüne Flotte\"", "place": null, "source_layer": "map — multipolygons", "type": null, "admin_level": null, "aeroway": null, "amenity": "car_sharing", "boundary": null, "building": null, "craft": null, "geological": null, "historic": null, "land_area": null, "landuse": null, "leisure": null, "military": null, "natural": null, "office": null, "osm_way_id": "786331315", "shop": null, "sport": null, "tourism": null }, "bbox": [ 7.0895837, 50.7243459, 7.0896777, 50.7244103 ], "geometry": { "type": "Polygon", "coordinates": [ [ [ 7.0895837, 50.7243781 ], [ 7.089584, 50.7243693 ], [ 7.0896308, 50.7243459 ], [ 7.0896777, 50.7243834 ], [ 7.0896239, 50.7244103 ], [ 7.0895837, 50.7243781 ] ] ] } },
{ "type": "Feature", "id": "map — multipolygons_885308462", "properties": { "barrier": null, "man_made": null, "name": null, "osm_id": null, "other_tags": null, "place": null, "source_layer": "map — multipolygons", "type": null, "admin_level": null, "aeroway": null, "amenity": null, "boundary": null, "building": null, "craft": null, "geological": null, "historic": null, "land_area": null, "landuse": "grass", "leisure": null, "military": null, "natural": null, "office": null, "osm_way_id": "885308462", "shop": null, "sport": null, "tourism": null }, "bbox": [ 7.089536, 50.7253587, 7.0898599, 50.7255501 ], "geometry": { "type": "Polygon", "coordinates": [ [ [ 7.089536, 50.7255501 ], [ 7.0895386, 50.7254854 ], [ 7.0897736, 50.7253587 ], [ 7.0897852, 50.7253612 ], [ 7.0898599, 50.7253836 ], [ 7.089536, 50.7255501 ] ] ] } },
{ "type": "Feature", "id": "map — multipolygons_885308463", "properties": { "barrier": null, "man_made": null, "name": null, "osm_id": null, "other_tags": null, "place": null, "source_layer": "map — multipolygons", "type": null, "admin_level": null, "aeroway": null, "amenity": null, "boundary": null, "building": null, "craft": null, "geological": null, "historic": null, "land_area": null, "landuse": "grass", "leisure": null, "military": null, "natural": null, "office": null, "osm_way_id": "885308463", "shop": null, "sport": null, "tourism": null }, "bbox": [ 7.089817, 50.7253055, 7.090092, 50.7254829 ], "geometry": { "type": "Polygon", "coordinates": [ [ [ 7.0899017, 50.7253267 ], [ 7.090092, 50.7254726 ], [ 7.0900718, 50.7254815 ], [ 7.0900644, 50.7254829 ], [ 7.090057, 50.725482 ], [ 7.0900541, 50.7254797 ], [ 7.0900278, 50.7254593 ], [ 7.0899935, 50.7254546 ], [ 7.0898982, 50.7253791 ], [ 7.0898247, 50.7253397 ], [ 7.089817, 50.7253357 ], [ 7.0898732, 50.7253055 ], [ 7.0898785, 50.7253096 ], [ 7.0899017, 50.7253267 ] ] ] } },
{ "type": "Feature", "id": "map — multipolygons_885308470", "properties": { "barrier": null, "man_made": null, "name": null, "osm_id": null, "other_tags": null, "place": null, "source_layer": "map — multipolygons", "type": null, "admin_level": null, "aeroway": null, "amenity": null, "boundary": null, "building": null, "craft": null, "geological": null, "historic": null, "land_area": null, "landuse": null, "leisure": "garden", "military": null, "natural": null, "office": null, "osm_way_id": "885308470", "shop": null, "sport": null, "tourism": null }, "bbox": [ 7.0899846, 50.7250415, 7.0906194, 50.7254449 ], "geometry": { "type": "Polygon", "coordinates": [ [ [ 7.0906194, 50.7252494 ], [ 7.0902447, 50.7254449 ], [ 7.0902045, 50.7254139 ], [ 7.0900142, 50.7252679 ], [ 7.0899909, 50.7252499 ], [ 7.0899846, 50.7252451 ], [ 7.0903653, 50.7250453 ], [ 7.0903726, 50.7250415 ], [ 7.0904385, 50.7250916 ], [ 7.0904186, 50.7251021 ], [ 7.0905241, 50.7251824 ], [ 7.0905427, 50.7251726 ], [ 7.0906193, 50.7252309 ], [ 7.0906194, 50.7252494 ] ] ] } },
{ "type": "Feature", "id": "map — multipolygons_885308471", "properties": { "barrier": null, "man_made": null, "name": null, "osm_id": null, "other_tags": null, "place": null, "source_layer": "map — multipolygons", "type": null, "admin_level": null, "aeroway": null, "amenity": null, "boundary": null, "building": null, "craft": null, "geological": null, "historic": null, "land_area": null, "landuse": "grass", "leisure": null, "military": null, "natural": null, "office": null, "osm_way_id": "885308471", "shop": null, "sport": null, "tourism": null }, "bbox": [ 7.0905315, 50.7249384, 7.0906355, 50.725003 ], "geometry": { "type": "Polygon", "coordinates": [ [ [ 7.0905909, 50.725003 ], [ 7.0905315, 50.7249578 ], [ 7.0905593, 50.7249426 ], [ 7.0905726, 50.7249384 ], [ 7.0905785, 50.7249388 ], [ 7.0905831, 50.7249404 ], [ 7.0906355, 50.7249797 ], [ 7.0905909, 50.725003 ] ] ] } },
{ "type": "Feature", "id": "map — multipolygons_885308472", "properties": { "barrier": null, "man_made": null, "name": null, "osm_id": null, "other_tags": null, "place": null, "source_layer": "map — multipolygons", "type": null, "admin_level": null, "aeroway": null, "amenity": null, "boundary": null, "building": null, "craft": null, "geological": null, "historic": null, "land_area": null, "landuse": "grass", "leisure": null, "military": null, "natural": null, "office": null, "osm_way_id": "885308472", "shop": null, "sport": null, "tourism": null }, "bbox": [ 7.0907227, 50.7250843, 7.0908213, 50.7251477 ], "geometry": { "type": "Polygon", "coordinates": [ [ [ 7.0908213, 50.7251277 ], [ 7.0907801, 50.7251477 ], [ 7.0907227, 50.7251053 ], [ 7.0907653, 50.7250843 ], [ 7.0908213, 50.7251277 ] ] ] } },
{ "type": "Feature", "id": "map — multipolygons_885308474", "properties": { "barrier": null, "man_made": null, "name": null, "osm_id": null, "other_tags": null, "place": null, "source_layer": "map — multipolygons", "type": null, "admin_level": null, "aeroway": null, "amenity": null, "boundary": null, "building": null, "craft": null, "geological": null, "historic": null, "land_area": null, "landuse": null, "leisure": null, "military": null, "natural": "scrub", "office": null, "osm_way_id": "885308474", "shop": null, "sport": null, "tourism": null }, "bbox": [ 7.0898732, 50.7252451, 7.0900142, 50.7253267 ], "geometry": { "type": "Polygon", "coordinates": [ [ [ 7.0900142, 50.7252679 ], [ 7.0899017, 50.7253267 ], [ 7.0898785, 50.7253096 ], [ 7.0898732, 50.7253055 ], [ 7.0899846, 50.7252451 ], [ 7.0899909, 50.7252499 ], [ 7.0900142, 50.7252679 ] ] ] } },
{ "type": "Feature", "id": "map — multipolygons_885330787", "properties": { "barrier": null, "man_made": null, "name": null, "osm_id": null, "other_tags": null, "place": null, "source_layer": "map — multipolygons", "type": null, "admin_level": null, "aeroway": null, "amenity": null, "boundary": null, "building": null, "craft": null, "geological": null, "historic": null, "land_area": null, "landuse": "grass", "leisure": null, "military": null, "natural": null, "office": null, "osm_way_id": "885330787", "shop": null, "sport": null, "tourism": null }, "bbox": [ 7.0900636, 50.7247293, 7.0904777, 50.7250648 ], "geometry": { "type": "Polygon", "coordinates": [ [ [ 7.0901428, 50.7250648 ], [ 7.0900636, 50.7250047 ], [ 7.0903296, 50.7248676 ], [ 7.0902129, 50.7247757 ], [ 7.0902187, 50.7247728 ], [ 7.0903022, 50.7247293 ], [ 7.0904777, 50.7248766 ], [ 7.0904763, 50.7248878 ], [ 7.090422, 50.7249166 ], [ 7.0901428, 50.7250648 ] ] ] } },
{ "type": "Feature", "id": "map — multipolygons_885330788", "properties": { "barrier": null, "man_made": null, "name": null, "osm_id": null, "other_tags": null, "place": null, "source_layer": "map — multipolygons", "type": null, "admin_level": null, "aeroway": null, "amenity": null, "boundary": null, "building": null, "craft": null, "geological": null, "historic": null, "land_area": null, "landuse": "grass", "leisure": null, "military": null, "natural": null, "office": null, "osm_way_id": "885330788", "shop": null, "sport": null, "tourism": null }, "bbox": [ 7.0899579, 50.7244839, 7.0902167, 50.7246986 ], "geometry": { "type": "Polygon", "coordinates": [ [ [ 7.0900022, 50.7244839 ], [ 7.0902167, 50.7246616 ], [ 7.0901409, 50.7246986 ], [ 7.0900441, 50.7246247 ], [ 7.0900671, 50.7246123 ], [ 7.0900558, 50.7246034 ], [ 7.0900673, 50.7245975 ], [ 7.0900649, 50.7245957 ], [ 7.0900677, 50.7245942 ], [ 7.0900524, 50.7245822 ], [ 7.0900497, 50.7245835 ], [ 7.090045, 50.7245798 ], [ 7.0900578, 50.7245736 ], [ 7.0899893, 50.7245205 ], [ 7.0899778, 50.7245268 ], [ 7.0899701, 50.7245207 ], [ 7.0899727, 50.7245193 ], [ 7.0899579, 50.724508 ], [ 7.0900022, 50.7244839 ] ] ] } },
{ "type": "Feature", "id": "map — multipolygons_885331807", "properties": { "barrier": null, "man_made": null, "name": null, "osm_id": null, "other_tags": null, "place": null, "source_layer": "map — multipolygons", "type": null, "admin_level": null, "aeroway": null, "amenity": null, "boundary": null, "building": null, "craft": null, "geological": null, "historic": null, "land_area": null, "landuse": "grass", "leisure": null, "military": null, "natural": null, "office": null, "osm_way_id": "885331807", "shop": null, "sport": null, "tourism": null }, "bbox": [ 7.0895537, 50.7250149, 7.0898946, 50.7253039 ], "geometry": { "type": "Polygon", "coordinates": [ [ [ 7.0895537, 50.7251143 ], [ 7.0895547, 50.72509 ], [ 7.0896158, 50.725058 ], [ 7.0896012, 50.7250464 ], [ 7.0896635, 50.7250149 ], [ 7.0898946, 50.7251997 ], [ 7.0896967, 50.7253039 ], [ 7.0895866, 50.7252208 ], [ 7.0896545, 50.7251863 ], [ 7.0895596, 50.7251113 ], [ 7.0895537, 50.7251143 ] ] ] } },
{ "type": "Feature", "id": "map — multipolygons_885331808", "properties": { "barrier": null, "man_made": null, "name": null, "osm_id": null, "other_tags": null, "place": null, "source_layer": "map — multipolygons", "type": null, "admin_level": null, "aeroway": null, "amenity": null, "boundary": null, "building": null, "craft": null, "geological": null, "historic": null, "land_area": null, "landuse": "grass", "leisure": null, "military": null, "natural": null, "office": null, "osm_way_id": "885331808", "shop": null, "sport": null, "tourism": null }, "bbox": [ 7.089658, 50.7249089, 7.0899648, 50.725179 ], "geometry": { "type": "Polygon", "coordinates": [ [ [ 7.0897538, 50.7250099 ], [ 7.0899648, 50.7251776 ], [ 7.0899335, 50.725179 ], [ 7.089658, 50.7249643 ], [ 7.0897638, 50.7249089 ], [ 7.0897748, 50.7249176 ], [ 7.0898365, 50.7249679 ], [ 7.0897538, 50.7250099 ] ] ] } },
{ "type": "Feature", "id": "map — multipolygons_885331809", "properties": { "barrier": null, "man_made": null, "name": null, "osm_id": null, "other_tags": null, "place": null, "source_layer": "map — multipolygons", "type": null, "admin_level": null, "aeroway": null, "amenity": null, "boundary": null, "building": null, "craft": null, "geological": null, "historic": null, "land_area": null, "landuse": "grass", "leisure": null, "military": null, "natural": null, "office": null, "osm_way_id": "885331809", "shop": null, "sport": null, "tourism": null }, "bbox": [ 7.089558, 50.7249811, 7.089655, 50.7250357 ], "geometry": { "type": "Polygon", "coordinates": [ [ [ 7.089558, 50.72501 ], [ 7.089558, 50.725008 ], [ 7.0896106, 50.7249811 ], [ 7.0896243, 50.7249816 ], [ 7.089655, 50.7250053 ], [ 7.089593, 50.7250357 ], [ 7.089558, 50.72501 ] ] ] } },
{ "type": "Feature", "id": "map — multipolygons_885493060", "properties": { "barrier": null, "man_made": null, "name": null, "osm_id": null, "other_tags": null, "place": null, "source_layer": "map — multipolygons", "type": null, "admin_level": null, "aeroway": null, "amenity": null, "boundary": null, "building": null, "craft": null, "geological": null, "historic": null, "land_area": null, "landuse": "grass", "leisure": null, "military": null, "natural": null, "office": null, "osm_way_id": "885493060", "shop": null, "sport": null, "tourism": null }, "bbox": [ 7.0917685, 50.725926, 7.0918468, 50.7259515 ], "geometry": { "type": "Polygon", "coordinates": [ [ [ 7.0918468, 50.7259515 ], [ 7.0917685, 50.7259502 ], [ 7.0918174, 50.725926 ], [ 7.0918468, 50.7259515 ] ] ] } },
{ "type": "Feature", "id": "map — multipolygons_885493066", "properties": { "barrier": null, "man_made": null, "name": null, "osm_id": null, "other_tags": null, "place": null, "source_layer": "map — multipolygons", "type": null, "admin_level": null, "aeroway": null, "amenity": null, "boundary": null, "building": null, "craft": null, "geological": null, "historic": null, "land_area": null, "landuse": "grass", "leisure": null, "military": null, "natural": null, "office": null, "osm_way_id": "885493066", "shop": null, "sport": null, "tourism": null }, "bbox": [ 7.0913872, 50.7256606, 7.0915904, 50.7257649 ], "geometry": { "type": "Polygon", "coordinates": [ [ [ 7.09153, 50.7257137 ], [ 7.0914284, 50.7257649 ], [ 7.0913916, 50.7257357 ], [ 7.0913872, 50.7257187 ], [ 7.0915024, 50.7256606 ], [ 7.0915904, 50.7257341 ], [ 7.0915704, 50.7257442 ], [ 7.09153, 50.7257137 ] ] ] } },
{ "type": "Feature", "id": "map — multipolygons_885493067", "properties": { "barrier": null, "man_made": null, "name": null, "osm_id": null, "other_tags": null, "place": null, "source_layer": "map — multipolygons", "type": null, "admin_level": null, "aeroway": null, "amenity": null, "boundary": null, "building": null, "craft": null, "geological": null, "historic": null, "land_area": null, "landuse": "grass", "leisure": null, "military": null, "natural": null, "office": null, "osm_way_id": "885493067", "shop": null, "sport": null, "tourism": null }, "bbox": [ 7.0912065, 50.7255495, 7.0914829, 50.7257033 ], "geometry": { "type": "Polygon", "coordinates": [ [ [ 7.0914829, 50.7256459 ], [ 7.0913682, 50.7257033 ], [ 7.0913346, 50.7256951 ], [ 7.0912562, 50.7256317 ], [ 7.0912356, 50.7256424 ], [ 7.0912065, 50.7256188 ], [ 7.091336, 50.7255495 ], [ 7.0913655, 50.7255516 ], [ 7.0914829, 50.7256459 ] ] ] } },
{ "type": "Feature", "id": "map — multipolygons_885493068", "properties": { "barrier": null, "man_made": null, "name": null, "osm_id": null, "other_tags": "\"access\"=>\"private\",\"parking\"=>\"surface\"", "place": null, "source_layer": "map — multipolygons", "type": null, "admin_level": null, "aeroway": null, "amenity": "parking", "boundary": null, "building": null, "craft": null, "geological": null, "historic": null, "land_area": null, "landuse": null, "leisure": null, "military": null, "natural": null, "office": null, "osm_way_id": "885493068", "shop": null, "sport": null, "tourism": null }, "bbox": [ 7.0913625, 50.7257137, 7.0916534, 50.7258983 ], "geometry": { "type": "Polygon", "coordinates": [ [ [ 7.0916534, 50.7258162 ], [ 7.0914945, 50.7258983 ], [ 7.0914571, 50.7258719 ], [ 7.0913723, 50.7258061 ], [ 7.0913625, 50.7257985 ], [ 7.0914077, 50.725775 ], [ 7.0914284, 50.7257649 ], [ 7.09153, 50.7257137 ], [ 7.0915704, 50.7257442 ], [ 7.0915904, 50.7257341 ], [ 7.091645, 50.7257765 ], [ 7.09162, 50.7257897 ], [ 7.0916534, 50.7258162 ] ] ] } },
{ "type": "Feature", "id": "map — multipolygons_885493069", "properties": { "barrier": null, "man_made": null, "name": null, "osm_id": null, "other_tags": null, "place": null, "source_layer": "map — multipolygons", "type": null, "admin_level": null, "aeroway": null, "amenity": null, "boundary": null, "building": null, "craft": null, "geological": null, "historic": null, "land_area": null, "landuse": "grass", "leisure": null, "military": null, "natural": null, "office": null, "osm_way_id": "885493069", "shop": null, "sport": null, "tourism": null }, "bbox": [ 7.0911519, 50.7257765, 7.0917769, 50.7259483 ], "geometry": { "type": "MultiPolygon", "coordinates": [ [ [ [ 7.0916533, 50.7259483 ], [ 7.0913172, 50.7259428 ], [ 7.0914571, 50.7258719 ], [ 7.0914945, 50.7258983 ], [ 7.0916534, 50.7258162 ], [ 7.09162, 50.7257897 ], [ 7.091645, 50.7257765 ], [ 7.0916809, 50.7258048 ], [ 7.0917769, 50.7258897 ], [ 7.0916533, 50.7259483 ] ] ], [ [ [ 7.091175, 50.7259405 ], [ 7.0911519, 50.7259401 ], [ 7.0911655, 50.7259331 ], [ 7.091175, 50.7259405 ] ] ] ] } },
{ "type": "Feature", "id": "map — multipolygons_885493071", "properties": { "barrier": null, "man_made": null, "name": null, "osm_id": null, "other_tags": null, "place": null, "source_layer": "map — multipolygons", "type": null, "admin_level": null, "aeroway": null, "amenity": null, "boundary": null, "building": null, "craft": null, "geological": null, "historic": null, "land_area": null, "landuse": "grass", "leisure": null, "military": null, "natural": null, "office": null, "osm_way_id": "885493071", "shop": null, "sport": null, "tourism": null }, "bbox": [ 7.0911512, 50.7256279, 7.0912061, 50.7256618 ], "geometry": { "type": "Polygon", "coordinates": [ [ [ 7.0911844, 50.7256279 ], [ 7.0912061, 50.7256438 ], [ 7.0911714, 50.7256618 ], [ 7.0911512, 50.7256461 ], [ 7.0911844, 50.7256279 ] ] ] } },
{ "type": "Feature", "id": "map — multipolygons_885493078", "properties": { "barrier": null, "man_made": null, "name": null, "osm_id": null, "other_tags": null, "place": null, "source_layer": "map — multipolygons", "type": null, "admin_level": null, "aeroway": null, "amenity": null, "boundary": null, "building": null, "craft": null, "geological": null, "historic": null, "land_area": null, "landuse": "grass", "leisure": null, "military": null, "natural": null, "office": null, "osm_way_id": "885493078", "shop": null, "sport": null, "tourism": null }, "bbox": [ 7.0908513, 50.7258371, 7.0910551, 50.7259359 ], "geometry": { "type": "Polygon", "coordinates": [ [ [ 7.0908955, 50.7259359 ], [ 7.0908572, 50.7259353 ], [ 7.090852, 50.7259316 ], [ 7.0908513, 50.7259295 ], [ 7.0908525, 50.7259276 ], [ 7.0910242, 50.7258384 ], [ 7.0910294, 50.7258371 ], [ 7.091034, 50.7258384 ], [ 7.0910551, 50.7258531 ], [ 7.0908955, 50.7259359 ] ] ] } },
{ "type": "Feature", "id": "map — multipolygons_885493079", "properties": { "barrier": null, "man_made": null, "name": null, "osm_id": null, "other_tags": null, "place": null, "source_layer": "map — multipolygons", "type": null, "admin_level": null, "aeroway": null, "amenity": null, "boundary": null, "building": null, "craft": null, "geological": null, "historic": null, "land_area": null, "landuse": "grass", "leisure": null, "military": null, "natural": null, "office": null, "osm_way_id": "885493079", "shop": null, "sport": null, "tourism": null }, "bbox": [ 7.0907231, 50.7257318, 7.091071, 50.725909 ], "geometry": { "type": "Polygon", "coordinates": [ [ [ 7.0908584, 50.7259084 ], [ 7.0908551, 50.725909 ], [ 7.0908525, 50.7259083 ], [ 7.0908442, 50.7259026 ], [ 7.0907732, 50.725906 ], [ 7.0907231, 50.7258675 ], [ 7.0909855, 50.7257318 ], [ 7.091071, 50.7257975 ], [ 7.0910353, 50.7258162 ], [ 7.0908584, 50.7259084 ] ] ] } },
{ "type": "Feature", "id": "map — multipolygons_885496093", "properties": { "barrier": null, "man_made": null, "name": null, "osm_id": null, "other_tags": null, "place": null, "source_layer": "map — multipolygons", "type": null, "admin_level": null, "aeroway": null, "amenity": null, "boundary": null, "building": null, "craft": null, "geological": null, "historic": null, "land_area": null, "landuse": "grass", "leisure": null, "military": null, "natural": null, "office": null, "osm_way_id": "885496093", "shop": null, "sport": null, "tourism": null }, "bbox": [ 7.0904007, 50.7255851, 7.0909084, 50.7258308 ], "geometry": { "type": "Polygon", "coordinates": [ [ [ 7.0908579, 50.7255998 ], [ 7.0908885, 50.7255851 ], [ 7.0909049, 50.7255963 ], [ 7.0909084, 50.7256016 ], [ 7.0909068, 50.7256081 ], [ 7.0909007, 50.7256125 ], [ 7.090495, 50.7258238 ], [ 7.0904776, 50.7258291 ], [ 7.0904616, 50.7258308 ], [ 7.0904434, 50.7258291 ], [ 7.0904238, 50.7258247 ], [ 7.0904115, 50.7258181 ], [ 7.0904007, 50.7258118 ], [ 7.0904535, 50.7257852 ], [ 7.090485, 50.7258103 ], [ 7.0906079, 50.7257487 ], [ 7.0905887, 50.7257334 ], [ 7.0908022, 50.7256264 ], [ 7.0908105, 50.72563 ], [ 7.0908184, 50.7256311 ], [ 7.0908268, 50.7256323 ], [ 7.0908364, 50.7256312 ], [ 7.0908452, 50.7256287 ], [ 7.0908512, 50.7256248 ], [ 7.0908562, 50.7256215 ], [ 7.0908585, 50.7256168 ], [ 7.0908622, 50.7256091 ], [ 7.0908579, 50.7255998 ] ] ] } },
{ "type": "Feature", "id": "map — multipolygons_885496097", "properties": { "barrier": null, "man_made": null, "name": null, "osm_id": null, "other_tags": null, "place": null, "source_layer": "map — multipolygons", "type": null, "admin_level": null, "aeroway": null, "amenity": null, "boundary": null, "building": null, "craft": null, "geological": null, "historic": null, "land_area": null, "landuse": "grass", "leisure": null, "military": null, "natural": null, "office": null, "osm_way_id": "885496097", "shop": null, "sport": null, "tourism": null }, "bbox": [ 7.0905148, 50.7258738, 7.090642, 50.72593 ], "geometry": { "type": "Polygon", "coordinates": [ [ [ 7.0905382, 50.72593 ], [ 7.0905148, 50.7259297 ], [ 7.0906234, 50.7258738 ], [ 7.090642, 50.7258888 ], [ 7.0905837, 50.7259191 ], [ 7.0905382, 50.72593 ] ] ] } },
{ "type": "Feature", "id": "map — multipolygons_885499805", "properties": { "barrier": null, "man_made": null, "name": null, "osm_id": null, "other_tags": null, "place": null, "source_layer": "map — multipolygons", "type": null, "admin_level": null, "aeroway": null, "amenity": null, "boundary": null, "building": null, "craft": null, "geological": null, "historic": null, "land_area": null, "landuse": "grass", "leisure": null, "military": null, "natural": null, "office": null, "osm_way_id": "885499805", "shop": null, "sport": null, "tourism": null }, "bbox": [ 7.090642, 50.7249913, 7.0907524, 50.7250764 ], "geometry": { "type": "Polygon", "coordinates": [ [ [ 7.0906442, 50.7249939 ], [ 7.0906499, 50.7249913 ], [ 7.0907524, 50.7250738 ], [ 7.0907476, 50.7250757 ], [ 7.0907414, 50.7250764 ], [ 7.0907361, 50.7250742 ], [ 7.0906434, 50.7250016 ], [ 7.090642, 50.7249974 ], [ 7.0906442, 50.7249939 ] ] ] } },
{ "type": "Feature", "id": "map — multipolygons_885917790", "properties": { "barrier": null, "man_made": null, "name": null, "osm_id": null, "other_tags": null, "place": null, "source_layer": "map — multipolygons", "type": null, "admin_level": null, "aeroway": null, "amenity": null, "boundary": null, "building": null, "craft": null, "geological": null, "historic": null, "land_area": null, "landuse": "grass", "leisure": null, "military": null, "natural": null, "office": null, "osm_way_id": "885917790", "shop": null, "sport": null, "tourism": null }, "bbox": [ 7.0917809, 50.7244965, 7.0919827, 50.7246247 ], "geometry": { "type": "Polygon", "coordinates": [ [ [ 7.0919827, 50.724569 ], [ 7.0918731, 50.7246247 ], [ 7.0917809, 50.7245544 ], [ 7.0918933, 50.7244965 ], [ 7.0919827, 50.724569 ] ] ] } },
{ "type": "Feature", "id": "map — multipolygons_885917791", "properties": { "barrier": null, "man_made": null, "name": null, "osm_id": null, "other_tags": null, "place": null, "source_layer": "map — multipolygons", "type": null, "admin_level": null, "aeroway": null, "amenity": null, "boundary": null, "building": null, "craft": null, "geological": null, "historic": null, "land_area": null, "landuse": "grass", "leisure": null, "military": null, "natural": null, "office": null, "osm_way_id": "885917791", "shop": null, "sport": null, "tourism": null }, "bbox": [ 7.0916669, 50.7244088, 7.0918663, 50.7245341 ], "geometry": { "type": "Polygon", "coordinates": [ [ [ 7.0918663, 50.7244753 ], [ 7.0917528, 50.7245341 ], [ 7.0916669, 50.7244676 ], [ 7.0917804, 50.7244088 ], [ 7.0918663, 50.7244753 ] ] ] } },
{ "type": "Feature", "id": "map — multipolygons_885917792", "properties": { "barrier": null, "man_made": null, "name": null, "osm_id": null, "other_tags": null, "place": null, "source_layer": "map — multipolygons", "type": null, "admin_level": null, "aeroway": null, "amenity": null, "boundary": null, "building": null, "craft": null, "geological": null, "historic": null, "land_area": null, "landuse": "grass", "leisure": null, "military": null, "natural": null, "office": null, "osm_way_id": "885917792", "shop": null, "sport": null, "tourism": null }, "bbox": [ 7.0911537, 50.7247606, 7.0914697, 50.7249595 ], "geometry": { "type": "Polygon", "coordinates": [ [ [ 7.0914697, 50.7248324 ], [ 7.0912241, 50.7249595 ], [ 7.0911584, 50.7249069 ], [ 7.0911537, 50.7248971 ], [ 7.0911551, 50.7248859 ], [ 7.0911617, 50.7248728 ], [ 7.0913797, 50.7247606 ], [ 7.0914697, 50.7248324 ] ] ] } },
{ "type": "Feature", "id": "map — multipolygons_885917793", "properties": { "barrier": null, "man_made": null, "name": null, "osm_id": null, "other_tags": null, "place": null, "source_layer": "map — multipolygons", "type": null, "admin_level": null, "aeroway": null, "amenity": null, "boundary": null, "building": null, "craft": null, "geological": null, "historic": null, "land_area": null, "landuse": "grass", "leisure": null, "military": null, "natural": null, "office": null, "osm_way_id": "885917793", "shop": null, "sport": null, "tourism": null }, "bbox": [ 7.0911353, 50.7246721, 7.0913526, 50.7248323 ], "geometry": { "type": "Polygon", "coordinates": [ [ [ 7.0913526, 50.7247385 ], [ 7.0911677, 50.7248323 ], [ 7.0911475, 50.7248178 ], [ 7.0911394, 50.7248097 ], [ 7.0911361, 50.7247996 ], [ 7.0911353, 50.7247896 ], [ 7.0911412, 50.724771 ], [ 7.0911556, 50.7247481 ], [ 7.0911788, 50.7247236 ], [ 7.0912138, 50.7247022 ], [ 7.091272, 50.7246721 ], [ 7.0913526, 50.7247385 ] ] ] } },
{ "type": "Feature", "id": "map — multipolygons_885917798", "properties": { "barrier": null, "man_made": null, "name": null, "osm_id": null, "other_tags": null, "place": null, "source_layer": "map — multipolygons", "type": null, "admin_level": null, "aeroway": null, "amenity": null, "boundary": null, "building": null, "craft": null, "geological": null, "historic": null, "land_area": null, "landuse": "grass", "leisure": null, "military": null, "natural": null, "office": null, "osm_way_id": "885917798", "shop": null, "sport": null, "tourism": null }, "bbox": [ 7.0916654, 50.7245774, 7.0918053, 50.7246767 ], "geometry": { "type": "Polygon", "coordinates": [ [ [ 7.0918053, 50.7246124 ], [ 7.0916825, 50.7246767 ], [ 7.0916736, 50.7246699 ], [ 7.0916654, 50.7246635 ], [ 7.091762, 50.7246129 ], [ 7.0917334, 50.7245911 ], [ 7.0917468, 50.7245841 ], [ 7.0917595, 50.7245774 ], [ 7.0918053, 50.7246124 ] ] ] } },
{ "type": "Feature", "id": "map — multipolygons_885917799", "properties": { "barrier": null, "man_made": null, "name": null, "osm_id": null, "other_tags": null, "place": null, "source_layer": "map — multipolygons", "type": null, "admin_level": null, "aeroway": null, "amenity": null, "boundary": null, "building": null, "craft": null, "geological": null, "historic": null, "land_area": null, "landuse": "grass", "leisure": null, "military": null, "natural": null, "office": null, "osm_way_id": "885917799", "shop": null, "sport": null, "tourism": null }, "bbox": [ 7.0914222, 50.7247061, 7.0915972, 50.7247884 ], "geometry": { "type": "Polygon", "coordinates": [ [ [ 7.0915865, 50.7247142 ], [ 7.0915972, 50.7247226 ], [ 7.091468, 50.7247884 ], [ 7.0914222, 50.7247524 ], [ 7.0914356, 50.7247456 ], [ 7.0914507, 50.7247379 ], [ 7.0914754, 50.7247573 ], [ 7.0915761, 50.7247061 ], [ 7.0915865, 50.7247142 ] ] ] } },
{ "type": "Feature", "id": "map — multipolygons_885917800", "properties": { "barrier": null, "man_made": null, "name": null, "osm_id": null, "other_tags": null, "place": null, "source_layer": "map — multipolygons", "type": null, "admin_level": null, "aeroway": null, "amenity": null, "boundary": null, "building": null, "craft": null, "geological": null, "historic": null, "land_area": null, "landuse": "grass", "leisure": null, "military": null, "natural": null, "office": null, "osm_way_id": "885917800", "shop": null, "sport": null, "tourism": null }, "bbox": [ 7.0912985, 50.7245904, 7.0914465, 50.7247134 ], "geometry": { "type": "Polygon", "coordinates": [ [ [ 7.0913979, 50.7247001 ], [ 7.0913861, 50.7247063 ], [ 7.0913727, 50.7247134 ], [ 7.0912985, 50.7246568 ], [ 7.091425, 50.7245904 ], [ 7.0914354, 50.7245983 ], [ 7.0914465, 50.7246068 ], [ 7.0913453, 50.7246599 ], [ 7.0913979, 50.7247001 ] ] ] } },
{ "type": "Feature", "id": "map — multipolygons_885917801", "properties": { "barrier": null, "man_made": null, "name": null, "osm_id": null, "other_tags": null, "place": null, "source_layer": "map — multipolygons", "type": null, "admin_level": null, "aeroway": null, "amenity": null, "boundary": null, "building": null, "craft": null, "geological": null, "historic": null, "land_area": null, "landuse": "grass", "leisure": null, "military": null, "natural": null, "office": null, "osm_way_id": "885917801", "shop": null, "sport": null, "tourism": null }, "bbox": [ 7.0915177, 50.7244837, 7.0917103, 50.7245602 ], "geometry": { "type": "Polygon", "coordinates": [ [ [ 7.0916319, 50.7245105 ], [ 7.0915359, 50.7245602 ], [ 7.0915267, 50.7245532 ], [ 7.0915177, 50.7245462 ], [ 7.0916384, 50.7244837 ], [ 7.0917103, 50.7245393 ], [ 7.0916962, 50.7245467 ], [ 7.0916856, 50.7245521 ], [ 7.0916319, 50.7245105 ] ] ] } },
{ "type": "Feature", "id": "map — multipolygons_885917802", "properties": { "barrier": null, "man_made": null, "name": null, "osm_id": null, "other_tags": null, "place": null, "source_layer": "map — multipolygons", "type": null, "admin_level": null, "aeroway": null, "amenity": null, "boundary": null, "building": null, "craft": null, "geological": null, "historic": null, "land_area": null, "landuse": "grass", "leisure": null, "military": null, "natural": null, "office": null, "osm_way_id": "885917802", "shop": null, "sport": null, "tourism": null }, "bbox": [ 7.0917809, 50.7243212, 7.0920895, 50.7245486 ], "geometry": { "type": "Polygon", "coordinates": [ [ [ 7.0920109, 50.7245486 ], [ 7.0919992, 50.7245453 ], [ 7.0919338, 50.7244932 ], [ 7.0919704, 50.7244759 ], [ 7.0919125, 50.7244259 ], [ 7.0918739, 50.7244456 ], [ 7.0917897, 50.7243777 ], [ 7.0917809, 50.7243578 ], [ 7.0918573, 50.7243212 ], [ 7.0920895, 50.7245104 ], [ 7.0920109, 50.7245486 ] ] ] } },
{ "type": "Feature", "id": "map — multipolygons_885917803", "properties": { "barrier": null, "man_made": null, "name": null, "osm_id": null, "other_tags": null, "place": null, "source_layer": "map — multipolygons", "type": null, "admin_level": null, "aeroway": null, "amenity": null, "boundary": null, "building": null, "craft": null, "geological": null, "historic": null, "land_area": null, "landuse": "grass", "leisure": null, "military": null, "natural": null, "office": null, "osm_way_id": "885917803", "shop": null, "sport": null, "tourism": null }, "bbox": [ 7.0914537, 50.724312, 7.0916853, 50.7244685 ], "geometry": { "type": "Polygon", "coordinates": [ [ [ 7.0915295, 50.7244685 ], [ 7.0914537, 50.7244118 ], [ 7.0916473, 50.724312 ], [ 7.0916853, 50.7243449 ], [ 7.0916785, 50.7243901 ], [ 7.0915295, 50.7244685 ] ] ] } },
{ "type": "Feature", "id": "map — multipolygons_885917804", "properties": { "barrier": null, "man_made": null, "name": null, "osm_id": null, "other_tags": null, "place": null, "source_layer": "map — multipolygons", "type": null, "admin_level": null, "aeroway": null, "amenity": null, "boundary": null, "building": null, "craft": null, "geological": null, "historic": null, "land_area": null, "landuse": "grass", "leisure": null, "military": null, "natural": null, "office": null, "osm_way_id": "885917804", "shop": null, "sport": null, "tourism": null }, "bbox": [ 7.0910558, 50.7245281, 7.0912986, 50.7246796 ], "geometry": { "type": "Polygon", "coordinates": [ [ [ 7.0911067, 50.7246536 ], [ 7.0910558, 50.7246136 ], [ 7.0912237, 50.7245281 ], [ 7.0912986, 50.7245875 ], [ 7.0912174, 50.7246303 ], [ 7.0912252, 50.7246364 ], [ 7.0911423, 50.7246796 ], [ 7.0911067, 50.7246536 ] ] ] } },
{ "type": "Feature", "id": "map — multipolygons_885927042", "properties": { "barrier": null, "man_made": null, "name": "Regenwaldhaus", "osm_id": null, "other_tags": "\"building:part\"=>\"yes\"", "place": null, "source_layer": "map — multipolygons", "type": null, "admin_level": null, "aeroway": null, "amenity": null, "boundary": null, "building": null, "craft": null, "geological": null, "historic": null, "land_area": null, "landuse": null, "leisure": null, "military": null, "natural": null, "office": null, "osm_way_id": "885927042", "shop": null, "sport": null, "tourism": "attraction" }, "bbox": [ 7.0909505, 50.7243484, 7.0914278, 50.7246209 ], "geometry": { "type": "Polygon", "coordinates": [ [ [ 7.0910558, 50.7246136 ], [ 7.0910415, 50.7246209 ], [ 7.0909505, 50.72455 ], [ 7.09096, 50.7245453 ], [ 7.090985, 50.7245323 ], [ 7.0910675, 50.7244896 ], [ 7.0911281, 50.7244584 ], [ 7.0911727, 50.7244355 ], [ 7.0911612, 50.7244269 ], [ 7.091239, 50.7243873 ], [ 7.0913153, 50.7243484 ], [ 7.0913244, 50.7243554 ], [ 7.0913434, 50.7243716 ], [ 7.0914123, 50.7244304 ], [ 7.0914278, 50.7244422 ], [ 7.0914172, 50.7244476 ], [ 7.0913742, 50.7244705 ], [ 7.0913193, 50.7244997 ], [ 7.0912878, 50.7245165 ], [ 7.0912811, 50.72452 ], [ 7.0912648, 50.7245071 ], [ 7.0912237, 50.7245281 ], [ 7.0910558, 50.7246136 ] ] ] } },
{ "type": "Feature", "id": "map — multipolygons_885927043", "properties": { "barrier": null, "man_made": null, "name": "Victoriahaus", "osm_id": null, "other_tags": "\"building:part\"=>\"yes\"", "place": null, "source_layer": "map — multipolygons", "type": null, "admin_level": null, "aeroway": null, "amenity": null, "boundary": null, "building": null, "craft": null, "geological": null, "historic": null, "land_area": null, "landuse": null, "leisure": null, "military": null, "natural": null, "office": null, "osm_way_id": "885927043", "shop": null, "sport": null, "tourism": "attraction" }, "bbox": [ 7.0908861, 50.7241328, 7.0913153, 50.7244269 ], "geometry": { "type": "Polygon", "coordinates": [ [ [ 7.091239, 50.7243873 ], [ 7.0911612, 50.7244269 ], [ 7.0910158, 50.7243126 ], [ 7.0908861, 50.7242106 ], [ 7.0909238, 50.7241914 ], [ 7.090903, 50.7241751 ], [ 7.0909858, 50.7241328 ], [ 7.0910078, 50.7241501 ], [ 7.0910413, 50.724133 ], [ 7.0910607, 50.7241483 ], [ 7.0913153, 50.7243484 ], [ 7.091239, 50.7243873 ] ] ] } },
{ "type": "Feature", "id": "map — multipolygons_886262300", "properties": { "barrier": null, "man_made": null, "name": null, "osm_id": null, "other_tags": null, "place": null, "source_layer": "map — multipolygons", "type": null, "admin_level": null, "aeroway": null, "amenity": null, "boundary": null, "building": null, "craft": null, "geological": null, "historic": null, "land_area": null, "landuse": "grass", "leisure": null, "military": null, "natural": null, "office": null, "osm_way_id": "886262300", "shop": null, "sport": null, "tourism": null }, "bbox": [ 7.0906266, 50.7246693, 7.0910408, 50.7249749 ], "geometry": { "type": "Polygon", "coordinates": [ [ [ 7.0909269, 50.7249523 ], [ 7.0908838, 50.7249749 ], [ 7.0906935, 50.7248282 ], [ 7.0906266, 50.7247781 ], [ 7.0908472, 50.7246693 ], [ 7.0909904, 50.7247838 ], [ 7.0909825, 50.7247976 ], [ 7.0909825, 50.7248098 ], [ 7.0909883, 50.7248196 ], [ 7.0910287, 50.7248562 ], [ 7.0910383, 50.7248673 ], [ 7.0910404, 50.724875 ], [ 7.0910408, 50.7248838 ], [ 7.0910341, 50.7248944 ], [ 7.0910228, 50.7249023 ], [ 7.0909508, 50.7249391 ], [ 7.0909402, 50.7249325 ], [ 7.0909695, 50.7249172 ], [ 7.0909095, 50.724871 ], [ 7.0908271, 50.7249141 ], [ 7.0908872, 50.7249602 ], [ 7.0909176, 50.7249443 ], [ 7.0909269, 50.7249523 ] ] ] } },
{ "type": "Feature", "id": "map — multipolygons_886262301", "properties": { "barrier": null, "man_made": null, "name": null, "osm_id": null, "other_tags": null, "place": null, "source_layer": "map — multipolygons", "type": null, "admin_level": null, "aeroway": null, "amenity": null, "boundary": null, "building": null, "craft": null, "geological": null, "historic": null, "land_area": null, "landuse": "grass", "leisure": null, "military": null, "natural": null, "office": null, "osm_way_id": "886262301", "shop": null, "sport": null, "tourism": null }, "bbox": [ 7.0902633, 50.7242319, 7.0908313, 50.7247625 ], "geometry": { "type": "Polygon", "coordinates": [ [ [ 7.0908313, 50.7246549 ], [ 7.0906071, 50.7247625 ], [ 7.090565, 50.7247288 ], [ 7.0904819, 50.7246521 ], [ 7.0904075, 50.7245726 ], [ 7.0903585, 50.7245131 ], [ 7.0903179, 50.724452 ], [ 7.0902908, 50.7244057 ], [ 7.090273, 50.7243582 ], [ 7.0902633, 50.72431 ], [ 7.0902687, 50.7242719 ], [ 7.0902864, 50.7242319 ], [ 7.0903539, 50.724277 ], [ 7.090292, 50.724311 ], [ 7.0905951, 50.7245405 ], [ 7.0906491, 50.7245122 ], [ 7.0908313, 50.7246549 ] ] ] } },
{ "type": "Feature", "id": "map — multipolygons_886262305", "properties": { "barrier": null, "man_made": null, "name": null, "osm_id": null, "other_tags": null, "place": null, "source_layer": "map — multipolygons", "type": null, "admin_level": null, "aeroway": null, "amenity": null, "boundary": null, "building": null, "craft": null, "geological": null, "historic": null, "land_area": null, "landuse": "grass", "leisure": null, "military": null, "natural": null, "office": null, "osm_way_id": "886262305", "shop": null, "sport": null, "tourism": null }, "bbox": [ 7.0932121, 50.7252172, 7.0934964, 50.7253917 ], "geometry": { "type": "Polygon", "coordinates": [ [ [ 7.0934825, 50.725364 ], [ 7.0934195, 50.7253917 ], [ 7.0932121, 50.7252252 ], [ 7.0932288, 50.7252172 ], [ 7.0932618, 50.7252361 ], [ 7.0933325, 50.7252711 ], [ 7.0933998, 50.7252979 ], [ 7.0934512, 50.7253137 ], [ 7.0934753, 50.7253214 ], [ 7.0934907, 50.7253311 ], [ 7.0934964, 50.7253363 ], [ 7.0934873, 50.7253433 ], [ 7.0934815, 50.7253533 ], [ 7.0934825, 50.725364 ] ] ] } },
{ "type": "Feature", "id": "map — multipolygons_886262306", "properties": { "barrier": null, "man_made": null, "name": null, "osm_id": null, "other_tags": null, "place": null, "source_layer": "map — multipolygons", "type": null, "admin_level": null, "aeroway": null, "amenity": null, "boundary": null, "building": null, "craft": null, "geological": null, "historic": null, "land_area": null, "landuse": "grass", "leisure": null, "military": null, "natural": null, "office": null, "osm_way_id": "886262306", "shop": null, "sport": null, "tourism": null }, "bbox": [ 7.0930213, 50.7253519, 7.0932627, 50.7255228 ], "geometry": { "type": "Polygon", "coordinates": [ [ [ 7.0932519, 50.7254826 ], [ 7.0932627, 50.7254913 ], [ 7.093201, 50.7255228 ], [ 7.0930213, 50.725377 ], [ 7.0930742, 50.7253519 ], [ 7.0932428, 50.7254871 ], [ 7.0932519, 50.7254826 ] ] ] } },
{ "type": "Feature", "id": "map — multipolygons_886262307", "properties": { "barrier": null, "man_made": null, "name": null, "osm_id": null, "other_tags": null, "place": null, "source_layer": "map — multipolygons", "type": null, "admin_level": null, "aeroway": null, "amenity": null, "boundary": null, "building": null, "craft": null, "geological": null, "historic": null, "land_area": null, "landuse": "grass", "leisure": null, "military": null, "natural": null, "office": null, "osm_way_id": "886262307", "shop": null, "sport": null, "tourism": null }, "bbox": [ 7.0932294, 50.7255151, 7.093694, 50.7258674 ], "geometry": { "type": "Polygon", "coordinates": [ [ [ 7.0932294, 50.7255479 ], [ 7.0932924, 50.7255151 ], [ 7.0933031, 50.7255236 ], [ 7.0932945, 50.7255279 ], [ 7.0934616, 50.7256619 ], [ 7.0935439, 50.7257241 ], [ 7.093694, 50.7258409 ], [ 7.0936391, 50.7258674 ], [ 7.0932294, 50.7255479 ] ] ] } },
{ "type": "Feature", "id": "map — multipolygons_886426920", "properties": { "barrier": null, "man_made": null, "name": null, "osm_id": null, "other_tags": null, "place": null, "source_layer": "map — multipolygons", "type": null, "admin_level": null, "aeroway": null, "amenity": null, "boundary": null, "building": null, "craft": null, "geological": null, "historic": null, "land_area": null, "landuse": "grass", "leisure": null, "military": null, "natural": null, "office": null, "osm_way_id": "886426920", "shop": null, "sport": null, "tourism": null }, "bbox": [ 7.0929752, 50.7247804, 7.0935652, 50.7251716 ], "geometry": { "type": "Polygon", "coordinates": [ [ [ 7.0930359, 50.725084 ], [ 7.0929752, 50.7250361 ], [ 7.0934708, 50.7247804 ], [ 7.0935652, 50.7248559 ], [ 7.0934764, 50.7248685 ], [ 7.0934107, 50.7248935 ], [ 7.0934049, 50.7249214 ], [ 7.0934337, 50.7249462 ], [ 7.0934808, 50.7249645 ], [ 7.0935076, 50.7250059 ], [ 7.093496, 50.7251472 ], [ 7.0933915, 50.7251658 ], [ 7.0933149, 50.7251716 ], [ 7.093243, 50.7251687 ], [ 7.0931879, 50.7251595 ], [ 7.0931329, 50.7251464 ], [ 7.0930936, 50.7251274 ], [ 7.0930659, 50.7251099 ], [ 7.0930359, 50.725084 ] ] ] } },
{ "type": "Feature", "id": "map — multipolygons_886426921", "properties": { "barrier": null, "man_made": null, "name": null, "osm_id": null, "other_tags": null, "place": null, "source_layer": "map — multipolygons", "type": null, "admin_level": null, "aeroway": null, "amenity": null, "boundary": null, "building": null, "craft": null, "geological": null, "historic": null, "land_area": null, "landuse": "grass", "leisure": null, "military": null, "natural": null, "office": null, "osm_way_id": "886426921", "shop": null, "sport": null, "tourism": null }, "bbox": [ 7.0932657, 50.7251499, 7.0936776, 50.7253277 ], "geometry": { "type": "Polygon", "coordinates": [ [ [ 7.0935396, 50.7253213 ], [ 7.093521, 50.7253249 ], [ 7.0935093, 50.7253145 ], [ 7.0934915, 50.7253028 ], [ 7.0934765, 50.7252965 ], [ 7.0934437, 50.7252877 ], [ 7.0933959, 50.7252723 ], [ 7.0933523, 50.725254 ], [ 7.0933024, 50.7252306 ], [ 7.0932715, 50.7252141 ], [ 7.0932667, 50.7252097 ], [ 7.0932657, 50.7252064 ], [ 7.0932678, 50.7252037 ], [ 7.0932714, 50.7252029 ], [ 7.0932775, 50.7252027 ], [ 7.0933057, 50.7252043 ], [ 7.093355, 50.7252034 ], [ 7.0934139, 50.725196 ], [ 7.0935031, 50.725179 ], [ 7.093572, 50.7251666 ], [ 7.0936583, 50.7251501 ], [ 7.093668, 50.7251499 ], [ 7.0936748, 50.7251526 ], [ 7.0936776, 50.7251574 ], [ 7.0936758, 50.72518 ], [ 7.0936642, 50.7252219 ], [ 7.0936389, 50.7252712 ], [ 7.0936218, 50.7252999 ], [ 7.0935936, 50.7253277 ], [ 7.0935787, 50.7253232 ], [ 7.0935623, 50.7253206 ], [ 7.0935396, 50.7253213 ] ] ] } },
{ "type": "Feature", "id": "map — multipolygons_886426923", "properties": { "barrier": null, "man_made": null, "name": null, "osm_id": null, "other_tags": null, "place": null, "source_layer": "map — multipolygons", "type": null, "admin_level": null, "aeroway": null, "amenity": null, "boundary": null, "building": null, "craft": null, "geological": null, "historic": null, "land_area": null, "landuse": "grass", "leisure": null, "military": null, "natural": null, "office": null, "osm_way_id": "886426923", "shop": null, "sport": null, "tourism": null }, "bbox": [ 7.0909221, 50.7249263, 7.0918764, 50.7256692 ], "geometry": { "type": "Polygon", "coordinates": [ [ [ 7.0918764, 50.725598 ], [ 7.0917404, 50.7256692 ], [ 7.0909221, 50.7250042 ], [ 7.0910288, 50.7249482 ], [ 7.0910523, 50.7249365 ], [ 7.0910687, 50.7249307 ], [ 7.0910849, 50.7249263 ], [ 7.0911007, 50.7249265 ], [ 7.0911144, 50.7249287 ], [ 7.0911321, 50.7249374 ], [ 7.0912716, 50.7250514 ], [ 7.091335, 50.7250912 ], [ 7.0917272, 50.7254043 ], [ 7.0917101, 50.725413 ], [ 7.0918764, 50.725598 ] ] ] } },
{ "type": "Feature", "id": "map — multipolygons_886931748", "properties": { "barrier": null, "man_made": null, "name": null, "osm_id": null, "other_tags": null, "place": null, "source_layer": "map — multipolygons", "type": null, "admin_level": null, "aeroway": null, "amenity": null, "boundary": null, "building": null, "craft": null, "geological": null, "historic": null, "land_area": null, "landuse": "grass", "leisure": null, "military": null, "natural": null, "office": null, "osm_way_id": "886931748", "shop": null, "sport": null, "tourism": null }, "bbox": [ 7.0937292, 50.7250298, 7.0938077, 50.7251141 ], "geometry": { "type": "Polygon", "coordinates": [ [ [ 7.0938077, 50.7250361 ], [ 7.0938045, 50.7251141 ], [ 7.0937509, 50.7251098 ], [ 7.0937368, 50.7251094 ], [ 7.0937307, 50.7251056 ], [ 7.0937292, 50.7251005 ], [ 7.0937327, 50.7250848 ], [ 7.0937418, 50.7250624 ], [ 7.0937544, 50.7250438 ], [ 7.0937691, 50.725032 ], [ 7.0937848, 50.7250298 ], [ 7.0938077, 50.7250361 ] ] ] } },
{ "type": "Feature", "id": "map — multipolygons_886931749", "properties": { "barrier": null, "man_made": null, "name": null, "osm_id": null, "other_tags": null, "place": null, "source_layer": "map — multipolygons", "type": null, "admin_level": null, "aeroway": null, "amenity": null, "boundary": null, "building": null, "craft": null, "geological": null, "historic": null, "land_area": null, "landuse": "grass", "leisure": null, "military": null, "natural": null, "office": null, "osm_way_id": "886931749", "shop": null, "sport": null, "tourism": null }, "bbox": [ 7.0935916, 50.725204, 7.0937985, 50.7255136 ], "geometry": { "type": "Polygon", "coordinates": [ [ [ 7.0937985, 50.7252615 ], [ 7.0937883, 50.7255136 ], [ 7.0937659, 50.7255129 ], [ 7.0937248, 50.7255053 ], [ 7.0936761, 50.7254884 ], [ 7.0936514, 50.7254785 ], [ 7.093633, 50.7254662 ], [ 7.093621, 50.7254543 ], [ 7.0936019, 50.7254252 ], [ 7.0935916, 50.7254037 ], [ 7.0936072, 50.7253961 ], [ 7.093618, 50.7253841 ], [ 7.0936211, 50.7253713 ], [ 7.0936215, 50.7253597 ], [ 7.0936176, 50.7253531 ], [ 7.093632, 50.725343 ], [ 7.0936529, 50.7253239 ], [ 7.0936661, 50.7253069 ], [ 7.0936848, 50.7252752 ], [ 7.0936999, 50.7252438 ], [ 7.093715, 50.725204 ], [ 7.0937701, 50.7252471 ], [ 7.0937985, 50.7252615 ] ] ] } },
{ "type": "Feature", "id": "map — multipolygons_886931765", "properties": { "barrier": null, "man_made": null, "name": null, "osm_id": null, "other_tags": null, "place": null, "source_layer": "map — multipolygons", "type": null, "admin_level": null, "aeroway": null, "amenity": null, "boundary": null, "building": null, "craft": null, "geological": null, "historic": null, "land_area": null, "landuse": "grass", "leisure": null, "military": null, "natural": null, "office": null, "osm_way_id": "886931765", "shop": null, "sport": null, "tourism": null }, "bbox": [ 7.0929851, 50.7251054, 7.0932288, 50.7252252 ], "geometry": { "type": "Polygon", "coordinates": [ [ [ 7.0932288, 50.7252172 ], [ 7.0932121, 50.7252252 ], [ 7.0931831, 50.7252149 ], [ 7.0931642, 50.7252096 ], [ 7.0931539, 50.7252093 ], [ 7.0931448, 50.7252133 ], [ 7.0931303, 50.7252018 ], [ 7.093124, 50.725197 ], [ 7.0931174, 50.725195 ], [ 7.0931099, 50.7251951 ], [ 7.0931032, 50.7251967 ], [ 7.0930879, 50.7251855 ], [ 7.0930417, 50.7252098 ], [ 7.093025, 50.7252053 ], [ 7.093017, 50.7252043 ], [ 7.0930143, 50.7252021 ], [ 7.0930318, 50.7251923 ], [ 7.0930204, 50.7251841 ], [ 7.0930564, 50.7251647 ], [ 7.0929851, 50.7251102 ], [ 7.0929969, 50.7251054 ], [ 7.0930606, 50.7251532 ], [ 7.0930815, 50.7251656 ], [ 7.0931095, 50.7251752 ], [ 7.093149, 50.7251856 ], [ 7.0931729, 50.7251904 ], [ 7.0932021, 50.7252019 ], [ 7.0932288, 50.7252172 ] ] ] } },
{ "type": "Feature", "id": "map — multipolygons_886931766", "properties": { "barrier": null, "man_made": null, "name": null, "osm_id": null, "other_tags": null, "place": null, "source_layer": "map — multipolygons", "type": null, "admin_level": null, "aeroway": null, "amenity": null, "boundary": null, "building": null, "craft": null, "geological": null, "historic": null, "land_area": null, "landuse": "grass", "leisure": null, "military": null, "natural": null, "office": null, "osm_way_id": "886931766", "shop": null, "sport": null, "tourism": null }, "bbox": [ 7.0927612, 50.7249285, 7.0929773, 50.7250971 ], "geometry": { "type": "Polygon", "coordinates": [ [ [ 7.0927725, 50.7249285 ], [ 7.0929773, 50.7250917 ], [ 7.0929666, 50.7250971 ], [ 7.0928858, 50.7250328 ], [ 7.0927964, 50.7250778 ], [ 7.0927804, 50.725065 ], [ 7.0928693, 50.7250203 ], [ 7.0927612, 50.7249341 ], [ 7.0927725, 50.7249285 ] ] ] } },
{ "type": "Feature", "id": "map — multipolygons_886931767", "properties": { "barrier": null, "man_made": null, "name": null, "osm_id": null, "other_tags": null, "place": null, "source_layer": "map — multipolygons", "type": null, "admin_level": null, "aeroway": null, "amenity": null, "boundary": null, "building": null, "craft": null, "geological": null, "historic": null, "land_area": null, "landuse": null, "leisure": null, "military": null, "natural": "scrub", "office": null, "osm_way_id": "886931767", "shop": null, "sport": null, "tourism": null }, "bbox": [ 7.0931881, 50.7252252, 7.0934195, 50.7254023 ], "geometry": { "type": "Polygon", "coordinates": [ [ [ 7.0932121, 50.7252252 ], [ 7.0934195, 50.7253917 ], [ 7.0933972, 50.7254023 ], [ 7.0931881, 50.7252371 ], [ 7.0932121, 50.7252252 ] ] ] } },
{ "type": "Feature", "id": "map — multipolygons_886931768", "properties": { "barrier": null, "man_made": null, "name": null, "osm_id": null, "other_tags": null, "place": null, "source_layer": "map — multipolygons", "type": null, "admin_level": null, "aeroway": null, "amenity": null, "boundary": null, "building": null, "craft": null, "geological": null, "historic": null, "land_area": null, "landuse": null, "leisure": null, "military": null, "natural": "scrub", "office": null, "osm_way_id": "886931768", "shop": null, "sport": null, "tourism": null }, "bbox": [ 7.0931448, 50.7252093, 7.0932121, 50.7252371 ], "geometry": { "type": "Polygon", "coordinates": [ [ [ 7.0932121, 50.7252252 ], [ 7.0931881, 50.7252371 ], [ 7.0931676, 50.72522 ], [ 7.0931585, 50.7252242 ], [ 7.0931448, 50.7252133 ], [ 7.0931539, 50.7252093 ], [ 7.0931642, 50.7252096 ], [ 7.0931831, 50.7252149 ], [ 7.0932121, 50.7252252 ] ] ] } },
{ "type": "Feature", "id": "map — multipolygons_886931769", "properties": { "barrier": null, "man_made": null, "name": null, "osm_id": null, "other_tags": null, "place": null, "source_layer": "map — multipolygons", "type": null, "admin_level": null, "aeroway": null, "amenity": null, "boundary": null, "building": null, "craft": null, "geological": null, "historic": null, "land_area": null, "landuse": null, "leisure": null, "military": null, "natural": "scrub", "office": null, "osm_way_id": "886931769", "shop": null, "sport": null, "tourism": null }, "bbox": [ 7.0931032, 50.725195, 7.0931303, 50.7252081 ], "geometry": { "type": "Polygon", "coordinates": [ [ [ 7.093124, 50.725197 ], [ 7.0931303, 50.7252018 ], [ 7.0931167, 50.7252081 ], [ 7.0931032, 50.7251967 ], [ 7.0931099, 50.7251951 ], [ 7.0931174, 50.725195 ], [ 7.093124, 50.725197 ] ] ] } },
{ "type": "Feature", "id": "map — multipolygons_887379258", "properties": { "barrier": null, "man_made": null, "name": null, "osm_id": null, "other_tags": null, "place": null, "source_layer": "map — multipolygons", "type": null, "admin_level": null, "aeroway": null, "amenity": null, "boundary": null, "building": null, "craft": null, "geological": null, "historic": null, "land_area": null, "landuse": "grass", "leisure": null, "military": null, "natural": null, "office": null, "osm_way_id": "887379258", "shop": null, "sport": null, "tourism": null }, "bbox": [ 7.093723, 50.7258378, 7.0937751, 50.725902 ], "geometry": { "type": "Polygon", "coordinates": [ [ [ 7.0937751, 50.7258378 ], [ 7.0937725, 50.725902 ], [ 7.093723, 50.7258635 ], [ 7.0937751, 50.7258378 ] ] ] } },
{ "type": "Feature", "id": "map — multipolygons_887379261", "properties": { "barrier": null, "man_made": null, "name": null, "osm_id": null, "other_tags": null, "place": null, "source_layer": "map — multipolygons", "type": null, "admin_level": null, "aeroway": null, "amenity": null, "boundary": null, "building": null, "craft": null, "geological": null, "historic": null, "land_area": null, "landuse": "grass", "leisure": null, "military": null, "natural": null, "office": null, "osm_way_id": "887379261", "shop": null, "sport": null, "tourism": null }, "bbox": [ 7.0937286, 50.7247268, 7.0938202, 50.7248365 ], "geometry": { "type": "Polygon", "coordinates": [ [ [ 7.0938202, 50.7247268 ], [ 7.0938158, 50.7248365 ], [ 7.0937812, 50.7248234 ], [ 7.0937535, 50.7248112 ], [ 7.0937347, 50.7247997 ], [ 7.0937286, 50.7247843 ], [ 7.0937342, 50.7247714 ], [ 7.0937444, 50.7247607 ], [ 7.0937557, 50.72475 ], [ 7.0937725, 50.724741 ], [ 7.0937986, 50.7247335 ], [ 7.0938202, 50.7247268 ] ] ] } },
{ "type": "Feature", "id": "map — multipolygons_890184143", "properties": { "barrier": null, "man_made": null, "name": null, "osm_id": null, "other_tags": null, "place": null, "source_layer": "map — multipolygons", "type": null, "admin_level": null, "aeroway": null, "amenity": null, "boundary": null, "building": null, "craft": null, "geological": null, "historic": null, "land_area": null, "landuse": "grass", "leisure": null, "military": null, "natural": null, "office": null, "osm_way_id": "890184143", "shop": null, "sport": null, "tourism": null }, "bbox": [ 7.0901455, 50.7242061, 7.090238, 50.72441 ], "geometry": { "type": "Polygon", "coordinates": [ [ [ 7.0902189, 50.7243697 ], [ 7.090238, 50.7244015 ], [ 7.0902144, 50.72441 ], [ 7.0901641, 50.7243405 ], [ 7.0901512, 50.7243139 ], [ 7.0901455, 50.7242838 ], [ 7.0901466, 50.7242625 ], [ 7.0901513, 50.7242378 ], [ 7.0901605, 50.7242205 ], [ 7.0901708, 50.7242061 ], [ 7.0902287, 50.7242297 ], [ 7.0902166, 50.7242683 ], [ 7.0902104, 50.7243117 ], [ 7.0902122, 50.7243469 ], [ 7.0902189, 50.7243697 ] ] ] } },
{ "type": "Feature", "id": "map — multipolygons_890194508", "properties": { "barrier": null, "man_made": null, "name": null, "osm_id": null, "other_tags": null, "place": null, "source_layer": "map — multipolygons", "type": null, "admin_level": null, "aeroway": null, "amenity": null, "boundary": null, "building": null, "craft": null, "geological": null, "historic": null, "land_area": null, "landuse": "grass", "leisure": null, "military": null, "natural": null, "office": null, "osm_way_id": "890194508", "shop": null, "sport": null, "tourism": null }, "bbox": [ 7.0915903, 50.7245397, 7.0916352, 50.7245657 ], "geometry": { "type": "Polygon", "coordinates": [ [ [ 7.091601, 50.7245657 ], [ 7.0915903, 50.7245574 ], [ 7.0916245, 50.7245397 ], [ 7.0916352, 50.724548 ], [ 7.091601, 50.7245657 ] ] ] } },
{ "type": "Feature", "id": "map — multipolygons_890194509", "properties": { "barrier": null, "man_made": null, "name": null, "osm_id": null, "other_tags": null, "place": null, "source_layer": "map — multipolygons", "type": null, "admin_level": null, "aeroway": null, "amenity": null, "boundary": null, "building": null, "craft": null, "geological": null, "historic": null, "land_area": null, "landuse": "grass", "leisure": null, "military": null, "natural": null, "office": null, "osm_way_id": "890194509", "shop": null, "sport": null, "tourism": null }, "bbox": [ 7.0916718, 50.7246023, 7.0917151, 50.7246272 ], "geometry": { "type": "Polygon", "coordinates": [ [ [ 7.0916814, 50.7246272 ], [ 7.0916718, 50.7246198 ], [ 7.0917055, 50.7246023 ], [ 7.0917151, 50.7246097 ], [ 7.0916814, 50.7246272 ] ] ] } },
{ "type": "Feature", "id": "map — multipolygons_890194510", "properties": { "barrier": null, "man_made": null, "name": null, "osm_id": null, "other_tags": null, "place": null, "source_layer": "map — multipolygons", "type": null, "admin_level": null, "aeroway": null, "amenity": null, "boundary": null, "building": null, "craft": null, "geological": null, "historic": null, "land_area": null, "landuse": "grass", "leisure": null, "military": null, "natural": null, "office": null, "osm_way_id": "890194510", "shop": null, "sport": null, "tourism": null }, "bbox": [ 7.0914724, 50.7247052, 7.0915162, 50.7247304 ], "geometry": { "type": "Polygon", "coordinates": [ [ [ 7.0915063, 50.7247052 ], [ 7.0915162, 50.7247129 ], [ 7.0914824, 50.7247304 ], [ 7.0914724, 50.7247227 ], [ 7.0915063, 50.7247052 ] ] ] } },
{ "type": "Feature", "id": "map — multipolygons_890194511", "properties": { "barrier": null, "man_made": null, "name": null, "osm_id": null, "other_tags": null, "place": null, "source_layer": "map — multipolygons", "type": null, "admin_level": null, "aeroway": null, "amenity": null, "boundary": null, "building": null, "craft": null, "geological": null, "historic": null, "land_area": null, "landuse": "grass", "leisure": null, "military": null, "natural": null, "office": null, "osm_way_id": "890194511", "shop": null, "sport": null, "tourism": null }, "bbox": [ 7.0913917, 50.7246425, 7.0914363, 50.7246682 ], "geometry": { "type": "Polygon", "coordinates": [ [ [ 7.0914363, 50.7246502 ], [ 7.0914018, 50.7246682 ], [ 7.0913917, 50.7246604 ], [ 7.0914263, 50.7246425 ], [ 7.0914363, 50.7246502 ] ] ] } },
{ "type": "Feature", "id": "map — multipolygons_892751678", "properties": { "barrier": null, "man_made": null, "name": null, "osm_id": null, "other_tags": null, "place": null, "source_layer": "map — multipolygons", "type": null, "admin_level": null, "aeroway": null, "amenity": null, "boundary": null, "building": null, "craft": null, "geological": null, "historic": null, "land_area": null, "landuse": "grass", "leisure": null, "military": null, "natural": null, "office": null, "osm_way_id": "892751678", "shop": null, "sport": null, "tourism": null }, "bbox": [ 7.0934789, 50.7258635, 7.0937725, 50.7259806 ], "geometry": { "type": "Polygon", "coordinates": [ [ [ 7.0937725, 50.725902 ], [ 7.0937724, 50.7259056 ], [ 7.0936257, 50.7259806 ], [ 7.0934789, 50.7259782 ], [ 7.093723, 50.7258635 ], [ 7.0937725, 50.725902 ] ] ] } },
{ "type": "Feature", "id": "map — multipolygons_1066138236", "properties": { "barrier": null, "man_made": null, "name": null, "osm_id": null, "other_tags": null, "place": null, "source_layer": "map — multipolygons", "type": null, "admin_level": null, "aeroway": null, "amenity": null, "boundary": null, "building": null, "craft": null, "geological": null, "historic": null, "land_area": null, "landuse": "flowerbed", "leisure": null, "military": null, "natural": null, "office": null, "osm_way_id": "1066138236", "shop": null, "sport": null, "tourism": null }, "bbox": [ 7.0902571, 50.7255906, 7.0902947, 50.7256145 ], "geometry": { "type": "Polygon", "coordinates": [ [ [ 7.0902595, 50.7256085 ], [ 7.0902573, 50.7256049 ], [ 7.0902571, 50.725601 ], [ 7.0902589, 50.7255972 ], [ 7.0902625, 50.7255941 ], [ 7.0902675, 50.7255918 ], [ 7.0902734, 50.7255906 ], [ 7.0902796, 50.7255907 ], [ 7.0902853, 50.7255921 ], [ 7.0902901, 50.7255946 ], [ 7.0902932, 50.7255975 ], [ 7.0902947, 50.7256009 ], [ 7.0902946, 50.7256044 ], [ 7.0902929, 50.7256078 ], [ 7.0902898, 50.7256107 ], [ 7.0902854, 50.7256129 ], [ 7.0902803, 50.7256142 ], [ 7.0902747, 50.7256145 ], [ 7.0902687, 50.7256136 ], [ 7.0902634, 50.7256116 ], [ 7.0902595, 50.7256085 ] ] ] } },
{ "type": "Feature", "id": "map — multipolygons_1102854959", "properties": { "barrier": null, "man_made": null, "name": null, "osm_id": null, "other_tags": "\"access\"=>\"yes\",\"capacity\"=>\"2\",\"capacity:disabled\"=>\"2\",\"fee\"=>\"no\",\"orientation\"=>\"parallel\",\"parking\"=>\"on_kerb\",\"surface\"=>\"paving_stones\"", "place": null, "source_layer": "map — multipolygons", "type": null, "admin_level": null, "aeroway": null, "amenity": "parking", "boundary": null, "building": null, "craft": null, "geological": null, "historic": null, "land_area": null, "landuse": null, "leisure": null, "military": null, "natural": null, "office": null, "osm_way_id": "1102854959", "shop": null, "sport": null, "tourism": null }, "bbox": [ 7.0908979, 50.7251574, 7.0910408, 50.7252666 ], "geometry": { "type": "Polygon", "coordinates": [ [ [ 7.0909784, 50.725206 ], [ 7.0910408, 50.7252559 ], [ 7.0910201, 50.7252666 ], [ 7.0909577, 50.7252163 ], [ 7.0908979, 50.725168 ], [ 7.0909177, 50.7251574 ], [ 7.0909784, 50.725206 ] ] ] } },
{ "type": "Feature", "id": "map — multipolygons_1105865287", "properties": { "barrier": null, "man_made": null, "name": null, "osm_id": null, "other_tags": "\"bicycle_parking\"=>\"stands\",\"capacity\"=>\"4\",\"covered\"=>\"no\"", "place": null, "source_layer": "map — multipolygons", "type": null, "admin_level": null, "aeroway": null, "amenity": "bicycle_parking", "boundary": null, "building": null, "craft": null, "geological": null, "historic": null, "land_area": null, "landuse": null, "leisure": null, "military": null, "natural": null, "office": null, "osm_way_id": "1105865287", "shop": null, "sport": null, "tourism": null }, "bbox": [ 7.090042, 50.7245, 7.0901042, 50.7245445 ], "geometry": { "type": "Polygon", "coordinates": [ [ [ 7.0900811, 50.7245445 ], [ 7.090042, 50.7245107 ], [ 7.0900651, 50.7245 ], [ 7.0901042, 50.7245338 ], [ 7.0900811, 50.7245445 ] ] ] } },
{ "type": "Feature", "id": "map — multipolygons_1355429662", "properties": { "barrier": null, "man_made": null, "name": "Mittelmeerhaus", "osm_id": null, "other_tags": "\"building:part\"=>\"yes\"", "place": null, "source_layer": "map — multipolygons", "type": null, "admin_level": null, "aeroway": null, "amenity": null, "boundary": null, "building": null, "craft": null, "geological": null, "historic": null, "land_area": null, "landuse": null, "leisure": null, "military": null, "natural": null, "office": null, "osm_way_id": "1355429662", "shop": null, "sport": null, "tourism": "attraction" }, "bbox": [ 7.0913244, 50.7242382, 7.0916473, 50.7244304 ], "geometry": { "type": "Polygon", "coordinates": [ [ [ 7.0913434, 50.7243716 ], [ 7.0913244, 50.7243554 ], [ 7.0913811, 50.7243265 ], [ 7.0914432, 50.7242949 ], [ 7.0915545, 50.7242382 ], [ 7.0916473, 50.724312 ], [ 7.0914123, 50.7244304 ], [ 7.0913434, 50.7243716 ] ] ] } },
{ "type": "Feature", "id": "map — multipolygons_1355429664", "properties": { "barrier": null, "man_made": null, "name": "Monsunhaus", "osm_id": null, "other_tags": "\"building:part\"=>\"yes\"", "place": null, "source_layer": "map — multipolygons", "type": null, "admin_level": null, "aeroway": null, "amenity": null, "boundary": null, "building": null, "craft": null, "geological": null, "historic": null, "land_area": null, "landuse": null, "leisure": null, "military": null, "natural": null, "office": null, "osm_way_id": "1355429664", "shop": null, "sport": null, "tourism": "attraction" }, "bbox": [ 7.0908027, 50.7243126, 7.0911727, 50.7244896 ], "geometry": { "type": "Polygon", "coordinates": [ [ [ 7.0908843, 50.7244501 ], [ 7.0908566, 50.7244643 ], [ 7.0908027, 50.7244223 ], [ 7.0910158, 50.7243126 ], [ 7.0911612, 50.7244269 ], [ 7.0911727, 50.7244355 ], [ 7.0911281, 50.7244584 ], [ 7.0910675, 50.7244896 ], [ 7.0909641, 50.724409 ], [ 7.0908843, 50.7244501 ] ] ] } },
{ "type": "Feature", "id": "map — multipolygons_1368399647", "properties": { "barrier": null, "man_made": null, "name": null, "osm_id": null, "other_tags": "\"parking_space\"=>\"disabled\"", "place": null, "source_layer": "map — multipolygons", "type": null, "admin_level": null, "aeroway": null, "amenity": "parking_space", "boundary": null, "building": null, "craft": null, "geological": null, "historic": null, "land_area": null, "landuse": null, "leisure": null, "military": null, "natural": null, "office": null, "osm_way_id": "1368399647", "shop": null, "sport": null, "tourism": null }, "bbox": [ 7.0908979, 50.7251574, 7.0909784, 50.7252163 ], "geometry": { "type": "Polygon", "coordinates": [ [ [ 7.0908979, 50.725168 ], [ 7.0909177, 50.7251574 ], [ 7.0909784, 50.725206 ], [ 7.0909577, 50.7252163 ], [ 7.0908979, 50.725168 ] ] ] } },
{ "type": "Feature", "id": "map — multipolygons_1368399648", "properties": { "barrier": null, "man_made": null, "name": null, "osm_id": null, "other_tags": "\"parking_space\"=>\"disabled\"", "place": null, "source_layer": "map — multipolygons", "type": null, "admin_level": null, "aeroway": null, "amenity": "parking_space", "boundary": null, "building": null, "craft": null, "geological": null, "historic": null, "land_area": null, "landuse": null, "leisure": null, "military": null, "natural": null, "office": null, "osm_way_id": "1368399648", "shop": null, "sport": null, "tourism": null }, "bbox": [ 7.0909577, 50.725206, 7.0910408, 50.7252666 ], "geometry": { "type": "Polygon", "coordinates": [ [ [ 7.0910201, 50.7252666 ], [ 7.0909577, 50.7252163 ], [ 7.0909784, 50.725206 ], [ 7.0910408, 50.7252559 ], [ 7.0910201, 50.7252666 ] ] ] } },
{ "type": "Feature", "id": "map — multipolygons_1450206150", "properties": { "barrier": null, "man_made": null, "name": null, "osm_id": null, "other_tags": null, "place": null, "source_layer": "map — multipolygons", "type": null, "admin_level": null, "aeroway": null, "amenity": null, "boundary": null, "building": null, "craft": null, "geological": null, "historic": null, "land_area": null, "landuse": null, "leisure": null, "military": null, "natural": "water", "office": null, "osm_way_id": "1450206150", "shop": null, "sport": null, "tourism": null }, "bbox": [ 7.0927367, 50.724526, 7.0927749, 50.7245501 ], "geometry": { "type": "Polygon", "coordinates": [ [ [ 7.0927749, 50.7245389 ], [ 7.0927538, 50.7245501 ], [ 7.0927367, 50.7245372 ], [ 7.0927577, 50.724526 ], [ 7.0927749, 50.7245389 ] ] ] } },
{ "type": "Feature", "id": "map — multipolygons_1482015534", "properties": { "barrier": null, "man_made": null, "name": null, "osm_id": null, "other_tags": "\"check_date\"=>\"2026-02-22\",\"construction\"=>\"residential\"", "place": null, "source_layer": "map — multipolygons", "type": null, "admin_level": null, "aeroway": null, "amenity": null, "boundary": null, "building": null, "craft": null, "geological": null, "historic": null, "land_area": null, "landuse": "construction", "leisure": null, "military": null, "natural": null, "office": null, "osm_way_id": "1482015534", "shop": null, "sport": null, "tourism": null }, "bbox": [ 7.0895702, 50.7245442, 7.0897003, 50.7247081 ], "geometry": { "type": "Polygon", "coordinates": [ [ [ 7.0895702, 50.7247081 ], [ 7.0895769, 50.7245442 ], [ 7.0897003, 50.7246409 ], [ 7.0895702, 50.7247081 ] ] ] } }
]
}
